[      82ms] [LOG] 🍍 "app" store installed 🆕 @ http://localhost:5173/node_modules/.vite/deps/pinia.js?v=01275b44:3788
[     346ms] [WARNING] [Vue warn]: Component provided template option but runtime compilation is not supported in this build of Vue. Configure your bundler to alias "vue" to "vue/dist/vue.esm-bundler.js". 
  at <Anonymous size=14 > 
  at <RepoCard key=557 repo= {id: 557, full_name: Hmbown/DeepSeek-TUI, owner: Hmbown, repo_name: DeepSeek-TUI, name_zh: null} style= {animationDelay: 0ms}  ... > 
  at <HomeView onVnodeUnmounted=fn<onVnodeUnmounted> ref=Ref< Proxy(Object) > > 
  at <RouterView > 
  at <App> @ http://localhost:5173/node_modules/.vite/deps/vue.runtime.esm-bundler-CMLZRQMs.js?v=b93762a9:1752
[     347ms] [WARNING] [Vue warn]: Component provided template option but runtime compilation is not supported in this build of Vue. Configure your bundler to alias "vue" to "vue/dist/vue.esm-bundler.js". 
  at <Anonymous size=14 > 
  at <RepoCard key=564 repo= {id: 564, full_name: mattpocock/skills, owner: mattpocock, repo_name: skills, name_zh: null} style= {animationDelay: 30ms}  ... > 
  at <HomeView onVnodeUnmounted=fn<onVnodeUnmounted> ref=Ref< Proxy(Object) > > 
  at <RouterView > 
  at <App> @ http://localhost:5173/node_modules/.vite/deps/vue.runtime.esm-bundler-CMLZRQMs.js?v=b93762a9:1752
[     348ms] [WARNING] [Vue warn]: Component provided template option but runtime compilation is not supported in this build of Vue. Configure your bundler to alias "vue" to "vue/dist/vue.esm-bundler.js". 
  at <Anonymous size=14 > 
  at <RepoCard key=132 repo= {id: 132, full_name: ruvnet/ruflo, owner: ruvnet, repo_name: ruflo, name_zh: null} style= {animationDelay: 60ms}  ... > 
  at <HomeView onVnodeUnmounted=fn<onVnodeUnmounted> ref=Ref< Proxy(Object) > > 
  at <RouterView > 
  at <App> @ http://localhost:5173/node_modules/.vite/deps/vue.runtime.esm-bundler-CMLZRQMs.js?v=b93762a9:1752
[     348ms] [WARNING] [Vue warn]: Component provided template option but runtime compilation is not supported in this build of Vue. Configure your bundler to alias "vue" to "vue/dist/vue.esm-bundler.js". 
  at <Anonymous size=14 > 
  at <RepoCard key=560 repo= {id: 560, full_name: addyosmani/agent-skills, owner: addyosmani, repo_name: agent-skills, name_zh: null} style= {animationDelay: 90ms}  ... > 
  at <HomeView onVnodeUnmounted=fn<onVnodeUnmounted> ref=Ref< Proxy(Object) > > 
  at <RouterView > 
  at <App> @ http://localhost:5173/node_modules/.vite/deps/vue.runtime.esm-bundler-CMLZRQMs.js?v=b93762a9:1752
[     349ms] [WARNING] [Vue warn]: Component provided template option but runtime compilation is not supported in this build of Vue. Configure your bundler to alias "vue" to "vue/dist/vue.esm-bundler.js". 
  at <Anonymous size=14 > 
  at <RepoCard key=24 repo= {id: 24, full_name: TauricResearch/TradingAgents, owner: TauricResearch, repo_name: TradingAgents, name_zh: null} style= {animationDelay: 120ms}  ... > 
  at <HomeView onVnodeUnmounted=fn<onVnodeUnmounted> ref=Ref< Proxy(Object) > > 
  at <RouterView > 
  at <App> @ http://localhost:5173/node_modules/.vite/deps/vue.runtime.esm-bundler-CMLZRQMs.js?v=b93762a9:1752
[     349ms] [WARNING] [Vue warn]: Component provided template option but runtime compilation is not supported in this build of Vue. Configure your bundler to alias "vue" to "vue/dist/vue.esm-bundler.js". 
  at <Anonymous size=14 > 
  at <RepoCard key=214 repo= {id: 214, full_name: AIDC-AI/Pixelle-Video, owner: AIDC-AI, repo_name: Pixelle-Video, name_zh: null} style= {animationDelay: 150ms}  ... > 
  at <HomeView onVnodeUnmounted=fn<onVnodeUnmounted> ref=Ref< Proxy(Object) > > 
  at <RouterView > 
  at <App> @ http://localhost:5173/node_modules/.vite/deps/vue.runtime.esm-bundler-CMLZRQMs.js?v=b93762a9:1752
[     350ms] [WARNING] [Vue warn]: Component provided template option but runtime compilation is not supported in this build of Vue. Configure your bundler to alias "vue" to "vue/dist/vue.esm-bundler.js". 
  at <Anonymous size=14 > 
  at <RepoCard key=117 repo= {id: 117, full_name: VectifyAI/PageIndex, owner: VectifyAI, repo_name: PageIndex, name_zh: null} style= {animationDelay: 180ms}  ... > 
  at <HomeView onVnodeUnmounted=fn<onVnodeUnmounted> ref=Ref< Proxy(Object) > > 
  at <RouterView > 
  at <App> @ http://localhost:5173/node_modules/.vite/deps/vue.runtime.esm-bundler-CMLZRQMs.js?v=b93762a9:1752
[     351ms] [WARNING] [Vue warn]: Component provided template option but runtime compilation is not supported in this build of Vue. Configure your bundler to alias "vue" to "vue/dist/vue.esm-bundler.js". 
  at <Anonymous size=14 > 
  at <RepoCard key=559 repo= {id: 559, full_name: virattt/dexter, owner: virattt, repo_name: dexter, name_zh: null} style= {animationDelay: 210ms}  ... > 
  at <HomeView onVnodeUnmounted=fn<onVnodeUnmounted> ref=Ref< Proxy(Object) > > 
  at <RouterView > 
  at <App> @ http://localhost:5173/node_modules/.vite/deps/vue.runtime.esm-bundler-CMLZRQMs.js?v=b93762a9:1752
[     351ms] [WARNING] [Vue warn]: Component provided template option but runtime compilation is not supported in this build of Vue. Configure your bundler to alias "vue" to "vue/dist/vue.esm-bundler.js". 
  at <Anonymous size=14 > 
  at <RepoCard key=129 repo= {id: 129, full_name: LearningCircuit/local-deep-research, owner: LearningCircuit, repo_name: local-deep-research, name_zh: null} style= {animationDelay: 240ms}  ... > 
  at <HomeView onVnodeUnmounted=fn<onVnodeUnmounted> ref=Ref< Proxy(Object) > > 
  at <RouterView > 
  at <App> @ http://localhost:5173/node_modules/.vite/deps/vue.runtime.esm-bundler-CMLZRQMs.js?v=b93762a9:1752
[     352ms] [WARNING] [Vue warn]: Component provided template option but runtime compilation is not supported in this build of Vue. Configure your bundler to alias "vue" to "vue/dist/vue.esm-bundler.js". 
  at <Anonymous size=14 > 
  at <RepoCard key=563 repo= {id: 563, full_name: 1jehuang/jcode, owner: 1jehuang, repo_name: jcode, name_zh: null} style= {animationDelay: 270ms}  ... > 
  at <HomeView onVnodeUnmounted=fn<onVnodeUnmounted> ref=Ref< Proxy(Object) > > 
  at <RouterView > 
  at <App> @ http://localhost:5173/node_modules/.vite/deps/vue.runtime.esm-bundler-CMLZRQMs.js?v=b93762a9:1752
[     352ms] [WARNING] [Vue warn]: Component provided template option but runtime compilation is not supported in this build of Vue. Configure your bundler to alias "vue" to "vue/dist/vue.esm-bundler.js". 
  at <Anonymous size=14 > 
  at <RepoCard key=339 repo= {id: 339, full_name: cocoindex-io/cocoindex, owner: cocoindex-io, repo_name: cocoindex, name_zh: null} style= {animationDelay: 300ms}  ... > 
  at <HomeView onVnodeUnmounted=fn<onVnodeUnmounted> ref=Ref< Proxy(Object) > > 
  at <RouterView > 
  at <App> @ http://localhost:5173/node_modules/.vite/deps/vue.runtime.esm-bundler-CMLZRQMs.js?v=b93762a9:1752
[     353ms] [WARNING] [Vue warn]: Component provided template option but runtime compilation is not supported in this build of Vue. Configure your bundler to alias "vue" to "vue/dist/vue.esm-bundler.js". 
  at <Anonymous size=14 > 
  at <RepoCard key=558 repo= {id: 558, full_name: bwya77/vscode-dark-islands, owner: bwya77, repo_name: vscode-dark-islands, name_zh: null} style= {animationDelay: 330ms}  ... > 
  at <HomeView onVnodeUnmounted=fn<onVnodeUnmounted> ref=Ref< Proxy(Object) > > 
  at <RouterView > 
  at <App> @ http://localhost:5173/node_modules/.vite/deps/vue.runtime.esm-bundler-CMLZRQMs.js?v=b93762a9:1752
[     353ms] [WARNING] [Vue warn]: Component provided template option but runtime compilation is not supported in this build of Vue. Configure your bundler to alias "vue" to "vue/dist/vue.esm-bundler.js". 
  at <Anonymous size=14 > 
  at <RepoCard key=9 repo= {id: 9, full_name: NousResearch/hermes-agent, owner: NousResearch, repo_name: hermes-agent, name_zh: null} style= {animationDelay: 360ms}  ... > 
  at <HomeView onVnodeUnmounted=fn<onVnodeUnmounted> ref=Ref< Proxy(Object) > > 
  at <RouterView > 
  at <App> @ http://localhost:5173/node_modules/.vite/deps/vue.runtime.esm-bundler-CMLZRQMs.js?v=b93762a9:1752
[     354ms] [WARNING] [Vue warn]: Component provided template option but runtime compilation is not supported in this build of Vue. Configure your bundler to alias "vue" to "vue/dist/vue.esm-bundler.js". 
  at <Anonymous size=14 > 
  at <RepoCard key=561 repo= {id: 561, full_name: InsForge/InsForge, owner: InsForge, repo_name: InsForge, name_zh: null} style= {animationDelay: 390ms}  ... > 
  at <HomeView onVnodeUnmounted=fn<onVnodeUnmounted> ref=Ref< Proxy(Object) > > 
  at <RouterView > 
  at <App> @ http://localhost:5173/node_modules/.vite/deps/vue.runtime.esm-bundler-CMLZRQMs.js?v=b93762a9:1752
[     354ms] [WARNING] [Vue warn]: Component provided template option but runtime compilation is not supported in this build of Vue. Configure your bundler to alias "vue" to "vue/dist/vue.esm-bundler.js". 
  at <Anonymous size=14 > 
  at <RepoCard key=1 repo= {id: 1, full_name: bytedance/UI-TARS-desktop, owner: bytedance, repo_name: UI-TARS-desktop, name_zh: null} style= {animationDelay: 420ms}  ... > 
  at <HomeView onVnodeUnmounted=fn<onVnodeUnmounted> ref=Ref< Proxy(Object) > > 
  at <RouterView > 
  at <App> @ http://localhost:5173/node_modules/.vite/deps/vue.runtime.esm-bundler-CMLZRQMs.js?v=b93762a9:1752
[     354ms] [WARNING] [Vue warn]: Component provided template option but runtime compilation is not supported in this build of Vue. Configure your bundler to alias "vue" to "vue/dist/vue.esm-bundler.js". 
  at <Anonymous size=14 > 
  at <RepoCard key=3 repo= {id: 3, full_name: decolua/9router, owner: decolua, repo_name: 9router, name_zh: null} style= {animationDelay: 450ms}  ... > 
  at <HomeView onVnodeUnmounted=fn<onVnodeUnmounted> ref=Ref< Proxy(Object) > > 
  at <RouterView > 
  at <App> @ http://localhost:5173/node_modules/.vite/deps/vue.runtime.esm-bundler-CMLZRQMs.js?v=b93762a9:1752
[     355ms] [WARNING] [Vue warn]: Component provided template option but runtime compilation is not supported in this build of Vue. Configure your bundler to alias "vue" to "vue/dist/vue.esm-bundler.js". 
  at <Anonymous size=14 > 
  at <RepoCard key=556 repo= {id: 556, full_name: datawhalechina/easy-vibe, owner: datawhalechina, repo_name: easy-vibe, name_zh: null} style= {animationDelay: 480ms}  ... > 
  at <HomeView onVnodeUnmounted=fn<onVnodeUnmounted> ref=Ref< Proxy(Object) > > 
  at <RouterView > 
  at <App> @ http://localhost:5173/node_modules/.vite/deps/vue.runtime.esm-bundler-CMLZRQMs.js?v=b93762a9:1752
[     355ms] [WARNING] [Vue warn]: Component provided template option but runtime compilation is not supported in this build of Vue. Configure your bundler to alias "vue" to "vue/dist/vue.esm-bundler.js". 
  at <Anonymous size=14 > 
  at <RepoCard key=562 repo= {id: 562, full_name: PriorLabs/TabPFN, owner: PriorLabs, repo_name: TabPFN, name_zh: null} style= {animationDelay: 510ms}  ... > 
  at <HomeView onVnodeUnmounted=fn<onVnodeUnmounted> ref=Ref< Proxy(Object) > > 
  at <RouterView > 
  at <App> @ http://localhost:5173/node_modules/.vite/deps/vue.runtime.esm-bundler-CMLZRQMs.js?v=b93762a9:1752
[     356ms] [WARNING] [Vue warn]: Component provided template option but runtime compilation is not supported in this build of Vue. Configure your bundler to alias "vue" to "vue/dist/vue.esm-bundler.js". 
  at <Anonymous size=14 > 
  at <RepoCard key=10 repo= {id: 10, full_name: rohitg00/agentmemory, owner: rohitg00, repo_name: agentmemory, name_zh: null} style= {animationDelay: 540ms}  ... > 
  at <HomeView onVnodeUnmounted=fn<onVnodeUnmounted> ref=Ref< Proxy(Object) > > 
  at <RouterView > 
  at <App> @ http://localhost:5173/node_modules/.vite/deps/vue.runtime.esm-bundler-CMLZRQMs.js?v=b93762a9:1752
[     356ms] [WARNING] [Vue warn]: Component provided template option but runtime compilation is not supported in this build of Vue. Configure your bundler to alias "vue" to "vue/dist/vue.esm-bundler.js". 
  at <Anonymous size=14 > 
  at <RepoCard key=4 repo= {id: 4, full_name: tinyhumansai/openhuman, owner: tinyhumansai, repo_name: openhuman, name_zh: null} style= {animationDelay: 570ms}  ... > 
  at <HomeView onVnodeUnmounted=fn<onVnodeUnmounted> ref=Ref< Proxy(Object) > > 
  at <RouterView > 
  at <App> @ http://localhost:5173/node_modules/.vite/deps/vue.runtime.esm-bundler-CMLZRQMs.js?v=b93762a9:1752
[   10730ms] [WARNING] [Vue warn]: Component provided template option but runtime compilation is not supported in this build of Vue. Configure your bundler to alias "vue" to "vue/dist/vue.esm-bundler.js". 
  at <Anonymous > 
  at <RepoDrawer key=0 repo-name="mattpocock/skills" onClose=fn > 
  at <HomeView onVnodeUnmounted=fn<onVnodeUnmounted> ref=Ref< Proxy(Object) > > 
  at <RouterView > 
  at <App> @ http://localhost:5173/node_modules/.vite/deps/vue.runtime.esm-bundler-CMLZRQMs.js?v=b93762a9:1752
[   44004ms] [WARNING] [Vue warn]: Component provided template option but runtime compilation is not supported in this build of Vue. Configure your bundler to alias "vue" to "vue/dist/vue.esm-bundler.js". 
  at <Anonymous > 
  at <RepoDrawer key=0 repo-name="Hmbown/DeepSeek-TUI" onClose=fn > 
  at <HomeView onVnodeUnmounted=fn<onVnodeUnmounted> ref=Ref< Proxy(Object) > > 
  at <RouterView > 
  at <App> @ http://localhost:5173/node_modules/.vite/deps/vue.runtime.esm-bundler-CMLZRQMs.js?v=b93762a9:1752
[   46639ms] [WARNING] [Vue warn]: Component provided template option but runtime compilation is not supported in this build of Vue. Configure your bundler to alias "vue" to "vue/dist/vue.esm-bundler.js". 
  at <Anonymous > 
  at <RepoDrawer key=0 repo-name="addyosmani/agent-skills" onClose=fn > 
  at <HomeView onVnodeUnmounted=fn<onVnodeUnmounted> ref=Ref< Proxy(Object) > > 
  at <RouterView > 
  at <App> @ http://localhost:5173/node_modules/.vite/deps/vue.runtime.esm-bundler-CMLZRQMs.js?v=b93762a9:1752
[  295891ms] [WARNING] [Vue warn]: Property "displayTags" was accessed during render but is not defined on instance. 
  at <RepoCard key=557 repo= {id: 557, full_name: Hmbown/DeepSeek-TUI, owner: Hmbown, repo_name: DeepSeek-TUI, name_zh: null} style= {animationDelay: 0ms}  ... > 
  at <HomeView onVnodeUnmounted=fn<onVnodeUnmounted> ref=Ref< Proxy(Object) > > 
  at <RouterView > 
  at <App> @ http://localhost:5173/node_modules/.vite/deps/vue.runtime.esm-bundler-CMLZRQMs.js?v=b93762a9:1752
[  295893ms] [WARNING] [Vue warn]: Property "displayTags" was accessed during render but is not defined on instance. 
  at <RepoCard key=564 repo= {id: 564, full_name: mattpocock/skills, owner: mattpocock, repo_name: skills, name_zh: null} style= {animationDelay: 30ms}  ... > 
  at <HomeView onVnodeUnmounted=fn<onVnodeUnmounted> ref=Ref< Proxy(Object) > > 
  at <RouterView > 
  at <App> @ http://localhost:5173/node_modules/.vite/deps/vue.runtime.esm-bundler-CMLZRQMs.js?v=b93762a9:1752
[  295893ms] [WARNING] [Vue warn]: Property "displayTags" was accessed during render but is not defined on instance. 
  at <RepoCard key=132 repo= {id: 132, full_name: ruvnet/ruflo, owner: ruvnet, repo_name: ruflo, name_zh: null} style= {animationDelay: 60ms}  ... > 
  at <HomeView onVnodeUnmounted=fn<onVnodeUnmounted> ref=Ref< Proxy(Object) > > 
  at <RouterView > 
  at <App> @ http://localhost:5173/node_modules/.vite/deps/vue.runtime.esm-bundler-CMLZRQMs.js?v=b93762a9:1752
[  295894ms] [WARNING] [Vue warn]: Property "displayTags" was accessed during render but is not defined on instance. 
  at <RepoCard key=560 repo= {id: 560, full_name: addyosmani/agent-skills, owner: addyosmani, repo_name: agent-skills, name_zh: null} style= {animationDelay: 90ms}  ... > 
  at <HomeView onVnodeUnmounted=fn<onVnodeUnmounted> ref=Ref< Proxy(Object) > > 
  at <RouterView > 
  at <App> @ http://localhost:5173/node_modules/.vite/deps/vue.runtime.esm-bundler-CMLZRQMs.js?v=b93762a9:1752
[  295894ms] [WARNING] [Vue warn]: Property "displayTags" was accessed during render but is not defined on instance. 
  at <RepoCard key=24 repo= {id: 24, full_name: TauricResearch/TradingAgents, owner: TauricResearch, repo_name: TradingAgents, name_zh: null} style= {animationDelay: 120ms}  ... > 
  at <HomeView onVnodeUnmounted=fn<onVnodeUnmounted> ref=Ref< Proxy(Object) > > 
  at <RouterView > 
  at <App> @ http://localhost:5173/node_modules/.vite/deps/vue.runtime.esm-bundler-CMLZRQMs.js?v=b93762a9:1752
[  295895ms] [WARNING] [Vue warn]: Property "displayTags" was accessed during render but is not defined on instance. 
  at <RepoCard key=214 repo= {id: 214, full_name: AIDC-AI/Pixelle-Video, owner: AIDC-AI, repo_name: Pixelle-Video, name_zh: null} style= {animationDelay: 150ms}  ... > 
  at <HomeView onVnodeUnmounted=fn<onVnodeUnmounted> ref=Ref< Proxy(Object) > > 
  at <RouterView > 
  at <App> @ http://localhost:5173/node_modules/.vite/deps/vue.runtime.esm-bundler-CMLZRQMs.js?v=b93762a9:1752
[  295895ms] [WARNING] [Vue warn]: Property "displayTags" was accessed during render but is not defined on instance. 
  at <RepoCard key=117 repo= {id: 117, full_name: VectifyAI/PageIndex, owner: VectifyAI, repo_name: PageIndex, name_zh: null} style= {animationDelay: 180ms}  ... > 
  at <HomeView onVnodeUnmounted=fn<onVnodeUnmounted> ref=Ref< Proxy(Object) > > 
  at <RouterView > 
  at <App> @ http://localhost:5173/node_modules/.vite/deps/vue.runtime.esm-bundler-CMLZRQMs.js?v=b93762a9:1752
[  295896ms] [WARNING] [Vue warn]: Property "displayTags" was accessed during render but is not defined on instance. 
  at <RepoCard key=559 repo= {id: 559, full_name: virattt/dexter, owner: virattt, repo_name: dexter, name_zh: null} style= {animationDelay: 210ms}  ... > 
  at <HomeView onVnodeUnmounted=fn<onVnodeUnmounted> ref=Ref< Proxy(Object) > > 
  at <RouterView > 
  at <App> @ http://localhost:5173/node_modules/.vite/deps/vue.runtime.esm-bundler-CMLZRQMs.js?v=b93762a9:1752
[  295898ms] [WARNING] [Vue warn]: Property "displayTags" was accessed during render but is not defined on instance. 
  at <RepoCard key=129 repo= {id: 129, full_name: LearningCircuit/local-deep-research, owner: LearningCircuit, repo_name: local-deep-research, name_zh: null} style= {animationDelay: 240ms}  ... > 
  at <HomeView onVnodeUnmounted=fn<onVnodeUnmounted> ref=Ref< Proxy(Object) > > 
  at <RouterView > 
  at <App> @ http://localhost:5173/node_modules/.vite/deps/vue.runtime.esm-bundler-CMLZRQMs.js?v=b93762a9:1752
[  295899ms] [WARNING] [Vue warn]: Property "displayTags" was accessed during render but is not defined on instance. 
  at <RepoCard key=563 repo= {id: 563, full_name: 1jehuang/jcode, owner: 1jehuang, repo_name: jcode, name_zh: null} style= {animationDelay: 270ms}  ... > 
  at <HomeView onVnodeUnmounted=fn<onVnodeUnmounted> ref=Ref< Proxy(Object) > > 
  at <RouterView > 
  at <App> @ http://localhost:5173/node_modules/.vite/deps/vue.runtime.esm-bundler-CMLZRQMs.js?v=b93762a9:1752
[  295899ms] [WARNING] [Vue warn]: Property "displayTags" was accessed during render but is not defined on instance. 
  at <RepoCard key=339 repo= {id: 339, full_name: cocoindex-io/cocoindex, owner: cocoindex-io, repo_name: cocoindex, name_zh: null} style= {animationDelay: 300ms}  ... > 
  at <HomeView onVnodeUnmounted=fn<onVnodeUnmounted> ref=Ref< Proxy(Object) > > 
  at <RouterView > 
  at <App> @ http://localhost:5173/node_modules/.vite/deps/vue.runtime.esm-bundler-CMLZRQMs.js?v=b93762a9:1752
[  295900ms] [WARNING] [Vue warn]: Property "displayTags" was accessed during render but is not defined on instance. 
  at <RepoCard key=558 repo= {id: 558, full_name: bwya77/vscode-dark-islands, owner: bwya77, repo_name: vscode-dark-islands, name_zh: null} style= {animationDelay: 330ms}  ... > 
  at <HomeView onVnodeUnmounted=fn<onVnodeUnmounted> ref=Ref< Proxy(Object) > > 
  at <RouterView > 
  at <App> @ http://localhost:5173/node_modules/.vite/deps/vue.runtime.esm-bundler-CMLZRQMs.js?v=b93762a9:1752
[  295901ms] [WARNING] [Vue warn]: Property "displayTags" was accessed during render but is not defined on instance. 
  at <RepoCard key=9 repo= {id: 9, full_name: NousResearch/hermes-agent, owner: NousResearch, repo_name: hermes-agent, name_zh: null} style= {animationDelay: 360ms}  ... > 
  at <HomeView onVnodeUnmounted=fn<onVnodeUnmounted> ref=Ref< Proxy(Object) > > 
  at <RouterView > 
  at <App> @ http://localhost:5173/node_modules/.vite/deps/vue.runtime.esm-bundler-CMLZRQMs.js?v=b93762a9:1752
[  295901ms] [WARNING] [Vue warn]: Property "displayTags" was accessed during render but is not defined on instance. 
  at <RepoCard key=561 repo= {id: 561, full_name: InsForge/InsForge, owner: InsForge, repo_name: InsForge, name_zh: null} style= {animationDelay: 390ms}  ... > 
  at <HomeView onVnodeUnmounted=fn<onVnodeUnmounted> ref=Ref< Proxy(Object) > > 
  at <RouterView > 
  at <App> @ http://localhost:5173/node_modules/.vite/deps/vue.runtime.esm-bundler-CMLZRQMs.js?v=b93762a9:1752
[  295902ms] [WARNING] [Vue warn]: Property "displayTags" was accessed during render but is not defined on instance. 
  at <RepoCard key=1 repo= {id: 1, full_name: bytedance/UI-TARS-desktop, owner: bytedance, repo_name: UI-TARS-desktop, name_zh: null} style= {animationDelay: 420ms}  ... > 
  at <HomeView onVnodeUnmounted=fn<onVnodeUnmounted> ref=Ref< Proxy(Object) > > 
  at <RouterView > 
  at <App> @ http://localhost:5173/node_modules/.vite/deps/vue.runtime.esm-bundler-CMLZRQMs.js?v=b93762a9:1752
[  295903ms] [WARNING] [Vue warn]: Property "displayTags" was accessed during render but is not defined on instance. 
  at <RepoCard key=3 repo= {id: 3, full_name: decolua/9router, owner: decolua, repo_name: 9router, name_zh: null} style= {animationDelay: 450ms}  ... > 
  at <HomeView onVnodeUnmounted=fn<onVnodeUnmounted> ref=Ref< Proxy(Object) > > 
  at <RouterView > 
  at <App> @ http://localhost:5173/node_modules/.vite/deps/vue.runtime.esm-bundler-CMLZRQMs.js?v=b93762a9:1752
[  295904ms] [WARNING] [Vue warn]: Property "displayTags" was accessed during render but is not defined on instance. 
  at <RepoCard key=556 repo= {id: 556, full_name: datawhalechina/easy-vibe, owner: datawhalechina, repo_name: easy-vibe, name_zh: null} style= {animationDelay: 480ms}  ... > 
  at <HomeView onVnodeUnmounted=fn<onVnodeUnmounted> ref=Ref< Proxy(Object) > > 
  at <RouterView > 
  at <App> @ http://localhost:5173/node_modules/.vite/deps/vue.runtime.esm-bundler-CMLZRQMs.js?v=b93762a9:1752
[  295904ms] [WARNING] [Vue warn]: Property "displayTags" was accessed during render but is not defined on instance. 
  at <RepoCard key=562 repo= {id: 562, full_name: PriorLabs/TabPFN, owner: PriorLabs, repo_name: TabPFN, name_zh: null} style= {animationDelay: 510ms}  ... > 
  at <HomeView onVnodeUnmounted=fn<onVnodeUnmounted> ref=Ref< Proxy(Object) > > 
  at <RouterView > 
  at <App> @ http://localhost:5173/node_modules/.vite/deps/vue.runtime.esm-bundler-CMLZRQMs.js?v=b93762a9:1752
[  295905ms] [WARNING] [Vue warn]: Property "displayTags" was accessed during render but is not defined on instance. 
  at <RepoCard key=10 repo= {id: 10, full_name: rohitg00/agentmemory, owner: rohitg00, repo_name: agentmemory, name_zh: null} style= {animationDelay: 540ms}  ... > 
  at <HomeView onVnodeUnmounted=fn<onVnodeUnmounted> ref=Ref< Proxy(Object) > > 
  at <RouterView > 
  at <App> @ http://localhost:5173/node_modules/.vite/deps/vue.runtime.esm-bundler-CMLZRQMs.js?v=b93762a9:1752
[  295905ms] [WARNING] [Vue warn]: Property "displayTags" was accessed during render but is not defined on instance. 
  at <RepoCard key=4 repo= {id: 4, full_name: tinyhumansai/openhuman, owner: tinyhumansai, repo_name: openhuman, name_zh: null} style= {animationDelay: 570ms}  ... > 
  at <HomeView onVnodeUnmounted=fn<onVnodeUnmounted> ref=Ref< Proxy(Object) > > 
  at <RouterView > 
  at <App> @ http://localhost:5173/node_modules/.vite/deps/vue.runtime.esm-bundler-CMLZRQMs.js?v=b93762a9:1752
[  332735ms] [WARNING] [Vue warn]: Failed to resolve component: GithubIcon
If this is a native custom element, make sure to exclude it from component resolution via compilerOptions.isCustomElement. 
  at <RepoCard key=557 repo= {id: 557, full_name: Hmbown/DeepSeek-TUI, owner: Hmbown, repo_name: DeepSeek-TUI, name_zh: null} style= {animationDelay: 0ms}  ... > 
  at <HomeView onVnodeUnmounted=fn<onVnodeUnmounted> ref=Ref< Proxy(Object) > > 
  at <RouterView > 
  at <App> @ http://localhost:5173/node_modules/.vite/deps/vue.runtime.esm-bundler-CMLZRQMs.js?v=b93762a9:1752
[  332736ms] [WARNING] [Vue warn]: Failed to resolve component: GithubIcon
If this is a native custom element, make sure to exclude it from component resolution via compilerOptions.isCustomElement. 
  at <RepoCard key=564 repo= {id: 564, full_name: mattpocock/skills, owner: mattpocock, repo_name: skills, name_zh: null} style= {animationDelay: 30ms}  ... > 
  at <HomeView onVnodeUnmounted=fn<onVnodeUnmounted> ref=Ref< Proxy(Object) > > 
  at <RouterView > 
  at <App> @ http://localhost:5173/node_modules/.vite/deps/vue.runtime.esm-bundler-CMLZRQMs.js?v=b93762a9:1752
[  332737ms] [WARNING] [Vue warn]: Failed to resolve component: GithubIcon
If this is a native custom element, make sure to exclude it from component resolution via compilerOptions.isCustomElement. 
  at <RepoCard key=132 repo= {id: 132, full_name: ruvnet/ruflo, owner: ruvnet, repo_name: ruflo, name_zh: null} style= {animationDelay: 60ms}  ... > 
  at <HomeView onVnodeUnmounted=fn<onVnodeUnmounted> ref=Ref< Proxy(Object) > > 
  at <RouterView > 
  at <App> @ http://localhost:5173/node_modules/.vite/deps/vue.runtime.esm-bundler-CMLZRQMs.js?v=b93762a9:1752
[  332738ms] [WARNING] [Vue warn]: Failed to resolve component: GithubIcon
If this is a native custom element, make sure to exclude it from component resolution via compilerOptions.isCustomElement. 
  at <RepoCard key=560 repo= {id: 560, full_name: addyosmani/agent-skills, owner: addyosmani, repo_name: agent-skills, name_zh: null} style= {animationDelay: 90ms}  ... > 
  at <HomeView onVnodeUnmounted=fn<onVnodeUnmounted> ref=Ref< Proxy(Object) > > 
  at <RouterView > 
  at <App> @ http://localhost:5173/node_modules/.vite/deps/vue.runtime.esm-bundler-CMLZRQMs.js?v=b93762a9:1752
[  332739ms] [WARNING] [Vue warn]: Failed to resolve component: GithubIcon
If this is a native custom element, make sure to exclude it from component resolution via compilerOptions.isCustomElement. 
  at <RepoCard key=24 repo= {id: 24, full_name: TauricResearch/TradingAgents, owner: TauricResearch, repo_name: TradingAgents, name_zh: null} style= {animationDelay: 120ms}  ... > 
  at <HomeView onVnodeUnmounted=fn<onVnodeUnmounted> ref=Ref< Proxy(Object) > > 
  at <RouterView > 
  at <App> @ http://localhost:5173/node_modules/.vite/deps/vue.runtime.esm-bundler-CMLZRQMs.js?v=b93762a9:1752
[  332740ms] [WARNING] [Vue warn]: Failed to resolve component: GithubIcon
If this is a native custom element, make sure to exclude it from component resolution via compilerOptions.isCustomElement. 
  at <RepoCard key=214 repo= {id: 214, full_name: AIDC-AI/Pixelle-Video, owner: AIDC-AI, repo_name: Pixelle-Video, name_zh: null} style= {animationDelay: 150ms}  ... > 
  at <HomeView onVnodeUnmounted=fn<onVnodeUnmounted> ref=Ref< Proxy(Object) > > 
  at <RouterView > 
  at <App> @ http://localhost:5173/node_modules/.vite/deps/vue.runtime.esm-bundler-CMLZRQMs.js?v=b93762a9:1752
[  332741ms] [WARNING] [Vue warn]: Failed to resolve component: GithubIcon
If this is a native custom element, make sure to exclude it from component resolution via compilerOptions.isCustomElement. 
  at <RepoCard key=117 repo= {id: 117, full_name: VectifyAI/PageIndex, owner: VectifyAI, repo_name: PageIndex, name_zh: null} style= {animationDelay: 180ms}  ... > 
  at <HomeView onVnodeUnmounted=fn<onVnodeUnmounted> ref=Ref< Proxy(Object) > > 
  at <RouterView > 
  at <App> @ http://localhost:5173/node_modules/.vite/deps/vue.runtime.esm-bundler-CMLZRQMs.js?v=b93762a9:1752
[  332743ms] [WARNING] [Vue warn]: Failed to resolve component: GithubIcon
If this is a native custom element, make sure to exclude it from component resolution via compilerOptions.isCustomElement. 
  at <RepoCard key=559 repo= {id: 559, full_name: virattt/dexter, owner: virattt, repo_name: dexter, name_zh: null} style= {animationDelay: 210ms}  ... > 
  at <HomeView onVnodeUnmounted=fn<onVnodeUnmounted> ref=Ref< Proxy(Object) > > 
  at <RouterView > 
  at <App> @ http://localhost:5173/node_modules/.vite/deps/vue.runtime.esm-bundler-CMLZRQMs.js?v=b93762a9:1752
[  332744ms] [WARNING] [Vue warn]: Failed to resolve component: GithubIcon
If this is a native custom element, make sure to exclude it from component resolution via compilerOptions.isCustomElement. 
  at <RepoCard key=129 repo= {id: 129, full_name: LearningCircuit/local-deep-research, owner: LearningCircuit, repo_name: local-deep-research, name_zh: null} style= {animationDelay: 240ms}  ... > 
  at <HomeView onVnodeUnmounted=fn<onVnodeUnmounted> ref=Ref< Proxy(Object) > > 
  at <RouterView > 
  at <App> @ http://localhost:5173/node_modules/.vite/deps/vue.runtime.esm-bundler-CMLZRQMs.js?v=b93762a9:1752
[  332745ms] [WARNING] [Vue warn]: Failed to resolve component: GithubIcon
If this is a native custom element, make sure to exclude it from component resolution via compilerOptions.isCustomElement. 
  at <RepoCard key=563 repo= {id: 563, full_name: 1jehuang/jcode, owner: 1jehuang, repo_name: jcode, name_zh: null} style= {animationDelay: 270ms}  ... > 
  at <HomeView onVnodeUnmounted=fn<onVnodeUnmounted> ref=Ref< Proxy(Object) > > 
  at <RouterView > 
  at <App> @ http://localhost:5173/node_modules/.vite/deps/vue.runtime.esm-bundler-CMLZRQMs.js?v=b93762a9:1752
[  332746ms] [WARNING] [Vue warn]: Failed to resolve component: GithubIcon
If this is a native custom element, make sure to exclude it from component resolution via compilerOptions.isCustomElement. 
  at <RepoCard key=339 repo= {id: 339, full_name: cocoindex-io/cocoindex, owner: cocoindex-io, repo_name: cocoindex, name_zh: null} style= {animationDelay: 300ms}  ... > 
  at <HomeView onVnodeUnmounted=fn<onVnodeUnmounted> ref=Ref< Proxy(Object) > > 
  at <RouterView > 
  at <App> @ http://localhost:5173/node_modules/.vite/deps/vue.runtime.esm-bundler-CMLZRQMs.js?v=b93762a9:1752
[  332746ms] [WARNING] [Vue warn]: Failed to resolve component: GithubIcon
If this is a native custom element, make sure to exclude it from component resolution via compilerOptions.isCustomElement. 
  at <RepoCard key=558 repo= {id: 558, full_name: bwya77/vscode-dark-islands, owner: bwya77, repo_name: vscode-dark-islands, name_zh: null} style= {animationDelay: 330ms}  ... > 
  at <HomeView onVnodeUnmounted=fn<onVnodeUnmounted> ref=Ref< Proxy(Object) > > 
  at <RouterView > 
  at <App> @ http://localhost:5173/node_modules/.vite/deps/vue.runtime.esm-bundler-CMLZRQMs.js?v=b93762a9:1752
[  332747ms] [WARNING] [Vue warn]: Failed to resolve component: GithubIcon
If this is a native custom element, make sure to exclude it from component resolution via compilerOptions.isCustomElement. 
  at <RepoCard key=9 repo= {id: 9, full_name: NousResearch/hermes-agent, owner: NousResearch, repo_name: hermes-agent, name_zh: null} style= {animationDelay: 360ms}  ... > 
  at <HomeView onVnodeUnmounted=fn<onVnodeUnmounted> ref=Ref< Proxy(Object) > > 
  at <RouterView > 
  at <App> @ http://localhost:5173/node_modules/.vite/deps/vue.runtime.esm-bundler-CMLZRQMs.js?v=b93762a9:1752
[  332748ms] [WARNING] [Vue warn]: Failed to resolve component: GithubIcon
If this is a native custom element, make sure to exclude it from component resolution via compilerOptions.isCustomElement. 
  at <RepoCard key=561 repo= {id: 561, full_name: InsForge/InsForge, owner: InsForge, repo_name: InsForge, name_zh: null} style= {animationDelay: 390ms}  ... > 
  at <HomeView onVnodeUnmounted=fn<onVnodeUnmounted> ref=Ref< Proxy(Object) > > 
  at <RouterView > 
  at <App> @ http://localhost:5173/node_modules/.vite/deps/vue.runtime.esm-bundler-CMLZRQMs.js?v=b93762a9:1752
[  332749ms] [WARNING] [Vue warn]: Failed to resolve component: GithubIcon
If this is a native custom element, make sure to exclude it from component resolution via compilerOptions.isCustomElement. 
  at <RepoCard key=1 repo= {id: 1, full_name: bytedance/UI-TARS-desktop, owner: bytedance, repo_name: UI-TARS-desktop, name_zh: null} style= {animationDelay: 420ms}  ... > 
  at <HomeView onVnodeUnmounted=fn<onVnodeUnmounted> ref=Ref< Proxy(Object) > > 
  at <RouterView > 
  at <App> @ http://localhost:5173/node_modules/.vite/deps/vue.runtime.esm-bundler-CMLZRQMs.js?v=b93762a9:1752
[  332751ms] [WARNING] [Vue warn]: Failed to resolve component: GithubIcon
If this is a native custom element, make sure to exclude it from component resolution via compilerOptions.isCustomElement. 
  at <RepoCard key=3 repo= {id: 3, full_name: decolua/9router, owner: decolua, repo_name: 9router, name_zh: null} style= {animationDelay: 450ms}  ... > 
  at <HomeView onVnodeUnmounted=fn<onVnodeUnmounted> ref=Ref< Proxy(Object) > > 
  at <RouterView > 
  at <App> @ http://localhost:5173/node_modules/.vite/deps/vue.runtime.esm-bundler-CMLZRQMs.js?v=b93762a9:1752
[  332751ms] [WARNING] [Vue warn]: Failed to resolve component: GithubIcon
If this is a native custom element, make sure to exclude it from component resolution via compilerOptions.isCustomElement. 
  at <RepoCard key=556 repo= {id: 556, full_name: datawhalechina/easy-vibe, owner: datawhalechina, repo_name: easy-vibe, name_zh: null} style= {animationDelay: 480ms}  ... > 
  at <HomeView onVnodeUnmounted=fn<onVnodeUnmounted> ref=Ref< Proxy(Object) > > 
  at <RouterView > 
  at <App> @ http://localhost:5173/node_modules/.vite/deps/vue.runtime.esm-bundler-CMLZRQMs.js?v=b93762a9:1752
[  332753ms] [WARNING] [Vue warn]: Failed to resolve component: GithubIcon
If this is a native custom element, make sure to exclude it from component resolution via compilerOptions.isCustomElement. 
  at <RepoCard key=562 repo= {id: 562, full_name: PriorLabs/TabPFN, owner: PriorLabs, repo_name: TabPFN, name_zh: null} style= {animationDelay: 510ms}  ... > 
  at <HomeView onVnodeUnmounted=fn<onVnodeUnmounted> ref=Ref< Proxy(Object) > > 
  at <RouterView > 
  at <App> @ http://localhost:5173/node_modules/.vite/deps/vue.runtime.esm-bundler-CMLZRQMs.js?v=b93762a9:1752
[  332754ms] [WARNING] [Vue warn]: Failed to resolve component: GithubIcon
If this is a native custom element, make sure to exclude it from component resolution via compilerOptions.isCustomElement. 
  at <RepoCard key=10 repo= {id: 10, full_name: rohitg00/agentmemory, owner: rohitg00, repo_name: agentmemory, name_zh: null} style= {animationDelay: 540ms}  ... > 
  at <HomeView onVnodeUnmounted=fn<onVnodeUnmounted> ref=Ref< Proxy(Object) > > 
  at <RouterView > 
  at <App> @ http://localhost:5173/node_modules/.vite/deps/vue.runtime.esm-bundler-CMLZRQMs.js?v=b93762a9:1752
[  332755ms] [WARNING] [Vue warn]: Failed to resolve component: GithubIcon
If this is a native custom element, make sure to exclude it from component resolution via compilerOptions.isCustomElement. 
  at <RepoCard key=4 repo= {id: 4, full_name: tinyhumansai/openhuman, owner: tinyhumansai, repo_name: openhuman, name_zh: null} style= {animationDelay: 570ms}  ... > 
  at <HomeView onVnodeUnmounted=fn<onVnodeUnmounted> ref=Ref< Proxy(Object) > > 
  at <RouterView > 
  at <App> @ http://localhost:5173/node_modules/.vite/deps/vue.runtime.esm-bundler-CMLZRQMs.js?v=b93762a9:1752
[  344050ms] [WARNING] [Vue warn]: Component provided template option but runtime compilation is not supported in this build of Vue. Configure your bundler to alias "vue" to "vue/dist/vue.esm-bundler.js". 
  at <Anonymous size=14 > 
  at <RepoCard key=557 repo= {id: 557, full_name: Hmbown/DeepSeek-TUI, owner: Hmbown, repo_name: DeepSeek-TUI, name_zh: null} style= {animationDelay: 0ms}  ... > 
  at <HomeView onVnodeUnmounted=fn<onVnodeUnmounted> ref=Ref< Proxy(Object) > > 
  at <RouterView > 
  at <App> @ http://localhost:5173/node_modules/.vite/deps/vue.runtime.esm-bundler-CMLZRQMs.js?v=b93762a9:1752
[  344052ms] [WARNING] [Vue warn]: Component provided template option but runtime compilation is not supported in this build of Vue. Configure your bundler to alias "vue" to "vue/dist/vue.esm-bundler.js". 
  at <Anonymous size=14 > 
  at <RepoCard key=564 repo= {id: 564, full_name: mattpocock/skills, owner: mattpocock, repo_name: skills, name_zh: null} style= {animationDelay: 30ms}  ... > 
  at <HomeView onVnodeUnmounted=fn<onVnodeUnmounted> ref=Ref< Proxy(Object) > > 
  at <RouterView > 
  at <App> @ http://localhost:5173/node_modules/.vite/deps/vue.runtime.esm-bundler-CMLZRQMs.js?v=b93762a9:1752
[  344054ms] [WARNING] [Vue warn]: Component provided template option but runtime compilation is not supported in this build of Vue. Configure your bundler to alias "vue" to "vue/dist/vue.esm-bundler.js". 
  at <Anonymous size=14 > 
  at <RepoCard key=132 repo= {id: 132, full_name: ruvnet/ruflo, owner: ruvnet, repo_name: ruflo, name_zh: null} style= {animationDelay: 60ms}  ... > 
  at <HomeView onVnodeUnmounted=fn<onVnodeUnmounted> ref=Ref< Proxy(Object) > > 
  at <RouterView > 
  at <App> @ http://localhost:5173/node_modules/.vite/deps/vue.runtime.esm-bundler-CMLZRQMs.js?v=b93762a9:1752
[  344056ms] [WARNING] [Vue warn]: Component provided template option but runtime compilation is not supported in this build of Vue. Configure your bundler to alias "vue" to "vue/dist/vue.esm-bundler.js". 
  at <Anonymous size=14 > 
  at <RepoCard key=560 repo= {id: 560, full_name: addyosmani/agent-skills, owner: addyosmani, repo_name: agent-skills, name_zh: null} style= {animationDelay: 90ms}  ... > 
  at <HomeView onVnodeUnmounted=fn<onVnodeUnmounted> ref=Ref< Proxy(Object) > > 
  at <RouterView > 
  at <App> @ http://localhost:5173/node_modules/.vite/deps/vue.runtime.esm-bundler-CMLZRQMs.js?v=b93762a9:1752
[  344057ms] [WARNING] [Vue warn]: Component provided template option but runtime compilation is not supported in this build of Vue. Configure your bundler to alias "vue" to "vue/dist/vue.esm-bundler.js". 
  at <Anonymous size=14 > 
  at <RepoCard key=24 repo= {id: 24, full_name: TauricResearch/TradingAgents, owner: TauricResearch, repo_name: TradingAgents, name_zh: null} style= {animationDelay: 120ms}  ... > 
  at <HomeView onVnodeUnmounted=fn<onVnodeUnmounted> ref=Ref< Proxy(Object) > > 
  at <RouterView > 
  at <App> @ http://localhost:5173/node_modules/.vite/deps/vue.runtime.esm-bundler-CMLZRQMs.js?v=b93762a9:1752
[  344058ms] [WARNING] [Vue warn]: Component provided template option but runtime compilation is not supported in this build of Vue. Configure your bundler to alias "vue" to "vue/dist/vue.esm-bundler.js". 
  at <Anonymous size=14 > 
  at <RepoCard key=214 repo= {id: 214, full_name: AIDC-AI/Pixelle-Video, owner: AIDC-AI, repo_name: Pixelle-Video, name_zh: null} style= {animationDelay: 150ms}  ... > 
  at <HomeView onVnodeUnmounted=fn<onVnodeUnmounted> ref=Ref< Proxy(Object) > > 
  at <RouterView > 
  at <App> @ http://localhost:5173/node_modules/.vite/deps/vue.runtime.esm-bundler-CMLZRQMs.js?v=b93762a9:1752
[  344060ms] [WARNING] [Vue warn]: Component provided template option but runtime compilation is not supported in this build of Vue. Configure your bundler to alias "vue" to "vue/dist/vue.esm-bundler.js". 
  at <Anonymous size=14 > 
  at <RepoCard key=117 repo= {id: 117, full_name: VectifyAI/PageIndex, owner: VectifyAI, repo_name: PageIndex, name_zh: null} style= {animationDelay: 180ms}  ... > 
  at <HomeView onVnodeUnmounted=fn<onVnodeUnmounted> ref=Ref< Proxy(Object) > > 
  at <RouterView > 
  at <App> @ http://localhost:5173/node_modules/.vite/deps/vue.runtime.esm-bundler-CMLZRQMs.js?v=b93762a9:1752
[  344061ms] [WARNING] [Vue warn]: Component provided template option but runtime compilation is not supported in this build of Vue. Configure your bundler to alias "vue" to "vue/dist/vue.esm-bundler.js". 
  at <Anonymous size=14 > 
  at <RepoCard key=559 repo= {id: 559, full_name: virattt/dexter, owner: virattt, repo_name: dexter, name_zh: null} style= {animationDelay: 210ms}  ... > 
  at <HomeView onVnodeUnmounted=fn<onVnodeUnmounted> ref=Ref< Proxy(Object) > > 
  at <RouterView > 
  at <App> @ http://localhost:5173/node_modules/.vite/deps/vue.runtime.esm-bundler-CMLZRQMs.js?v=b93762a9:1752
[  344063ms] [WARNING] [Vue warn]: Component provided template option but runtime compilation is not supported in this build of Vue. Configure your bundler to alias "vue" to "vue/dist/vue.esm-bundler.js". 
  at <Anonymous size=14 > 
  at <RepoCard key=129 repo= {id: 129, full_name: LearningCircuit/local-deep-research, owner: LearningCircuit, repo_name: local-deep-research, name_zh: null} style= {animationDelay: 240ms}  ... > 
  at <HomeView onVnodeUnmounted=fn<onVnodeUnmounted> ref=Ref< Proxy(Object) > > 
  at <RouterView > 
  at <App> @ http://localhost:5173/node_modules/.vite/deps/vue.runtime.esm-bundler-CMLZRQMs.js?v=b93762a9:1752
[  344064ms] [WARNING] [Vue warn]: Component provided template option but runtime compilation is not supported in this build of Vue. Configure your bundler to alias "vue" to "vue/dist/vue.esm-bundler.js". 
  at <Anonymous size=14 > 
  at <RepoCard key=563 repo= {id: 563, full_name: 1jehuang/jcode, owner: 1jehuang, repo_name: jcode, name_zh: null} style= {animationDelay: 270ms}  ... > 
  at <HomeView onVnodeUnmounted=fn<onVnodeUnmounted> ref=Ref< Proxy(Object) > > 
  at <RouterView > 
  at <App> @ http://localhost:5173/node_modules/.vite/deps/vue.runtime.esm-bundler-CMLZRQMs.js?v=b93762a9:1752
[  344065ms] [WARNING] [Vue warn]: Component provided template option but runtime compilation is not supported in this build of Vue. Configure your bundler to alias "vue" to "vue/dist/vue.esm-bundler.js". 
  at <Anonymous size=14 > 
  at <RepoCard key=339 repo= {id: 339, full_name: cocoindex-io/cocoindex, owner: cocoindex-io, repo_name: cocoindex, name_zh: null} style= {animationDelay: 300ms}  ... > 
  at <HomeView onVnodeUnmounted=fn<onVnodeUnmounted> ref=Ref< Proxy(Object) > > 
  at <RouterView > 
  at <App> @ http://localhost:5173/node_modules/.vite/deps/vue.runtime.esm-bundler-CMLZRQMs.js?v=b93762a9:1752
[  344067ms] [WARNING] [Vue warn]: Component provided template option but runtime compilation is not supported in this build of Vue. Configure your bundler to alias "vue" to "vue/dist/vue.esm-bundler.js". 
  at <Anonymous size=14 > 
  at <RepoCard key=558 repo= {id: 558, full_name: bwya77/vscode-dark-islands, owner: bwya77, repo_name: vscode-dark-islands, name_zh: null} style= {animationDelay: 330ms}  ... > 
  at <HomeView onVnodeUnmounted=fn<onVnodeUnmounted> ref=Ref< Proxy(Object) > > 
  at <RouterView > 
  at <App> @ http://localhost:5173/node_modules/.vite/deps/vue.runtime.esm-bundler-CMLZRQMs.js?v=b93762a9:1752
[  344068ms] [WARNING] [Vue warn]: Component provided template option but runtime compilation is not supported in this build of Vue. Configure your bundler to alias "vue" to "vue/dist/vue.esm-bundler.js". 
  at <Anonymous size=14 > 
  at <RepoCard key=9 repo= {id: 9, full_name: NousResearch/hermes-agent, owner: NousResearch, repo_name: hermes-agent, name_zh: null} style= {animationDelay: 360ms}  ... > 
  at <HomeView onVnodeUnmounted=fn<onVnodeUnmounted> ref=Ref< Proxy(Object) > > 
  at <RouterView > 
  at <App> @ http://localhost:5173/node_modules/.vite/deps/vue.runtime.esm-bundler-CMLZRQMs.js?v=b93762a9:1752
[  344069ms] [WARNING] [Vue warn]: Component provided template option but runtime compilation is not supported in this build of Vue. Configure your bundler to alias "vue" to "vue/dist/vue.esm-bundler.js". 
  at <Anonymous size=14 > 
  at <RepoCard key=561 repo= {id: 561, full_name: InsForge/InsForge, owner: InsForge, repo_name: InsForge, name_zh: null} style= {animationDelay: 390ms}  ... > 
  at <HomeView onVnodeUnmounted=fn<onVnodeUnmounted> ref=Ref< Proxy(Object) > > 
  at <RouterView > 
  at <App> @ http://localhost:5173/node_modules/.vite/deps/vue.runtime.esm-bundler-CMLZRQMs.js?v=b93762a9:1752
[  344072ms] [WARNING] [Vue warn]: Component provided template option but runtime compilation is not supported in this build of Vue. Configure your bundler to alias "vue" to "vue/dist/vue.esm-bundler.js". 
  at <Anonymous size=14 > 
  at <RepoCard key=1 repo= {id: 1, full_name: bytedance/UI-TARS-desktop, owner: bytedance, repo_name: UI-TARS-desktop, name_zh: null} style= {animationDelay: 420ms}  ... > 
  at <HomeView onVnodeUnmounted=fn<onVnodeUnmounted> ref=Ref< Proxy(Object) > > 
  at <RouterView > 
  at <App> @ http://localhost:5173/node_modules/.vite/deps/vue.runtime.esm-bundler-CMLZRQMs.js?v=b93762a9:1752
[  344078ms] [WARNING] [Vue warn]: Component provided template option but runtime compilation is not supported in this build of Vue. Configure your bundler to alias "vue" to "vue/dist/vue.esm-bundler.js". 
  at <Anonymous size=14 > 
  at <RepoCard key=3 repo= {id: 3, full_name: decolua/9router, owner: decolua, repo_name: 9router, name_zh: null} style= {animationDelay: 450ms}  ... > 
  at <HomeView onVnodeUnmounted=fn<onVnodeUnmounted> ref=Ref< Proxy(Object) > > 
  at <RouterView > 
  at <App> @ http://localhost:5173/node_modules/.vite/deps/vue.runtime.esm-bundler-CMLZRQMs.js?v=b93762a9:1752
[  344079ms] [WARNING] [Vue warn]: Component provided template option but runtime compilation is not supported in this build of Vue. Configure your bundler to alias "vue" to "vue/dist/vue.esm-bundler.js". 
  at <Anonymous size=14 > 
  at <RepoCard key=556 repo= {id: 556, full_name: datawhalechina/easy-vibe, owner: datawhalechina, repo_name: easy-vibe, name_zh: null} style= {animationDelay: 480ms}  ... > 
  at <HomeView onVnodeUnmounted=fn<onVnodeUnmounted> ref=Ref< Proxy(Object) > > 
  at <RouterView > 
  at <App> @ http://localhost:5173/node_modules/.vite/deps/vue.runtime.esm-bundler-CMLZRQMs.js?v=b93762a9:1752
[  344080ms] [WARNING] [Vue warn]: Component provided template option but runtime compilation is not supported in this build of Vue. Configure your bundler to alias "vue" to "vue/dist/vue.esm-bundler.js". 
  at <Anonymous size=14 > 
  at <RepoCard key=562 repo= {id: 562, full_name: PriorLabs/TabPFN, owner: PriorLabs, repo_name: TabPFN, name_zh: null} style= {animationDelay: 510ms}  ... > 
  at <HomeView onVnodeUnmounted=fn<onVnodeUnmounted> ref=Ref< Proxy(Object) > > 
  at <RouterView > 
  at <App> @ http://localhost:5173/node_modules/.vite/deps/vue.runtime.esm-bundler-CMLZRQMs.js?v=b93762a9:1752
[  344082ms] [WARNING] [Vue warn]: Component provided template option but runtime compilation is not supported in this build of Vue. Configure your bundler to alias "vue" to "vue/dist/vue.esm-bundler.js". 
  at <Anonymous size=14 > 
  at <RepoCard key=10 repo= {id: 10, full_name: rohitg00/agentmemory, owner: rohitg00, repo_name: agentmemory, name_zh: null} style= {animationDelay: 540ms}  ... > 
  at <HomeView onVnodeUnmounted=fn<onVnodeUnmounted> ref=Ref< Proxy(Object) > > 
  at <RouterView > 
  at <App> @ http://localhost:5173/node_modules/.vite/deps/vue.runtime.esm-bundler-CMLZRQMs.js?v=b93762a9:1752
[  344083ms] [WARNING] [Vue warn]: Component provided template option but runtime compilation is not supported in this build of Vue. Configure your bundler to alias "vue" to "vue/dist/vue.esm-bundler.js". 
  at <Anonymous size=14 > 
  at <RepoCard key=4 repo= {id: 4, full_name: tinyhumansai/openhuman, owner: tinyhumansai, repo_name: openhuman, name_zh: null} style= {animationDelay: 570ms}  ... > 
  at <HomeView onVnodeUnmounted=fn<onVnodeUnmounted> ref=Ref< Proxy(Object) > > 
  at <RouterView > 
  at <App> @ http://localhost:5173/node_modules/.vite/deps/vue.runtime.esm-bundler-CMLZRQMs.js?v=b93762a9:1752
[  439074ms] [WARNING] [Vue warn]: Component provided template option but runtime compilation is not supported in this build of Vue. Configure your bundler to alias "vue" to "vue/dist/vue.esm-bundler.js". 
  at <Anonymous size=14 > 
  at <RepoCard key=557 repo= {id: 557, full_name: Hmbown/DeepSeek-TUI, owner: Hmbown, repo_name: DeepSeek-TUI, name_zh: null} style= {animationDelay: 0ms}  ... > 
  at <HomeView onVnodeUnmounted=fn<onVnodeUnmounted> ref=Ref< Proxy(Object) > > 
  at <RouterView > 
  at <App> @ http://localhost:5173/node_modules/.vite/deps/vue.runtime.esm-bundler-CMLZRQMs.js?v=b93762a9:1752
[  439075ms] [WARNING] [Vue warn]: Component provided template option but runtime compilation is not supported in this build of Vue. Configure your bundler to alias "vue" to "vue/dist/vue.esm-bundler.js". 
  at <Anonymous size=14 > 
  at <RepoCard key=564 repo= {id: 564, full_name: mattpocock/skills, owner: mattpocock, repo_name: skills, name_zh: null} style= {animationDelay: 30ms}  ... > 
  at <HomeView onVnodeUnmounted=fn<onVnodeUnmounted> ref=Ref< Proxy(Object) > > 
  at <RouterView > 
  at <App> @ http://localhost:5173/node_modules/.vite/deps/vue.runtime.esm-bundler-CMLZRQMs.js?v=b93762a9:1752
[  439076ms] [WARNING] [Vue warn]: Component provided template option but runtime compilation is not supported in this build of Vue. Configure your bundler to alias "vue" to "vue/dist/vue.esm-bundler.js". 
  at <Anonymous size=14 > 
  at <RepoCard key=132 repo= {id: 132, full_name: ruvnet/ruflo, owner: ruvnet, repo_name: ruflo, name_zh: null} style= {animationDelay: 60ms}  ... > 
  at <HomeView onVnodeUnmounted=fn<onVnodeUnmounted> ref=Ref< Proxy(Object) > > 
  at <RouterView > 
  at <App> @ http://localhost:5173/node_modules/.vite/deps/vue.runtime.esm-bundler-CMLZRQMs.js?v=b93762a9:1752
[  439078ms] [WARNING] [Vue warn]: Component provided template option but runtime compilation is not supported in this build of Vue. Configure your bundler to alias "vue" to "vue/dist/vue.esm-bundler.js". 
  at <Anonymous size=14 > 
  at <RepoCard key=560 repo= {id: 560, full_name: addyosmani/agent-skills, owner: addyosmani, repo_name: agent-skills, name_zh: null} style= {animationDelay: 90ms}  ... > 
  at <HomeView onVnodeUnmounted=fn<onVnodeUnmounted> ref=Ref< Proxy(Object) > > 
  at <RouterView > 
  at <App> @ http://localhost:5173/node_modules/.vite/deps/vue.runtime.esm-bundler-CMLZRQMs.js?v=b93762a9:1752
[  439079ms] [WARNING] [Vue warn]: Component provided template option but runtime compilation is not supported in this build of Vue. Configure your bundler to alias "vue" to "vue/dist/vue.esm-bundler.js". 
  at <Anonymous size=14 > 
  at <RepoCard key=24 repo= {id: 24, full_name: TauricResearch/TradingAgents, owner: TauricResearch, repo_name: TradingAgents, name_zh: null} style= {animationDelay: 120ms}  ... > 
  at <HomeView onVnodeUnmounted=fn<onVnodeUnmounted> ref=Ref< Proxy(Object) > > 
  at <RouterView > 
  at <App> @ http://localhost:5173/node_modules/.vite/deps/vue.runtime.esm-bundler-CMLZRQMs.js?v=b93762a9:1752
[  439081ms] [WARNING] [Vue warn]: Component provided template option but runtime compilation is not supported in this build of Vue. Configure your bundler to alias "vue" to "vue/dist/vue.esm-bundler.js". 
  at <Anonymous size=14 > 
  at <RepoCard key=214 repo= {id: 214, full_name: AIDC-AI/Pixelle-Video, owner: AIDC-AI, repo_name: Pixelle-Video, name_zh: null} style= {animationDelay: 150ms}  ... > 
  at <HomeView onVnodeUnmounted=fn<onVnodeUnmounted> ref=Ref< Proxy(Object) > > 
  at <RouterView > 
  at <App> @ http://localhost:5173/node_modules/.vite/deps/vue.runtime.esm-bundler-CMLZRQMs.js?v=b93762a9:1752
[  439083ms] [WARNING] [Vue warn]: Component provided template option but runtime compilation is not supported in this build of Vue. Configure your bundler to alias "vue" to "vue/dist/vue.esm-bundler.js". 
  at <Anonymous size=14 > 
  at <RepoCard key=117 repo= {id: 117, full_name: VectifyAI/PageIndex, owner: VectifyAI, repo_name: PageIndex, name_zh: null} style= {animationDelay: 180ms}  ... > 
  at <HomeView onVnodeUnmounted=fn<onVnodeUnmounted> ref=Ref< Proxy(Object) > > 
  at <RouterView > 
  at <App> @ http://localhost:5173/node_modules/.vite/deps/vue.runtime.esm-bundler-CMLZRQMs.js?v=b93762a9:1752
[  439084ms] [WARNING] [Vue warn]: Component provided template option but runtime compilation is not supported in this build of Vue. Configure your bundler to alias "vue" to "vue/dist/vue.esm-bundler.js". 
  at <Anonymous size=14 > 
  at <RepoCard key=559 repo= {id: 559, full_name: virattt/dexter, owner: virattt, repo_name: dexter, name_zh: null} style= {animationDelay: 210ms}  ... > 
  at <HomeView onVnodeUnmounted=fn<onVnodeUnmounted> ref=Ref< Proxy(Object) > > 
  at <RouterView > 
  at <App> @ http://localhost:5173/node_modules/.vite/deps/vue.runtime.esm-bundler-CMLZRQMs.js?v=b93762a9:1752
[  439085ms] [WARNING] [Vue warn]: Component provided template option but runtime compilation is not supported in this build of Vue. Configure your bundler to alias "vue" to "vue/dist/vue.esm-bundler.js". 
  at <Anonymous size=14 > 
  at <RepoCard key=129 repo= {id: 129, full_name: LearningCircuit/local-deep-research, owner: LearningCircuit, repo_name: local-deep-research, name_zh: null} style= {animationDelay: 240ms}  ... > 
  at <HomeView onVnodeUnmounted=fn<onVnodeUnmounted> ref=Ref< Proxy(Object) > > 
  at <RouterView > 
  at <App> @ http://localhost:5173/node_modules/.vite/deps/vue.runtime.esm-bundler-CMLZRQMs.js?v=b93762a9:1752
[  439088ms] [WARNING] [Vue warn]: Component provided template option but runtime compilation is not supported in this build of Vue. Configure your bundler to alias "vue" to "vue/dist/vue.esm-bundler.js". 
  at <Anonymous size=14 > 
  at <RepoCard key=563 repo= {id: 563, full_name: 1jehuang/jcode, owner: 1jehuang, repo_name: jcode, name_zh: null} style= {animationDelay: 270ms}  ... > 
  at <HomeView onVnodeUnmounted=fn<onVnodeUnmounted> ref=Ref< Proxy(Object) > > 
  at <RouterView > 
  at <App> @ http://localhost:5173/node_modules/.vite/deps/vue.runtime.esm-bundler-CMLZRQMs.js?v=b93762a9:1752
[  439089ms] [WARNING] [Vue warn]: Component provided template option but runtime compilation is not supported in this build of Vue. Configure your bundler to alias "vue" to "vue/dist/vue.esm-bundler.js". 
  at <Anonymous size=14 > 
  at <RepoCard key=339 repo= {id: 339, full_name: cocoindex-io/cocoindex, owner: cocoindex-io, repo_name: cocoindex, name_zh: null} style= {animationDelay: 300ms}  ... > 
  at <HomeView onVnodeUnmounted=fn<onVnodeUnmounted> ref=Ref< Proxy(Object) > > 
  at <RouterView > 
  at <App> @ http://localhost:5173/node_modules/.vite/deps/vue.runtime.esm-bundler-CMLZRQMs.js?v=b93762a9:1752
[  439090ms] [WARNING] [Vue warn]: Component provided template option but runtime compilation is not supported in this build of Vue. Configure your bundler to alias "vue" to "vue/dist/vue.esm-bundler.js". 
  at <Anonymous size=14 > 
  at <RepoCard key=558 repo= {id: 558, full_name: bwya77/vscode-dark-islands, owner: bwya77, repo_name: vscode-dark-islands, name_zh: null} style= {animationDelay: 330ms}  ... > 
  at <HomeView onVnodeUnmounted=fn<onVnodeUnmounted> ref=Ref< Proxy(Object) > > 
  at <RouterView > 
  at <App> @ http://localhost:5173/node_modules/.vite/deps/vue.runtime.esm-bundler-CMLZRQMs.js?v=b93762a9:1752
[  439091ms] [WARNING] [Vue warn]: Component provided template option but runtime compilation is not supported in this build of Vue. Configure your bundler to alias "vue" to "vue/dist/vue.esm-bundler.js". 
  at <Anonymous size=14 > 
  at <RepoCard key=9 repo= {id: 9, full_name: NousResearch/hermes-agent, owner: NousResearch, repo_name: hermes-agent, name_zh: null} style= {animationDelay: 360ms}  ... > 
  at <HomeView onVnodeUnmounted=fn<onVnodeUnmounted> ref=Ref< Proxy(Object) > > 
  at <RouterView > 
  at <App> @ http://localhost:5173/node_modules/.vite/deps/vue.runtime.esm-bundler-CMLZRQMs.js?v=b93762a9:1752
[  439093ms] [WARNING] [Vue warn]: Component provided template option but runtime compilation is not supported in this build of Vue. Configure your bundler to alias "vue" to "vue/dist/vue.esm-bundler.js". 
  at <Anonymous size=14 > 
  at <RepoCard key=561 repo= {id: 561, full_name: InsForge/InsForge, owner: InsForge, repo_name: InsForge, name_zh: null} style= {animationDelay: 390ms}  ... > 
  at <HomeView onVnodeUnmounted=fn<onVnodeUnmounted> ref=Ref< Proxy(Object) > > 
  at <RouterView > 
  at <App> @ http://localhost:5173/node_modules/.vite/deps/vue.runtime.esm-bundler-CMLZRQMs.js?v=b93762a9:1752
[  439094ms] [WARNING] [Vue warn]: Component provided template option but runtime compilation is not supported in this build of Vue. Configure your bundler to alias "vue" to "vue/dist/vue.esm-bundler.js". 
  at <Anonymous size=14 > 
  at <RepoCard key=1 repo= {id: 1, full_name: bytedance/UI-TARS-desktop, owner: bytedance, repo_name: UI-TARS-desktop, name_zh: null} style= {animationDelay: 420ms}  ... > 
  at <HomeView onVnodeUnmounted=fn<onVnodeUnmounted> ref=Ref< Proxy(Object) > > 
  at <RouterView > 
  at <App> @ http://localhost:5173/node_modules/.vite/deps/vue.runtime.esm-bundler-CMLZRQMs.js?v=b93762a9:1752
[  439095ms] [WARNING] [Vue warn]: Component provided template option but runtime compilation is not supported in this build of Vue. Configure your bundler to alias "vue" to "vue/dist/vue.esm-bundler.js". 
  at <Anonymous size=14 > 
  at <RepoCard key=3 repo= {id: 3, full_name: decolua/9router, owner: decolua, repo_name: 9router, name_zh: null} style= {animationDelay: 450ms}  ... > 
  at <HomeView onVnodeUnmounted=fn<onVnodeUnmounted> ref=Ref< Proxy(Object) > > 
  at <RouterView > 
  at <App> @ http://localhost:5173/node_modules/.vite/deps/vue.runtime.esm-bundler-CMLZRQMs.js?v=b93762a9:1752
[  439096ms] [WARNING] [Vue warn]: Component provided template option but runtime compilation is not supported in this build of Vue. Configure your bundler to alias "vue" to "vue/dist/vue.esm-bundler.js". 
  at <Anonymous size=14 > 
  at <RepoCard key=556 repo= {id: 556, full_name: datawhalechina/easy-vibe, owner: datawhalechina, repo_name: easy-vibe, name_zh: null} style= {animationDelay: 480ms}  ... > 
  at <HomeView onVnodeUnmounted=fn<onVnodeUnmounted> ref=Ref< Proxy(Object) > > 
  at <RouterView > 
  at <App> @ http://localhost:5173/node_modules/.vite/deps/vue.runtime.esm-bundler-CMLZRQMs.js?v=b93762a9:1752
[  439097ms] [WARNING] [Vue warn]: Component provided template option but runtime compilation is not supported in this build of Vue. Configure your bundler to alias "vue" to "vue/dist/vue.esm-bundler.js". 
  at <Anonymous size=14 > 
  at <RepoCard key=562 repo= {id: 562, full_name: PriorLabs/TabPFN, owner: PriorLabs, repo_name: TabPFN, name_zh: null} style= {animationDelay: 510ms}  ... > 
  at <HomeView onVnodeUnmounted=fn<onVnodeUnmounted> ref=Ref< Proxy(Object) > > 
  at <RouterView > 
  at <App> @ http://localhost:5173/node_modules/.vite/deps/vue.runtime.esm-bundler-CMLZRQMs.js?v=b93762a9:1752
[  439098ms] [WARNING] [Vue warn]: Component provided template option but runtime compilation is not supported in this build of Vue. Configure your bundler to alias "vue" to "vue/dist/vue.esm-bundler.js". 
  at <Anonymous size=14 > 
  at <RepoCard key=10 repo= {id: 10, full_name: rohitg00/agentmemory, owner: rohitg00, repo_name: agentmemory, name_zh: null} style= {animationDelay: 540ms}  ... > 
  at <HomeView onVnodeUnmounted=fn<onVnodeUnmounted> ref=Ref< Proxy(Object) > > 
  at <RouterView > 
  at <App> @ http://localhost:5173/node_modules/.vite/deps/vue.runtime.esm-bundler-CMLZRQMs.js?v=b93762a9:1752
[  439099ms] [WARNING] [Vue warn]: Component provided template option but runtime compilation is not supported in this build of Vue. Configure your bundler to alias "vue" to "vue/dist/vue.esm-bundler.js". 
  at <Anonymous size=14 > 
  at <RepoCard key=4 repo= {id: 4, full_name: tinyhumansai/openhuman, owner: tinyhumansai, repo_name: openhuman, name_zh: null} style= {animationDelay: 570ms}  ... > 
  at <HomeView onVnodeUnmounted=fn<onVnodeUnmounted> ref=Ref< Proxy(Object) > > 
  at <RouterView > 
  at <App> @ http://localhost:5173/node_modules/.vite/deps/vue.runtime.esm-bundler-CMLZRQMs.js?v=b93762a9:1752
[  542897ms] [WARNING] [Vue warn]: Component provided template option but runtime compilation is not supported in this build of Vue. Configure your bundler to alias "vue" to "vue/dist/vue.esm-bundler.js". 
  at <Anonymous size=14 > 
  at <RepoCard key=557 repo= {id: 557, full_name: Hmbown/DeepSeek-TUI, owner: Hmbown, repo_name: DeepSeek-TUI, name_zh: null} style= {animationDelay: 0ms}  ... > 
  at <HomeView onVnodeUnmounted=fn<onVnodeUnmounted> ref=Ref< Proxy(Object) > > 
  at <RouterView > 
  at <App> @ http://localhost:5173/node_modules/.vite/deps/vue.runtime.esm-bundler-CMLZRQMs.js?v=b93762a9:1752
[  542898ms] [WARNING] [Vue warn]: Component provided template option but runtime compilation is not supported in this build of Vue. Configure your bundler to alias "vue" to "vue/dist/vue.esm-bundler.js". 
  at <Anonymous size=14 > 
  at <RepoCard key=564 repo= {id: 564, full_name: mattpocock/skills, owner: mattpocock, repo_name: skills, name_zh: null} style= {animationDelay: 30ms}  ... > 
  at <HomeView onVnodeUnmounted=fn<onVnodeUnmounted> ref=Ref< Proxy(Object) > > 
  at <RouterView > 
  at <App> @ http://localhost:5173/node_modules/.vite/deps/vue.runtime.esm-bundler-CMLZRQMs.js?v=b93762a9:1752
[  542899ms] [WARNING] [Vue warn]: Component provided template option but runtime compilation is not supported in this build of Vue. Configure your bundler to alias "vue" to "vue/dist/vue.esm-bundler.js". 
  at <Anonymous size=14 > 
  at <RepoCard key=132 repo= {id: 132, full_name: ruvnet/ruflo, owner: ruvnet, repo_name: ruflo, name_zh: null} style= {animationDelay: 60ms}  ... > 
  at <HomeView onVnodeUnmounted=fn<onVnodeUnmounted> ref=Ref< Proxy(Object) > > 
  at <RouterView > 
  at <App> @ http://localhost:5173/node_modules/.vite/deps/vue.runtime.esm-bundler-CMLZRQMs.js?v=b93762a9:1752
[  542901ms] [WARNING] [Vue warn]: Component provided template option but runtime compilation is not supported in this build of Vue. Configure your bundler to alias "vue" to "vue/dist/vue.esm-bundler.js". 
  at <Anonymous size=14 > 
  at <RepoCard key=560 repo= {id: 560, full_name: addyosmani/agent-skills, owner: addyosmani, repo_name: agent-skills, name_zh: null} style= {animationDelay: 90ms}  ... > 
  at <HomeView onVnodeUnmounted=fn<onVnodeUnmounted> ref=Ref< Proxy(Object) > > 
  at <RouterView > 
  at <App> @ http://localhost:5173/node_modules/.vite/deps/vue.runtime.esm-bundler-CMLZRQMs.js?v=b93762a9:1752
[  542902ms] [WARNING] [Vue warn]: Component provided template option but runtime compilation is not supported in this build of Vue. Configure your bundler to alias "vue" to "vue/dist/vue.esm-bundler.js". 
  at <Anonymous size=14 > 
  at <RepoCard key=24 repo= {id: 24, full_name: TauricResearch/TradingAgents, owner: TauricResearch, repo_name: TradingAgents, name_zh: null} style= {animationDelay: 120ms}  ... > 
  at <HomeView onVnodeUnmounted=fn<onVnodeUnmounted> ref=Ref< Proxy(Object) > > 
  at <RouterView > 
  at <App> @ http://localhost:5173/node_modules/.vite/deps/vue.runtime.esm-bundler-CMLZRQMs.js?v=b93762a9:1752
[  542903ms] [WARNING] [Vue warn]: Component provided template option but runtime compilation is not supported in this build of Vue. Configure your bundler to alias "vue" to "vue/dist/vue.esm-bundler.js". 
  at <Anonymous size=14 > 
  at <RepoCard key=214 repo= {id: 214, full_name: AIDC-AI/Pixelle-Video, owner: AIDC-AI, repo_name: Pixelle-Video, name_zh: null} style= {animationDelay: 150ms}  ... > 
  at <HomeView onVnodeUnmounted=fn<onVnodeUnmounted> ref=Ref< Proxy(Object) > > 
  at <RouterView > 
  at <App> @ http://localhost:5173/node_modules/.vite/deps/vue.runtime.esm-bundler-CMLZRQMs.js?v=b93762a9:1752
[  542904ms] [WARNING] [Vue warn]: Component provided template option but runtime compilation is not supported in this build of Vue. Configure your bundler to alias "vue" to "vue/dist/vue.esm-bundler.js". 
  at <Anonymous size=14 > 
  at <RepoCard key=117 repo= {id: 117, full_name: VectifyAI/PageIndex, owner: VectifyAI, repo_name: PageIndex, name_zh: null} style= {animationDelay: 180ms}  ... > 
  at <HomeView onVnodeUnmounted=fn<onVnodeUnmounted> ref=Ref< Proxy(Object) > > 
  at <RouterView > 
  at <App> @ http://localhost:5173/node_modules/.vite/deps/vue.runtime.esm-bundler-CMLZRQMs.js?v=b93762a9:1752
[  542905ms] [WARNING] [Vue warn]: Component provided template option but runtime compilation is not supported in this build of Vue. Configure your bundler to alias "vue" to "vue/dist/vue.esm-bundler.js". 
  at <Anonymous size=14 > 
  at <RepoCard key=559 repo= {id: 559, full_name: virattt/dexter, owner: virattt, repo_name: dexter, name_zh: null} style= {animationDelay: 210ms}  ... > 
  at <HomeView onVnodeUnmounted=fn<onVnodeUnmounted> ref=Ref< Proxy(Object) > > 
  at <RouterView > 
  at <App> @ http://localhost:5173/node_modules/.vite/deps/vue.runtime.esm-bundler-CMLZRQMs.js?v=b93762a9:1752
[  542906ms] [WARNING] [Vue warn]: Component provided template option but runtime compilation is not supported in this build of Vue. Configure your bundler to alias "vue" to "vue/dist/vue.esm-bundler.js". 
  at <Anonymous size=14 > 
  at <RepoCard key=129 repo= {id: 129, full_name: LearningCircuit/local-deep-research, owner: LearningCircuit, repo_name: local-deep-research, name_zh: null} style= {animationDelay: 240ms}  ... > 
  at <HomeView onVnodeUnmounted=fn<onVnodeUnmounted> ref=Ref< Proxy(Object) > > 
  at <RouterView > 
  at <App> @ http://localhost:5173/node_modules/.vite/deps/vue.runtime.esm-bundler-CMLZRQMs.js?v=b93762a9:1752
[  542907ms] [WARNING] [Vue warn]: Component provided template option but runtime compilation is not supported in this build of Vue. Configure your bundler to alias "vue" to "vue/dist/vue.esm-bundler.js". 
  at <Anonymous size=14 > 
  at <RepoCard key=563 repo= {id: 563, full_name: 1jehuang/jcode, owner: 1jehuang, repo_name: jcode, name_zh: null} style= {animationDelay: 270ms}  ... > 
  at <HomeView onVnodeUnmounted=fn<onVnodeUnmounted> ref=Ref< Proxy(Object) > > 
  at <RouterView > 
  at <App> @ http://localhost:5173/node_modules/.vite/deps/vue.runtime.esm-bundler-CMLZRQMs.js?v=b93762a9:1752
[  542909ms] [WARNING] [Vue warn]: Component provided template option but runtime compilation is not supported in this build of Vue. Configure your bundler to alias "vue" to "vue/dist/vue.esm-bundler.js". 
  at <Anonymous size=14 > 
  at <RepoCard key=339 repo= {id: 339, full_name: cocoindex-io/cocoindex, owner: cocoindex-io, repo_name: cocoindex, name_zh: null} style= {animationDelay: 300ms}  ... > 
  at <HomeView onVnodeUnmounted=fn<onVnodeUnmounted> ref=Ref< Proxy(Object) > > 
  at <RouterView > 
  at <App> @ http://localhost:5173/node_modules/.vite/deps/vue.runtime.esm-bundler-CMLZRQMs.js?v=b93762a9:1752
[  542911ms] [WARNING] [Vue warn]: Component provided template option but runtime compilation is not supported in this build of Vue. Configure your bundler to alias "vue" to "vue/dist/vue.esm-bundler.js". 
  at <Anonymous size=14 > 
  at <RepoCard key=558 repo= {id: 558, full_name: bwya77/vscode-dark-islands, owner: bwya77, repo_name: vscode-dark-islands, name_zh: null} style= {animationDelay: 330ms}  ... > 
  at <HomeView onVnodeUnmounted=fn<onVnodeUnmounted> ref=Ref< Proxy(Object) > > 
  at <RouterView > 
  at <App> @ http://localhost:5173/node_modules/.vite/deps/vue.runtime.esm-bundler-CMLZRQMs.js?v=b93762a9:1752
[  542912ms] [WARNING] [Vue warn]: Component provided template option but runtime compilation is not supported in this build of Vue. Configure your bundler to alias "vue" to "vue/dist/vue.esm-bundler.js". 
  at <Anonymous size=14 > 
  at <RepoCard key=9 repo= {id: 9, full_name: NousResearch/hermes-agent, owner: NousResearch, repo_name: hermes-agent, name_zh: null} style= {animationDelay: 360ms}  ... > 
  at <HomeView onVnodeUnmounted=fn<onVnodeUnmounted> ref=Ref< Proxy(Object) > > 
  at <RouterView > 
  at <App> @ http://localhost:5173/node_modules/.vite/deps/vue.runtime.esm-bundler-CMLZRQMs.js?v=b93762a9:1752
[  542913ms] [WARNING] [Vue warn]: Component provided template option but runtime compilation is not supported in this build of Vue. Configure your bundler to alias "vue" to "vue/dist/vue.esm-bundler.js". 
  at <Anonymous size=14 > 
  at <RepoCard key=561 repo= {id: 561, full_name: InsForge/InsForge, owner: InsForge, repo_name: InsForge, name_zh: null} style= {animationDelay: 390ms}  ... > 
  at <HomeView onVnodeUnmounted=fn<onVnodeUnmounted> ref=Ref< Proxy(Object) > > 
  at <RouterView > 
  at <App> @ http://localhost:5173/node_modules/.vite/deps/vue.runtime.esm-bundler-CMLZRQMs.js?v=b93762a9:1752
[  542915ms] [WARNING] [Vue warn]: Component provided template option but runtime compilation is not supported in this build of Vue. Configure your bundler to alias "vue" to "vue/dist/vue.esm-bundler.js". 
  at <Anonymous size=14 > 
  at <RepoCard key=1 repo= {id: 1, full_name: bytedance/UI-TARS-desktop, owner: bytedance, repo_name: UI-TARS-desktop, name_zh: null} style= {animationDelay: 420ms}  ... > 
  at <HomeView onVnodeUnmounted=fn<onVnodeUnmounted> ref=Ref< Proxy(Object) > > 
  at <RouterView > 
  at <App> @ http://localhost:5173/node_modules/.vite/deps/vue.runtime.esm-bundler-CMLZRQMs.js?v=b93762a9:1752
[  542916ms] [WARNING] [Vue warn]: Component provided template option but runtime compilation is not supported in this build of Vue. Configure your bundler to alias "vue" to "vue/dist/vue.esm-bundler.js". 
  at <Anonymous size=14 > 
  at <RepoCard key=3 repo= {id: 3, full_name: decolua/9router, owner: decolua, repo_name: 9router, name_zh: null} style= {animationDelay: 450ms}  ... > 
  at <HomeView onVnodeUnmounted=fn<onVnodeUnmounted> ref=Ref< Proxy(Object) > > 
  at <RouterView > 
  at <App> @ http://localhost:5173/node_modules/.vite/deps/vue.runtime.esm-bundler-CMLZRQMs.js?v=b93762a9:1752
[  542917ms] [WARNING] [Vue warn]: Component provided template option but runtime compilation is not supported in this build of Vue. Configure your bundler to alias "vue" to "vue/dist/vue.esm-bundler.js". 
  at <Anonymous size=14 > 
  at <RepoCard key=556 repo= {id: 556, full_name: datawhalechina/easy-vibe, owner: datawhalechina, repo_name: easy-vibe, name_zh: null} style= {animationDelay: 480ms}  ... > 
  at <HomeView onVnodeUnmounted=fn<onVnodeUnmounted> ref=Ref< Proxy(Object) > > 
  at <RouterView > 
  at <App> @ http://localhost:5173/node_modules/.vite/deps/vue.runtime.esm-bundler-CMLZRQMs.js?v=b93762a9:1752
[  542918ms] [WARNING] [Vue warn]: Component provided template option but runtime compilation is not supported in this build of Vue. Configure your bundler to alias "vue" to "vue/dist/vue.esm-bundler.js". 
  at <Anonymous size=14 > 
  at <RepoCard key=562 repo= {id: 562, full_name: PriorLabs/TabPFN, owner: PriorLabs, repo_name: TabPFN, name_zh: null} style= {animationDelay: 510ms}  ... > 
  at <HomeView onVnodeUnmounted=fn<onVnodeUnmounted> ref=Ref< Proxy(Object) > > 
  at <RouterView > 
  at <App> @ http://localhost:5173/node_modules/.vite/deps/vue.runtime.esm-bundler-CMLZRQMs.js?v=b93762a9:1752
[  542920ms] [WARNING] [Vue warn]: Component provided template option but runtime compilation is not supported in this build of Vue. Configure your bundler to alias "vue" to "vue/dist/vue.esm-bundler.js". 
  at <Anonymous size=14 > 
  at <RepoCard key=10 repo= {id: 10, full_name: rohitg00/agentmemory, owner: rohitg00, repo_name: agentmemory, name_zh: null} style= {animationDelay: 540ms}  ... > 
  at <HomeView onVnodeUnmounted=fn<onVnodeUnmounted> ref=Ref< Proxy(Object) > > 
  at <RouterView > 
  at <App> @ http://localhost:5173/node_modules/.vite/deps/vue.runtime.esm-bundler-CMLZRQMs.js?v=b93762a9:1752
[  542922ms] [WARNING] [Vue warn]: Component provided template option but runtime compilation is not supported in this build of Vue. Configure your bundler to alias "vue" to "vue/dist/vue.esm-bundler.js". 
  at <Anonymous size=14 > 
  at <RepoCard key=4 repo= {id: 4, full_name: tinyhumansai/openhuman, owner: tinyhumansai, repo_name: openhuman, name_zh: null} style= {animationDelay: 570ms}  ... > 
  at <HomeView onVnodeUnmounted=fn<onVnodeUnmounted> ref=Ref< Proxy(Object) > > 
  at <RouterView > 
  at <App> @ http://localhost:5173/node_modules/.vite/deps/vue.runtime.esm-bundler-CMLZRQMs.js?v=b93762a9:1752
[ 1932579ms] [WARNING] [Vue warn]: Component provided template option but runtime compilation is not supported in this build of Vue. Configure your bundler to alias "vue" to "vue/dist/vue.esm-bundler.js". 
  at <Anonymous size=14 > 
  at <RepoCard key=557 repo= {id: 557, full_name: Hmbown/DeepSeek-TUI, owner: Hmbown, repo_name: DeepSeek-TUI, name_zh: null} style= {animationDelay: 0ms}  ... > 
  at <HomeView onVnodeUnmounted=fn<onVnodeUnmounted> ref=Ref< null > > 
  at <RouterView > 
  at <App> @ http://localhost:5173/node_modules/.vite/deps/vue.runtime.esm-bundler-CMLZRQMs.js?v=b93762a9:1752
[ 1932580ms] [WARNING] [Vue warn]: Component provided template option but runtime compilation is not supported in this build of Vue. Configure your bundler to alias "vue" to "vue/dist/vue.esm-bundler.js". 
  at <Anonymous size=14 > 
  at <RepoCard key=564 repo= {id: 564, full_name: mattpocock/skills, owner: mattpocock, repo_name: skills, name_zh: null} style= {animationDelay: 30ms}  ... > 
  at <HomeView onVnodeUnmounted=fn<onVnodeUnmounted> ref=Ref< null > > 
  at <RouterView > 
  at <App> @ http://localhost:5173/node_modules/.vite/deps/vue.runtime.esm-bundler-CMLZRQMs.js?v=b93762a9:1752
[ 1932581ms] [WARNING] [Vue warn]: Component provided template option but runtime compilation is not supported in this build of Vue. Configure your bundler to alias "vue" to "vue/dist/vue.esm-bundler.js". 
  at <Anonymous size=14 > 
  at <RepoCard key=132 repo= {id: 132, full_name: ruvnet/ruflo, owner: ruvnet, repo_name: ruflo, name_zh: null} style= {animationDelay: 60ms}  ... > 
  at <HomeView onVnodeUnmounted=fn<onVnodeUnmounted> ref=Ref< null > > 
  at <RouterView > 
  at <App> @ http://localhost:5173/node_modules/.vite/deps/vue.runtime.esm-bundler-CMLZRQMs.js?v=b93762a9:1752
[ 1932582ms] [WARNING] [Vue warn]: Component provided template option but runtime compilation is not supported in this build of Vue. Configure your bundler to alias "vue" to "vue/dist/vue.esm-bundler.js". 
  at <Anonymous size=14 > 
  at <RepoCard key=560 repo= {id: 560, full_name: addyosmani/agent-skills, owner: addyosmani, repo_name: agent-skills, name_zh: null} style= {animationDelay: 90ms}  ... > 
  at <HomeView onVnodeUnmounted=fn<onVnodeUnmounted> ref=Ref< null > > 
  at <RouterView > 
  at <App> @ http://localhost:5173/node_modules/.vite/deps/vue.runtime.esm-bundler-CMLZRQMs.js?v=b93762a9:1752
[ 1932583ms] [WARNING] [Vue warn]: Component provided template option but runtime compilation is not supported in this build of Vue. Configure your bundler to alias "vue" to "vue/dist/vue.esm-bundler.js". 
  at <Anonymous size=14 > 
  at <RepoCard key=24 repo= {id: 24, full_name: TauricResearch/TradingAgents, owner: TauricResearch, repo_name: TradingAgents, name_zh: null} style= {animationDelay: 120ms}  ... > 
  at <HomeView onVnodeUnmounted=fn<onVnodeUnmounted> ref=Ref< null > > 
  at <RouterView > 
  at <App> @ http://localhost:5173/node_modules/.vite/deps/vue.runtime.esm-bundler-CMLZRQMs.js?v=b93762a9:1752
[ 1932584ms] [WARNING] [Vue warn]: Component provided template option but runtime compilation is not supported in this build of Vue. Configure your bundler to alias "vue" to "vue/dist/vue.esm-bundler.js". 
  at <Anonymous size=14 > 
  at <RepoCard key=214 repo= {id: 214, full_name: AIDC-AI/Pixelle-Video, owner: AIDC-AI, repo_name: Pixelle-Video, name_zh: null} style= {animationDelay: 150ms}  ... > 
  at <HomeView onVnodeUnmounted=fn<onVnodeUnmounted> ref=Ref< null > > 
  at <RouterView > 
  at <App> @ http://localhost:5173/node_modules/.vite/deps/vue.runtime.esm-bundler-CMLZRQMs.js?v=b93762a9:1752
[ 1932585ms] [WARNING] [Vue warn]: Component provided template option but runtime compilation is not supported in this build of Vue. Configure your bundler to alias "vue" to "vue/dist/vue.esm-bundler.js". 
  at <Anonymous size=14 > 
  at <RepoCard key=117 repo= {id: 117, full_name: VectifyAI/PageIndex, owner: VectifyAI, repo_name: PageIndex, name_zh: null} style= {animationDelay: 180ms}  ... > 
  at <HomeView onVnodeUnmounted=fn<onVnodeUnmounted> ref=Ref< null > > 
  at <RouterView > 
  at <App> @ http://localhost:5173/node_modules/.vite/deps/vue.runtime.esm-bundler-CMLZRQMs.js?v=b93762a9:1752
[ 1932586ms] [WARNING] [Vue warn]: Component provided template option but runtime compilation is not supported in this build of Vue. Configure your bundler to alias "vue" to "vue/dist/vue.esm-bundler.js". 
  at <Anonymous size=14 > 
  at <RepoCard key=559 repo= {id: 559, full_name: virattt/dexter, owner: virattt, repo_name: dexter, name_zh: null} style= {animationDelay: 210ms}  ... > 
  at <HomeView onVnodeUnmounted=fn<onVnodeUnmounted> ref=Ref< null > > 
  at <RouterView > 
  at <App> @ http://localhost:5173/node_modules/.vite/deps/vue.runtime.esm-bundler-CMLZRQMs.js?v=b93762a9:1752
[ 1932587ms] [WARNING] [Vue warn]: Component provided template option but runtime compilation is not supported in this build of Vue. Configure your bundler to alias "vue" to "vue/dist/vue.esm-bundler.js". 
  at <Anonymous size=14 > 
  at <RepoCard key=129 repo= {id: 129, full_name: LearningCircuit/local-deep-research, owner: LearningCircuit, repo_name: local-deep-research, name_zh: null} style= {animationDelay: 240ms}  ... > 
  at <HomeView onVnodeUnmounted=fn<onVnodeUnmounted> ref=Ref< null > > 
  at <RouterView > 
  at <App> @ http://localhost:5173/node_modules/.vite/deps/vue.runtime.esm-bundler-CMLZRQMs.js?v=b93762a9:1752
[ 1932588ms] [WARNING] [Vue warn]: Component provided template option but runtime compilation is not supported in this build of Vue. Configure your bundler to alias "vue" to "vue/dist/vue.esm-bundler.js". 
  at <Anonymous size=14 > 
  at <RepoCard key=563 repo= {id: 563, full_name: 1jehuang/jcode, owner: 1jehuang, repo_name: jcode, name_zh: null} style= {animationDelay: 270ms}  ... > 
  at <HomeView onVnodeUnmounted=fn<onVnodeUnmounted> ref=Ref< null > > 
  at <RouterView > 
  at <App> @ http://localhost:5173/node_modules/.vite/deps/vue.runtime.esm-bundler-CMLZRQMs.js?v=b93762a9:1752
[ 1932589ms] [WARNING] [Vue warn]: Component provided template option but runtime compilation is not supported in this build of Vue. Configure your bundler to alias "vue" to "vue/dist/vue.esm-bundler.js". 
  at <Anonymous size=14 > 
  at <RepoCard key=339 repo= {id: 339, full_name: cocoindex-io/cocoindex, owner: cocoindex-io, repo_name: cocoindex, name_zh: null} style= {animationDelay: 300ms}  ... > 
  at <HomeView onVnodeUnmounted=fn<onVnodeUnmounted> ref=Ref< null > > 
  at <RouterView > 
  at <App> @ http://localhost:5173/node_modules/.vite/deps/vue.runtime.esm-bundler-CMLZRQMs.js?v=b93762a9:1752
[ 1932590ms] [WARNING] [Vue warn]: Component provided template option but runtime compilation is not supported in this build of Vue. Configure your bundler to alias "vue" to "vue/dist/vue.esm-bundler.js". 
  at <Anonymous size=14 > 
  at <RepoCard key=558 repo= {id: 558, full_name: bwya77/vscode-dark-islands, owner: bwya77, repo_name: vscode-dark-islands, name_zh: null} style= {animationDelay: 330ms}  ... > 
  at <HomeView onVnodeUnmounted=fn<onVnodeUnmounted> ref=Ref< null > > 
  at <RouterView > 
  at <App> @ http://localhost:5173/node_modules/.vite/deps/vue.runtime.esm-bundler-CMLZRQMs.js?v=b93762a9:1752
[ 1932591ms] [WARNING] [Vue warn]: Component provided template option but runtime compilation is not supported in this build of Vue. Configure your bundler to alias "vue" to "vue/dist/vue.esm-bundler.js". 
  at <Anonymous size=14 > 
  at <RepoCard key=9 repo= {id: 9, full_name: NousResearch/hermes-agent, owner: NousResearch, repo_name: hermes-agent, name_zh: null} style= {animationDelay: 360ms}  ... > 
  at <HomeView onVnodeUnmounted=fn<onVnodeUnmounted> ref=Ref< null > > 
  at <RouterView > 
  at <App> @ http://localhost:5173/node_modules/.vite/deps/vue.runtime.esm-bundler-CMLZRQMs.js?v=b93762a9:1752
[ 1932592ms] [WARNING] [Vue warn]: Component provided template option but runtime compilation is not supported in this build of Vue. Configure your bundler to alias "vue" to "vue/dist/vue.esm-bundler.js". 
  at <Anonymous size=14 > 
  at <RepoCard key=561 repo= {id: 561, full_name: InsForge/InsForge, owner: InsForge, repo_name: InsForge, name_zh: null} style= {animationDelay: 390ms}  ... > 
  at <HomeView onVnodeUnmounted=fn<onVnodeUnmounted> ref=Ref< null > > 
  at <RouterView > 
  at <App> @ http://localhost:5173/node_modules/.vite/deps/vue.runtime.esm-bundler-CMLZRQMs.js?v=b93762a9:1752
[ 1932593ms] [WARNING] [Vue warn]: Component provided template option but runtime compilation is not supported in this build of Vue. Configure your bundler to alias "vue" to "vue/dist/vue.esm-bundler.js". 
  at <Anonymous size=14 > 
  at <RepoCard key=1 repo= {id: 1, full_name: bytedance/UI-TARS-desktop, owner: bytedance, repo_name: UI-TARS-desktop, name_zh: null} style= {animationDelay: 420ms}  ... > 
  at <HomeView onVnodeUnmounted=fn<onVnodeUnmounted> ref=Ref< null > > 
  at <RouterView > 
  at <App> @ http://localhost:5173/node_modules/.vite/deps/vue.runtime.esm-bundler-CMLZRQMs.js?v=b93762a9:1752
[ 1932594ms] [WARNING] [Vue warn]: Component provided template option but runtime compilation is not supported in this build of Vue. Configure your bundler to alias "vue" to "vue/dist/vue.esm-bundler.js". 
  at <Anonymous size=14 > 
  at <RepoCard key=3 repo= {id: 3, full_name: decolua/9router, owner: decolua, repo_name: 9router, name_zh: null} style= {animationDelay: 450ms}  ... > 
  at <HomeView onVnodeUnmounted=fn<onVnodeUnmounted> ref=Ref< null > > 
  at <RouterView > 
  at <App> @ http://localhost:5173/node_modules/.vite/deps/vue.runtime.esm-bundler-CMLZRQMs.js?v=b93762a9:1752
[ 1932597ms] [WARNING] [Vue warn]: Component provided template option but runtime compilation is not supported in this build of Vue. Configure your bundler to alias "vue" to "vue/dist/vue.esm-bundler.js". 
  at <Anonymous size=14 > 
  at <RepoCard key=556 repo= {id: 556, full_name: datawhalechina/easy-vibe, owner: datawhalechina, repo_name: easy-vibe, name_zh: null} style= {animationDelay: 480ms}  ... > 
  at <HomeView onVnodeUnmounted=fn<onVnodeUnmounted> ref=Ref< null > > 
  at <RouterView > 
  at <App> @ http://localhost:5173/node_modules/.vite/deps/vue.runtime.esm-bundler-CMLZRQMs.js?v=b93762a9:1752
[ 1932598ms] [WARNING] [Vue warn]: Component provided template option but runtime compilation is not supported in this build of Vue. Configure your bundler to alias "vue" to "vue/dist/vue.esm-bundler.js". 
  at <Anonymous size=14 > 
  at <RepoCard key=562 repo= {id: 562, full_name: PriorLabs/TabPFN, owner: PriorLabs, repo_name: TabPFN, name_zh: null} style= {animationDelay: 510ms}  ... > 
  at <HomeView onVnodeUnmounted=fn<onVnodeUnmounted> ref=Ref< null > > 
  at <RouterView > 
  at <App> @ http://localhost:5173/node_modules/.vite/deps/vue.runtime.esm-bundler-CMLZRQMs.js?v=b93762a9:1752
[ 1932599ms] [WARNING] [Vue warn]: Component provided template option but runtime compilation is not supported in this build of Vue. Configure your bundler to alias "vue" to "vue/dist/vue.esm-bundler.js". 
  at <Anonymous size=14 > 
  at <RepoCard key=10 repo= {id: 10, full_name: rohitg00/agentmemory, owner: rohitg00, repo_name: agentmemory, name_zh: null} style= {animationDelay: 540ms}  ... > 
  at <HomeView onVnodeUnmounted=fn<onVnodeUnmounted> ref=Ref< null > > 
  at <RouterView > 
  at <App> @ http://localhost:5173/node_modules/.vite/deps/vue.runtime.esm-bundler-CMLZRQMs.js?v=b93762a9:1752
[ 1932600ms] [WARNING] [Vue warn]: Component provided template option but runtime compilation is not supported in this build of Vue. Configure your bundler to alias "vue" to "vue/dist/vue.esm-bundler.js". 
  at <Anonymous size=14 > 
  at <RepoCard key=4 repo= {id: 4, full_name: tinyhumansai/openhuman, owner: tinyhumansai, repo_name: openhuman, name_zh: null} style= {animationDelay: 570ms}  ... > 
  at <HomeView onVnodeUnmounted=fn<onVnodeUnmounted> ref=Ref< null > > 
  at <RouterView > 
  at <App> @ http://localhost:5173/node_modules/.vite/deps/vue.runtime.esm-bundler-CMLZRQMs.js?v=b93762a9:1752
[ 1933909ms] [WARNING] [Vue warn]: Component provided template option but runtime compilation is not supported in this build of Vue. Configure your bundler to alias "vue" to "vue/dist/vue.esm-bundler.js". 
  at <Anonymous size=14 > 
  at <RepoCard key=2 repo= {id: 2, full_name: yikart/AiToEarn, owner: yikart, repo_name: AiToEarn, name_zh: null} style= {animationDelay: 600ms}  ... > 
  at <HomeView onVnodeUnmounted=fn<onVnodeUnmounted> ref=Ref< Proxy(Object) > > 
  at <RouterView > 
  at <App> @ http://localhost:5173/node_modules/.vite/deps/vue.runtime.esm-bundler-CMLZRQMs.js?v=b93762a9:1752
[ 1933910ms] [WARNING] [Vue warn]: Component provided template option but runtime compilation is not supported in this build of Vue. Configure your bundler to alias "vue" to "vue/dist/vue.esm-bundler.js". 
  at <Anonymous size=14 > 
  at <RepoCard key=6 repo= {id: 6, full_name: Lordog/dive-into-llms, owner: Lordog, repo_name: dive-into-llms, name_zh: null} style= {animationDelay: 600ms}  ... > 
  at <HomeView onVnodeUnmounted=fn<onVnodeUnmounted> ref=Ref< Proxy(Object) > > 
  at <RouterView > 
  at <App> @ http://localhost:5173/node_modules/.vite/deps/vue.runtime.esm-bundler-CMLZRQMs.js?v=b93762a9:1752
[ 1933912ms] [WARNING] [Vue warn]: Component provided template option but runtime compilation is not supported in this build of Vue. Configure your bundler to alias "vue" to "vue/dist/vue.esm-bundler.js". 
  at <Anonymous size=14 > 
  at <RepoCard key=5 repo= {id: 5, full_name: millionco/react-doctor, owner: millionco, repo_name: react-doctor, name_zh: null} style= {animationDelay: 600ms}  ... > 
  at <HomeView onVnodeUnmounted=fn<onVnodeUnmounted> ref=Ref< Proxy(Object) > > 
  at <RouterView > 
  at <App> @ http://localhost:5173/node_modules/.vite/deps/vue.runtime.esm-bundler-CMLZRQMs.js?v=b93762a9:1752
[ 1933913ms] [WARNING] [Vue warn]: Component provided template option but runtime compilation is not supported in this build of Vue. Configure your bundler to alias "vue" to "vue/dist/vue.esm-bundler.js". 
  at <Anonymous size=14 > 
  at <RepoCard key=8 repo= {id: 8, full_name: rasbt/LLMs-from-scratch, owner: rasbt, repo_name: LLMs-from-scratch, name_zh: null} style= {animationDelay: 600ms}  ... > 
  at <HomeView onVnodeUnmounted=fn<onVnodeUnmounted> ref=Ref< Proxy(Object) > > 
  at <RouterView > 
  at <App> @ http://localhost:5173/node_modules/.vite/deps/vue.runtime.esm-bundler-CMLZRQMs.js?v=b93762a9:1752
[ 1933915ms] [WARNING] [Vue warn]: Component provided template option but runtime compilation is not supported in this build of Vue. Configure your bundler to alias "vue" to "vue/dist/vue.esm-bundler.js". 
  at <Anonymous size=14 > 
  at <RepoCard key=11 repo= {id: 11, full_name: test-org/test-llm-repo, owner: test-org, repo_name: test-llm-repo, name_zh: null} style= {animationDelay: 600ms}  ... > 
  at <HomeView onVnodeUnmounted=fn<onVnodeUnmounted> ref=Ref< Proxy(Object) > > 
  at <RouterView > 
  at <App> @ http://localhost:5173/node_modules/.vite/deps/vue.runtime.esm-bundler-CMLZRQMs.js?v=b93762a9:1752
[ 1933917ms] [WARNING] [Vue warn]: Component provided template option but runtime compilation is not supported in this build of Vue. Configure your bundler to alias "vue" to "vue/dist/vue.esm-bundler.js". 
  at <Anonymous size=14 > 
  at <RepoCard key=7 repo= {id: 7, full_name: AUTOMATIC1111/stable-diffusion-webui, owner: AUTOMATIC1111, repo_name: stable-diffusion-webui, name_zh: null} style= {animationDelay: 600ms}  ... > 
  at <HomeView onVnodeUnmounted=fn<onVnodeUnmounted> ref=Ref< Proxy(Object) > > 
  at <RouterView > 
  at <App> @ http://localhost:5173/node_modules/.vite/deps/vue.runtime.esm-bundler-CMLZRQMs.js?v=b93762a9:1752
[ 1933919ms] [WARNING] [Vue warn]: Component provided template option but runtime compilation is not supported in this build of Vue. Configure your bundler to alias "vue" to "vue/dist/vue.esm-bundler.js". 
  at <Anonymous size=14 > 
  at <RepoCard key=12 repo= {id: 12, full_name: Significant-Gravitas/AutoGPT, owner: Significant-Gravitas, repo_name: AutoGPT, name_zh: null} style= {animationDelay: 600ms}  ... > 
  at <HomeView onVnodeUnmounted=fn<onVnodeUnmounted> ref=Ref< Proxy(Object) > > 
  at <RouterView > 
  at <App> @ http://localhost:5173/node_modules/.vite/deps/vue.runtime.esm-bundler-CMLZRQMs.js?v=b93762a9:1752
[ 1933920ms] [WARNING] [Vue warn]: Component provided template option but runtime compilation is not supported in this build of Vue. Configure your bundler to alias "vue" to "vue/dist/vue.esm-bundler.js". 
  at <Anonymous size=14 > 
  at <RepoCard key=13 repo= {id: 13, full_name: affaan-m/everything-claude-code, owner: affaan-m, repo_name: everything-claude-code, name_zh: null} style= {animationDelay: 600ms}  ... > 
  at <HomeView onVnodeUnmounted=fn<onVnodeUnmounted> ref=Ref< Proxy(Object) > > 
  at <RouterView > 
  at <App> @ http://localhost:5173/node_modules/.vite/deps/vue.runtime.esm-bundler-CMLZRQMs.js?v=b93762a9:1752
[ 1933921ms] [WARNING] [Vue warn]: Component provided template option but runtime compilation is not supported in this build of Vue. Configure your bundler to alias "vue" to "vue/dist/vue.esm-bundler.js". 
  at <Anonymous size=14 > 
  at <RepoCard key=14 repo= {id: 14, full_name: ollama/ollama, owner: ollama, repo_name: ollama, name_zh: null} style= {animationDelay: 600ms}  ... > 
  at <HomeView onVnodeUnmounted=fn<onVnodeUnmounted> ref=Ref< Proxy(Object) > > 
  at <RouterView > 
  at <App> @ http://localhost:5173/node_modules/.vite/deps/vue.runtime.esm-bundler-CMLZRQMs.js?v=b93762a9:1752
[ 1933923ms] [WARNING] [Vue warn]: Component provided template option but runtime compilation is not supported in this build of Vue. Configure your bundler to alias "vue" to "vue/dist/vue.esm-bundler.js". 
  at <Anonymous size=14 > 
  at <RepoCard key=15 repo= {id: 15, full_name: f/prompts.chat, owner: f, repo_name: prompts.chat, name_zh: null} style= {animationDelay: 600ms}  ... > 
  at <HomeView onVnodeUnmounted=fn<onVnodeUnmounted> ref=Ref< Proxy(Object) > > 
  at <RouterView > 
  at <App> @ http://localhost:5173/node_modules/.vite/deps/vue.runtime.esm-bundler-CMLZRQMs.js?v=b93762a9:1752
[ 1933924ms] [WARNING] [Vue warn]: Component provided template option but runtime compilation is not supported in this build of Vue. Configure your bundler to alias "vue" to "vue/dist/vue.esm-bundler.js". 
  at <Anonymous size=14 > 
  at <RepoCard key=16 repo= {id: 16, full_name: huggingface/transformers, owner: huggingface, repo_name: transformers, name_zh: null} style= {animationDelay: 600ms}  ... > 
  at <HomeView onVnodeUnmounted=fn<onVnodeUnmounted> ref=Ref< Proxy(Object) > > 
  at <RouterView > 
  at <App> @ http://localhost:5173/node_modules/.vite/deps/vue.runtime.esm-bundler-CMLZRQMs.js?v=b93762a9:1752
[ 1933925ms] [WARNING] [Vue warn]: Component provided template option but runtime compilation is not supported in this build of Vue. Configure your bundler to alias "vue" to "vue/dist/vue.esm-bundler.js". 
  at <Anonymous size=14 > 
  at <RepoCard key=17 repo= {id: 17, full_name: langgenius/dify, owner: langgenius, repo_name: dify, name_zh: null} style= {animationDelay: 600ms}  ... > 
  at <HomeView onVnodeUnmounted=fn<onVnodeUnmounted> ref=Ref< Proxy(Object) > > 
  at <RouterView > 
  at <App> @ http://localhost:5173/node_modules/.vite/deps/vue.runtime.esm-bundler-CMLZRQMs.js?v=b93762a9:1752
[ 1933927ms] [WARNING] [Vue warn]: Component provided template option but runtime compilation is not supported in this build of Vue. Configure your bundler to alias "vue" to "vue/dist/vue.esm-bundler.js". 
  at <Anonymous size=14 > 
  at <RepoCard key=18 repo= {id: 18, full_name: open-webui/open-webui, owner: open-webui, repo_name: open-webui, name_zh: null} style= {animationDelay: 600ms}  ... > 
  at <HomeView onVnodeUnmounted=fn<onVnodeUnmounted> ref=Ref< Proxy(Object) > > 
  at <RouterView > 
  at <App> @ http://localhost:5173/node_modules/.vite/deps/vue.runtime.esm-bundler-CMLZRQMs.js?v=b93762a9:1752
[ 1933927ms] [WARNING] [Vue warn]: Component provided template option but runtime compilation is not supported in this build of Vue. Configure your bundler to alias "vue" to "vue/dist/vue.esm-bundler.js". 
  at <Anonymous size=14 > 
  at <RepoCard key=19 repo= {id: 19, full_name: langchain-ai/langchain, owner: langchain-ai, repo_name: langchain, name_zh: null} style= {animationDelay: 600ms}  ... > 
  at <HomeView onVnodeUnmounted=fn<onVnodeUnmounted> ref=Ref< Proxy(Object) > > 
  at <RouterView > 
  at <App> @ http://localhost:5173/node_modules/.vite/deps/vue.runtime.esm-bundler-CMLZRQMs.js?v=b93762a9:1752
[ 1933929ms] [WARNING] [Vue warn]: Component provided template option but runtime compilation is not supported in this build of Vue. Configure your bundler to alias "vue" to "vue/dist/vue.esm-bundler.js". 
  at <Anonymous size=14 > 
  at <RepoCard key=20 repo= {id: 20, full_name: firecrawl/firecrawl, owner: firecrawl, repo_name: firecrawl, name_zh: null} style= {animationDelay: 600ms}  ... > 
  at <HomeView onVnodeUnmounted=fn<onVnodeUnmounted> ref=Ref< Proxy(Object) > > 
  at <RouterView > 
  at <App> @ http://localhost:5173/node_modules/.vite/deps/vue.runtime.esm-bundler-CMLZRQMs.js?v=b93762a9:1752
[ 1933930ms] [WARNING] [Vue warn]: Component provided template option but runtime compilation is not supported in this build of Vue. Configure your bundler to alias "vue" to "vue/dist/vue.esm-bundler.js". 
  at <Anonymous size=14 > 
  at <RepoCard key=21 repo= {id: 21, full_name: browser-use/browser-use, owner: browser-use, repo_name: browser-use, name_zh: null} style= {animationDelay: 600ms}  ... > 
  at <HomeView onVnodeUnmounted=fn<onVnodeUnmounted> ref=Ref< Proxy(Object) > > 
  at <RouterView > 
  at <App> @ http://localhost:5173/node_modules/.vite/deps/vue.runtime.esm-bundler-CMLZRQMs.js?v=b93762a9:1752
[ 1933931ms] [WARNING] [Vue warn]: Component provided template option but runtime compilation is not supported in this build of Vue. Configure your bundler to alias "vue" to "vue/dist/vue.esm-bundler.js". 
  at <Anonymous size=14 > 
  at <RepoCard key=22 repo= {id: 22, full_name: vllm-project/vllm, owner: vllm-project, repo_name: vllm, name_zh: null} style= {animationDelay: 600ms}  ... > 
  at <HomeView onVnodeUnmounted=fn<onVnodeUnmounted> ref=Ref< Proxy(Object) > > 
  at <RouterView > 
  at <App> @ http://localhost:5173/node_modules/.vite/deps/vue.runtime.esm-bundler-CMLZRQMs.js?v=b93762a9:1752
[ 1933932ms] [WARNING] [Vue warn]: Component provided template option but runtime compilation is not supported in this build of Vue. Configure your bundler to alias "vue" to "vue/dist/vue.esm-bundler.js". 
  at <Anonymous size=14 > 
  at <RepoCard key=23 repo= {id: 23, full_name: mlabonne/llm-course, owner: mlabonne, repo_name: llm-course, name_zh: null} style= {animationDelay: 600ms}  ... > 
  at <HomeView onVnodeUnmounted=fn<onVnodeUnmounted> ref=Ref< Proxy(Object) > > 
  at <RouterView > 
  at <App> @ http://localhost:5173/node_modules/.vite/deps/vue.runtime.esm-bundler-CMLZRQMs.js?v=b93762a9:1752
[ 1933933ms] [WARNING] [Vue warn]: Component provided template option but runtime compilation is not supported in this build of Vue. Configure your bundler to alias "vue" to "vue/dist/vue.esm-bundler.js". 
  at <Anonymous size=14 > 
  at <RepoCard key=25 repo= {id: 25, full_name: OpenHands/OpenHands, owner: OpenHands, repo_name: OpenHands, name_zh: null} style= {animationDelay: 600ms}  ... > 
  at <HomeView onVnodeUnmounted=fn<onVnodeUnmounted> ref=Ref< Proxy(Object) > > 
  at <RouterView > 
  at <App> @ http://localhost:5173/node_modules/.vite/deps/vue.runtime.esm-bundler-CMLZRQMs.js?v=b93762a9:1752
[ 1933934ms] [WARNING] [Vue warn]: Component provided template option but runtime compilation is not supported in this build of Vue. Configure your bundler to alias "vue" to "vue/dist/vue.esm-bundler.js". 
  at <Anonymous size=14 > 
  at <RepoCard key=26 repo= {id: 26, full_name: hiyouga/LlamaFactory, owner: hiyouga, repo_name: LlamaFactory, name_zh: null} style= {animationDelay: 600ms}  ... > 
  at <HomeView onVnodeUnmounted=fn<onVnodeUnmounted> ref=Ref< Proxy(Object) > > 
  at <RouterView > 
  at <App> @ http://localhost:5173/node_modules/.vite/deps/vue.runtime.esm-bundler-CMLZRQMs.js?v=b93762a9:1752
[ 1942750ms] [WARNING] [Vue warn]: Component provided template option but runtime compilation is not supported in this build of Vue. Configure your bundler to alias "vue" to "vue/dist/vue.esm-bundler.js". 
  at <Anonymous size=14 > 
  at <RepoCard key=557 repo= {id: 557, full_name: Hmbown/DeepSeek-TUI, owner: Hmbown, repo_name: DeepSeek-TUI, name_zh: null} style= {animationDelay: 0ms}  ... > 
  at <HomeView onVnodeUnmounted=fn<onVnodeUnmounted> ref=Ref< null > > 
  at <RouterView > 
  at <App> @ http://localhost:5173/node_modules/.vite/deps/vue.runtime.esm-bundler-CMLZRQMs.js?v=b93762a9:1752
[ 1942751ms] [WARNING] [Vue warn]: Component provided template option but runtime compilation is not supported in this build of Vue. Configure your bundler to alias "vue" to "vue/dist/vue.esm-bundler.js". 
  at <Anonymous size=14 > 
  at <RepoCard key=564 repo= {id: 564, full_name: mattpocock/skills, owner: mattpocock, repo_name: skills, name_zh: null} style= {animationDelay: 30ms}  ... > 
  at <HomeView onVnodeUnmounted=fn<onVnodeUnmounted> ref=Ref< null > > 
  at <RouterView > 
  at <App> @ http://localhost:5173/node_modules/.vite/deps/vue.runtime.esm-bundler-CMLZRQMs.js?v=b93762a9:1752
[ 1942752ms] [WARNING] [Vue warn]: Component provided template option but runtime compilation is not supported in this build of Vue. Configure your bundler to alias "vue" to "vue/dist/vue.esm-bundler.js". 
  at <Anonymous size=14 > 
  at <RepoCard key=132 repo= {id: 132, full_name: ruvnet/ruflo, owner: ruvnet, repo_name: ruflo, name_zh: null} style= {animationDelay: 60ms}  ... > 
  at <HomeView onVnodeUnmounted=fn<onVnodeUnmounted> ref=Ref< null > > 
  at <RouterView > 
  at <App> @ http://localhost:5173/node_modules/.vite/deps/vue.runtime.esm-bundler-CMLZRQMs.js?v=b93762a9:1752
[ 1942753ms] [WARNING] [Vue warn]: Component provided template option but runtime compilation is not supported in this build of Vue. Configure your bundler to alias "vue" to "vue/dist/vue.esm-bundler.js". 
  at <Anonymous size=14 > 
  at <RepoCard key=560 repo= {id: 560, full_name: addyosmani/agent-skills, owner: addyosmani, repo_name: agent-skills, name_zh: null} style= {animationDelay: 90ms}  ... > 
  at <HomeView onVnodeUnmounted=fn<onVnodeUnmounted> ref=Ref< null > > 
  at <RouterView > 
  at <App> @ http://localhost:5173/node_modules/.vite/deps/vue.runtime.esm-bundler-CMLZRQMs.js?v=b93762a9:1752
[ 1942754ms] [WARNING] [Vue warn]: Component provided template option but runtime compilation is not supported in this build of Vue. Configure your bundler to alias "vue" to "vue/dist/vue.esm-bundler.js". 
  at <Anonymous size=14 > 
  at <RepoCard key=24 repo= {id: 24, full_name: TauricResearch/TradingAgents, owner: TauricResearch, repo_name: TradingAgents, name_zh: null} style= {animationDelay: 120ms}  ... > 
  at <HomeView onVnodeUnmounted=fn<onVnodeUnmounted> ref=Ref< null > > 
  at <RouterView > 
  at <App> @ http://localhost:5173/node_modules/.vite/deps/vue.runtime.esm-bundler-CMLZRQMs.js?v=b93762a9:1752
[ 1942755ms] [WARNING] [Vue warn]: Component provided template option but runtime compilation is not supported in this build of Vue. Configure your bundler to alias "vue" to "vue/dist/vue.esm-bundler.js". 
  at <Anonymous size=14 > 
  at <RepoCard key=214 repo= {id: 214, full_name: AIDC-AI/Pixelle-Video, owner: AIDC-AI, repo_name: Pixelle-Video, name_zh: null} style= {animationDelay: 150ms}  ... > 
  at <HomeView onVnodeUnmounted=fn<onVnodeUnmounted> ref=Ref< null > > 
  at <RouterView > 
  at <App> @ http://localhost:5173/node_modules/.vite/deps/vue.runtime.esm-bundler-CMLZRQMs.js?v=b93762a9:1752
[ 1942756ms] [WARNING] [Vue warn]: Component provided template option but runtime compilation is not supported in this build of Vue. Configure your bundler to alias "vue" to "vue/dist/vue.esm-bundler.js". 
  at <Anonymous size=14 > 
  at <RepoCard key=117 repo= {id: 117, full_name: VectifyAI/PageIndex, owner: VectifyAI, repo_name: PageIndex, name_zh: null} style= {animationDelay: 180ms}  ... > 
  at <HomeView onVnodeUnmounted=fn<onVnodeUnmounted> ref=Ref< null > > 
  at <RouterView > 
  at <App> @ http://localhost:5173/node_modules/.vite/deps/vue.runtime.esm-bundler-CMLZRQMs.js?v=b93762a9:1752
[ 1942757ms] [WARNING] [Vue warn]: Component provided template option but runtime compilation is not supported in this build of Vue. Configure your bundler to alias "vue" to "vue/dist/vue.esm-bundler.js". 
  at <Anonymous size=14 > 
  at <RepoCard key=559 repo= {id: 559, full_name: virattt/dexter, owner: virattt, repo_name: dexter, name_zh: null} style= {animationDelay: 210ms}  ... > 
  at <HomeView onVnodeUnmounted=fn<onVnodeUnmounted> ref=Ref< null > > 
  at <RouterView > 
  at <App> @ http://localhost:5173/node_modules/.vite/deps/vue.runtime.esm-bundler-CMLZRQMs.js?v=b93762a9:1752
[ 1942757ms] [WARNING] [Vue warn]: Component provided template option but runtime compilation is not supported in this build of Vue. Configure your bundler to alias "vue" to "vue/dist/vue.esm-bundler.js". 
  at <Anonymous size=14 > 
  at <RepoCard key=129 repo= {id: 129, full_name: LearningCircuit/local-deep-research, owner: LearningCircuit, repo_name: local-deep-research, name_zh: null} style= {animationDelay: 240ms}  ... > 
  at <HomeView onVnodeUnmounted=fn<onVnodeUnmounted> ref=Ref< null > > 
  at <RouterView > 
  at <App> @ http://localhost:5173/node_modules/.vite/deps/vue.runtime.esm-bundler-CMLZRQMs.js?v=b93762a9:1752
[ 1942758ms] [WARNING] [Vue warn]: Component provided template option but runtime compilation is not supported in this build of Vue. Configure your bundler to alias "vue" to "vue/dist/vue.esm-bundler.js". 
  at <Anonymous size=14 > 
  at <RepoCard key=563 repo= {id: 563, full_name: 1jehuang/jcode, owner: 1jehuang, repo_name: jcode, name_zh: null} style= {animationDelay: 270ms}  ... > 
  at <HomeView onVnodeUnmounted=fn<onVnodeUnmounted> ref=Ref< null > > 
  at <RouterView > 
  at <App> @ http://localhost:5173/node_modules/.vite/deps/vue.runtime.esm-bundler-CMLZRQMs.js?v=b93762a9:1752
[ 1942759ms] [WARNING] [Vue warn]: Component provided template option but runtime compilation is not supported in this build of Vue. Configure your bundler to alias "vue" to "vue/dist/vue.esm-bundler.js". 
  at <Anonymous size=14 > 
  at <RepoCard key=339 repo= {id: 339, full_name: cocoindex-io/cocoindex, owner: cocoindex-io, repo_name: cocoindex, name_zh: null} style= {animationDelay: 300ms}  ... > 
  at <HomeView onVnodeUnmounted=fn<onVnodeUnmounted> ref=Ref< null > > 
  at <RouterView > 
  at <App> @ http://localhost:5173/node_modules/.vite/deps/vue.runtime.esm-bundler-CMLZRQMs.js?v=b93762a9:1752
[ 1942760ms] [WARNING] [Vue warn]: Component provided template option but runtime compilation is not supported in this build of Vue. Configure your bundler to alias "vue" to "vue/dist/vue.esm-bundler.js". 
  at <Anonymous size=14 > 
  at <RepoCard key=558 repo= {id: 558, full_name: bwya77/vscode-dark-islands, owner: bwya77, repo_name: vscode-dark-islands, name_zh: null} style= {animationDelay: 330ms}  ... > 
  at <HomeView onVnodeUnmounted=fn<onVnodeUnmounted> ref=Ref< null > > 
  at <RouterView > 
  at <App> @ http://localhost:5173/node_modules/.vite/deps/vue.runtime.esm-bundler-CMLZRQMs.js?v=b93762a9:1752
[ 1942761ms] [WARNING] [Vue warn]: Component provided template option but runtime compilation is not supported in this build of Vue. Configure your bundler to alias "vue" to "vue/dist/vue.esm-bundler.js". 
  at <Anonymous size=14 > 
  at <RepoCard key=9 repo= {id: 9, full_name: NousResearch/hermes-agent, owner: NousResearch, repo_name: hermes-agent, name_zh: null} style= {animationDelay: 360ms}  ... > 
  at <HomeView onVnodeUnmounted=fn<onVnodeUnmounted> ref=Ref< null > > 
  at <RouterView > 
  at <App> @ http://localhost:5173/node_modules/.vite/deps/vue.runtime.esm-bundler-CMLZRQMs.js?v=b93762a9:1752
[ 1942762ms] [WARNING] [Vue warn]: Component provided template option but runtime compilation is not supported in this build of Vue. Configure your bundler to alias "vue" to "vue/dist/vue.esm-bundler.js". 
  at <Anonymous size=14 > 
  at <RepoCard key=561 repo= {id: 561, full_name: InsForge/InsForge, owner: InsForge, repo_name: InsForge, name_zh: null} style= {animationDelay: 390ms}  ... > 
  at <HomeView onVnodeUnmounted=fn<onVnodeUnmounted> ref=Ref< null > > 
  at <RouterView > 
  at <App> @ http://localhost:5173/node_modules/.vite/deps/vue.runtime.esm-bundler-CMLZRQMs.js?v=b93762a9:1752
[ 1942764ms] [WARNING] [Vue warn]: Component provided template option but runtime compilation is not supported in this build of Vue. Configure your bundler to alias "vue" to "vue/dist/vue.esm-bundler.js". 
  at <Anonymous size=14 > 
  at <RepoCard key=1 repo= {id: 1, full_name: bytedance/UI-TARS-desktop, owner: bytedance, repo_name: UI-TARS-desktop, name_zh: null} style= {animationDelay: 420ms}  ... > 
  at <HomeView onVnodeUnmounted=fn<onVnodeUnmounted> ref=Ref< null > > 
  at <RouterView > 
  at <App> @ http://localhost:5173/node_modules/.vite/deps/vue.runtime.esm-bundler-CMLZRQMs.js?v=b93762a9:1752
[ 1942765ms] [WARNING] [Vue warn]: Component provided template option but runtime compilation is not supported in this build of Vue. Configure your bundler to alias "vue" to "vue/dist/vue.esm-bundler.js". 
  at <Anonymous size=14 > 
  at <RepoCard key=3 repo= {id: 3, full_name: decolua/9router, owner: decolua, repo_name: 9router, name_zh: null} style= {animationDelay: 450ms}  ... > 
  at <HomeView onVnodeUnmounted=fn<onVnodeUnmounted> ref=Ref< null > > 
  at <RouterView > 
  at <App> @ http://localhost:5173/node_modules/.vite/deps/vue.runtime.esm-bundler-CMLZRQMs.js?v=b93762a9:1752
[ 1942766ms] [WARNING] [Vue warn]: Component provided template option but runtime compilation is not supported in this build of Vue. Configure your bundler to alias "vue" to "vue/dist/vue.esm-bundler.js". 
  at <Anonymous size=14 > 
  at <RepoCard key=556 repo= {id: 556, full_name: datawhalechina/easy-vibe, owner: datawhalechina, repo_name: easy-vibe, name_zh: null} style= {animationDelay: 480ms}  ... > 
  at <HomeView onVnodeUnmounted=fn<onVnodeUnmounted> ref=Ref< null > > 
  at <RouterView > 
  at <App> @ http://localhost:5173/node_modules/.vite/deps/vue.runtime.esm-bundler-CMLZRQMs.js?v=b93762a9:1752
[ 1942767ms] [WARNING] [Vue warn]: Component provided template option but runtime compilation is not supported in this build of Vue. Configure your bundler to alias "vue" to "vue/dist/vue.esm-bundler.js". 
  at <Anonymous size=14 > 
  at <RepoCard key=562 repo= {id: 562, full_name: PriorLabs/TabPFN, owner: PriorLabs, repo_name: TabPFN, name_zh: null} style= {animationDelay: 510ms}  ... > 
  at <HomeView onVnodeUnmounted=fn<onVnodeUnmounted> ref=Ref< null > > 
  at <RouterView > 
  at <App> @ http://localhost:5173/node_modules/.vite/deps/vue.runtime.esm-bundler-CMLZRQMs.js?v=b93762a9:1752
[ 1942768ms] [WARNING] [Vue warn]: Component provided template option but runtime compilation is not supported in this build of Vue. Configure your bundler to alias "vue" to "vue/dist/vue.esm-bundler.js". 
  at <Anonymous size=14 > 
  at <RepoCard key=10 repo= {id: 10, full_name: rohitg00/agentmemory, owner: rohitg00, repo_name: agentmemory, name_zh: null} style= {animationDelay: 540ms}  ... > 
  at <HomeView onVnodeUnmounted=fn<onVnodeUnmounted> ref=Ref< null > > 
  at <RouterView > 
  at <App> @ http://localhost:5173/node_modules/.vite/deps/vue.runtime.esm-bundler-CMLZRQMs.js?v=b93762a9:1752
[ 1942768ms] [WARNING] [Vue warn]: Component provided template option but runtime compilation is not supported in this build of Vue. Configure your bundler to alias "vue" to "vue/dist/vue.esm-bundler.js". 
  at <Anonymous size=14 > 
  at <RepoCard key=4 repo= {id: 4, full_name: tinyhumansai/openhuman, owner: tinyhumansai, repo_name: openhuman, name_zh: null} style= {animationDelay: 570ms}  ... > 
  at <HomeView onVnodeUnmounted=fn<onVnodeUnmounted> ref=Ref< null > > 
  at <RouterView > 
  at <App> @ http://localhost:5173/node_modules/.vite/deps/vue.runtime.esm-bundler-CMLZRQMs.js?v=b93762a9:1752
[ 1943751ms] [WARNING] [Vue warn]: Component provided template option but runtime compilation is not supported in this build of Vue. Configure your bundler to alias "vue" to "vue/dist/vue.esm-bundler.js". 
  at <Anonymous size=14 > 
  at <RepoCard key=2 repo= {id: 2, full_name: yikart/AiToEarn, owner: yikart, repo_name: AiToEarn, name_zh: null} style= {animationDelay: 600ms}  ... > 
  at <HomeView onVnodeUnmounted=fn<onVnodeUnmounted> ref=Ref< Proxy(Object) > > 
  at <RouterView > 
  at <App> @ http://localhost:5173/node_modules/.vite/deps/vue.runtime.esm-bundler-CMLZRQMs.js?v=b93762a9:1752
[ 1943752ms] [WARNING] [Vue warn]: Component provided template option but runtime compilation is not supported in this build of Vue. Configure your bundler to alias "vue" to "vue/dist/vue.esm-bundler.js". 
  at <Anonymous size=14 > 
  at <RepoCard key=6 repo= {id: 6, full_name: Lordog/dive-into-llms, owner: Lordog, repo_name: dive-into-llms, name_zh: null} style= {animationDelay: 600ms}  ... > 
  at <HomeView onVnodeUnmounted=fn<onVnodeUnmounted> ref=Ref< Proxy(Object) > > 
  at <RouterView > 
  at <App> @ http://localhost:5173/node_modules/.vite/deps/vue.runtime.esm-bundler-CMLZRQMs.js?v=b93762a9:1752
[ 1943754ms] [WARNING] [Vue warn]: Component provided template option but runtime compilation is not supported in this build of Vue. Configure your bundler to alias "vue" to "vue/dist/vue.esm-bundler.js". 
  at <Anonymous size=14 > 
  at <RepoCard key=5 repo= {id: 5, full_name: millionco/react-doctor, owner: millionco, repo_name: react-doctor, name_zh: null} style= {animationDelay: 600ms}  ... > 
  at <HomeView onVnodeUnmounted=fn<onVnodeUnmounted> ref=Ref< Proxy(Object) > > 
  at <RouterView > 
  at <App> @ http://localhost:5173/node_modules/.vite/deps/vue.runtime.esm-bundler-CMLZRQMs.js?v=b93762a9:1752
[ 1943755ms] [WARNING] [Vue warn]: Component provided template option but runtime compilation is not supported in this build of Vue. Configure your bundler to alias "vue" to "vue/dist/vue.esm-bundler.js". 
  at <Anonymous size=14 > 
  at <RepoCard key=8 repo= {id: 8, full_name: rasbt/LLMs-from-scratch, owner: rasbt, repo_name: LLMs-from-scratch, name_zh: null} style= {animationDelay: 600ms}  ... > 
  at <HomeView onVnodeUnmounted=fn<onVnodeUnmounted> ref=Ref< Proxy(Object) > > 
  at <RouterView > 
  at <App> @ http://localhost:5173/node_modules/.vite/deps/vue.runtime.esm-bundler-CMLZRQMs.js?v=b93762a9:1752
[ 1943756ms] [WARNING] [Vue warn]: Component provided template option but runtime compilation is not supported in this build of Vue. Configure your bundler to alias "vue" to "vue/dist/vue.esm-bundler.js". 
  at <Anonymous size=14 > 
  at <RepoCard key=11 repo= {id: 11, full_name: test-org/test-llm-repo, owner: test-org, repo_name: test-llm-repo, name_zh: null} style= {animationDelay: 600ms}  ... > 
  at <HomeView onVnodeUnmounted=fn<onVnodeUnmounted> ref=Ref< Proxy(Object) > > 
  at <RouterView > 
  at <App> @ http://localhost:5173/node_modules/.vite/deps/vue.runtime.esm-bundler-CMLZRQMs.js?v=b93762a9:1752
[ 1943757ms] [WARNING] [Vue warn]: Component provided template option but runtime compilation is not supported in this build of Vue. Configure your bundler to alias "vue" to "vue/dist/vue.esm-bundler.js". 
  at <Anonymous size=14 > 
  at <RepoCard key=7 repo= {id: 7, full_name: AUTOMATIC1111/stable-diffusion-webui, owner: AUTOMATIC1111, repo_name: stable-diffusion-webui, name_zh: null} style= {animationDelay: 600ms}  ... > 
  at <HomeView onVnodeUnmounted=fn<onVnodeUnmounted> ref=Ref< Proxy(Object) > > 
  at <RouterView > 
  at <App> @ http://localhost:5173/node_modules/.vite/deps/vue.runtime.esm-bundler-CMLZRQMs.js?v=b93762a9:1752
[ 1943758ms] [WARNING] [Vue warn]: Component provided template option but runtime compilation is not supported in this build of Vue. Configure your bundler to alias "vue" to "vue/dist/vue.esm-bundler.js". 
  at <Anonymous size=14 > 
  at <RepoCard key=12 repo= {id: 12, full_name: Significant-Gravitas/AutoGPT, owner: Significant-Gravitas, repo_name: AutoGPT, name_zh: null} style= {animationDelay: 600ms}  ... > 
  at <HomeView onVnodeUnmounted=fn<onVnodeUnmounted> ref=Ref< Proxy(Object) > > 
  at <RouterView > 
  at <App> @ http://localhost:5173/node_modules/.vite/deps/vue.runtime.esm-bundler-CMLZRQMs.js?v=b93762a9:1752
[ 1943759ms] [WARNING] [Vue warn]: Component provided template option but runtime compilation is not supported in this build of Vue. Configure your bundler to alias "vue" to "vue/dist/vue.esm-bundler.js". 
  at <Anonymous size=14 > 
  at <RepoCard key=13 repo= {id: 13, full_name: affaan-m/everything-claude-code, owner: affaan-m, repo_name: everything-claude-code, name_zh: null} style= {animationDelay: 600ms}  ... > 
  at <HomeView onVnodeUnmounted=fn<onVnodeUnmounted> ref=Ref< Proxy(Object) > > 
  at <RouterView > 
  at <App> @ http://localhost:5173/node_modules/.vite/deps/vue.runtime.esm-bundler-CMLZRQMs.js?v=b93762a9:1752
[ 1943759ms] [WARNING] [Vue warn]: Component provided template option but runtime compilation is not supported in this build of Vue. Configure your bundler to alias "vue" to "vue/dist/vue.esm-bundler.js". 
  at <Anonymous size=14 > 
  at <RepoCard key=14 repo= {id: 14, full_name: ollama/ollama, owner: ollama, repo_name: ollama, name_zh: null} style= {animationDelay: 600ms}  ... > 
  at <HomeView onVnodeUnmounted=fn<onVnodeUnmounted> ref=Ref< Proxy(Object) > > 
  at <RouterView > 
  at <App> @ http://localhost:5173/node_modules/.vite/deps/vue.runtime.esm-bundler-CMLZRQMs.js?v=b93762a9:1752
[ 1943760ms] [WARNING] [Vue warn]: Component provided template option but runtime compilation is not supported in this build of Vue. Configure your bundler to alias "vue" to "vue/dist/vue.esm-bundler.js". 
  at <Anonymous size=14 > 
  at <RepoCard key=15 repo= {id: 15, full_name: f/prompts.chat, owner: f, repo_name: prompts.chat, name_zh: null} style= {animationDelay: 600ms}  ... > 
  at <HomeView onVnodeUnmounted=fn<onVnodeUnmounted> ref=Ref< Proxy(Object) > > 
  at <RouterView > 
  at <App> @ http://localhost:5173/node_modules/.vite/deps/vue.runtime.esm-bundler-CMLZRQMs.js?v=b93762a9:1752
[ 1943761ms] [WARNING] [Vue warn]: Component provided template option but runtime compilation is not supported in this build of Vue. Configure your bundler to alias "vue" to "vue/dist/vue.esm-bundler.js". 
  at <Anonymous size=14 > 
  at <RepoCard key=16 repo= {id: 16, full_name: huggingface/transformers, owner: huggingface, repo_name: transformers, name_zh: null} style= {animationDelay: 600ms}  ... > 
  at <HomeView onVnodeUnmounted=fn<onVnodeUnmounted> ref=Ref< Proxy(Object) > > 
  at <RouterView > 
  at <App> @ http://localhost:5173/node_modules/.vite/deps/vue.runtime.esm-bundler-CMLZRQMs.js?v=b93762a9:1752
[ 1943762ms] [WARNING] [Vue warn]: Component provided template option but runtime compilation is not supported in this build of Vue. Configure your bundler to alias "vue" to "vue/dist/vue.esm-bundler.js". 
  at <Anonymous size=14 > 
  at <RepoCard key=17 repo= {id: 17, full_name: langgenius/dify, owner: langgenius, repo_name: dify, name_zh: null} style= {animationDelay: 600ms}  ... > 
  at <HomeView onVnodeUnmounted=fn<onVnodeUnmounted> ref=Ref< Proxy(Object) > > 
  at <RouterView > 
  at <App> @ http://localhost:5173/node_modules/.vite/deps/vue.runtime.esm-bundler-CMLZRQMs.js?v=b93762a9:1752
[ 1943763ms] [WARNING] [Vue warn]: Component provided template option but runtime compilation is not supported in this build of Vue. Configure your bundler to alias "vue" to "vue/dist/vue.esm-bundler.js". 
  at <Anonymous size=14 > 
  at <RepoCard key=18 repo= {id: 18, full_name: open-webui/open-webui, owner: open-webui, repo_name: open-webui, name_zh: null} style= {animationDelay: 600ms}  ... > 
  at <HomeView onVnodeUnmounted=fn<onVnodeUnmounted> ref=Ref< Proxy(Object) > > 
  at <RouterView > 
  at <App> @ http://localhost:5173/node_modules/.vite/deps/vue.runtime.esm-bundler-CMLZRQMs.js?v=b93762a9:1752
[ 1943764ms] [WARNING] [Vue warn]: Component provided template option but runtime compilation is not supported in this build of Vue. Configure your bundler to alias "vue" to "vue/dist/vue.esm-bundler.js". 
  at <Anonymous size=14 > 
  at <RepoCard key=19 repo= {id: 19, full_name: langchain-ai/langchain, owner: langchain-ai, repo_name: langchain, name_zh: null} style= {animationDelay: 600ms}  ... > 
  at <HomeView onVnodeUnmounted=fn<onVnodeUnmounted> ref=Ref< Proxy(Object) > > 
  at <RouterView > 
  at <App> @ http://localhost:5173/node_modules/.vite/deps/vue.runtime.esm-bundler-CMLZRQMs.js?v=b93762a9:1752
[ 1943765ms] [WARNING] [Vue warn]: Component provided template option but runtime compilation is not supported in this build of Vue. Configure your bundler to alias "vue" to "vue/dist/vue.esm-bundler.js". 
  at <Anonymous size=14 > 
  at <RepoCard key=20 repo= {id: 20, full_name: firecrawl/firecrawl, owner: firecrawl, repo_name: firecrawl, name_zh: null} style= {animationDelay: 600ms}  ... > 
  at <HomeView onVnodeUnmounted=fn<onVnodeUnmounted> ref=Ref< Proxy(Object) > > 
  at <RouterView > 
  at <App> @ http://localhost:5173/node_modules/.vite/deps/vue.runtime.esm-bundler-CMLZRQMs.js?v=b93762a9:1752
[ 1943766ms] [WARNING] [Vue warn]: Component provided template option but runtime compilation is not supported in this build of Vue. Configure your bundler to alias "vue" to "vue/dist/vue.esm-bundler.js". 
  at <Anonymous size=14 > 
  at <RepoCard key=21 repo= {id: 21, full_name: browser-use/browser-use, owner: browser-use, repo_name: browser-use, name_zh: null} style= {animationDelay: 600ms}  ... > 
  at <HomeView onVnodeUnmounted=fn<onVnodeUnmounted> ref=Ref< Proxy(Object) > > 
  at <RouterView > 
  at <App> @ http://localhost:5173/node_modules/.vite/deps/vue.runtime.esm-bundler-CMLZRQMs.js?v=b93762a9:1752
[ 1943767ms] [WARNING] [Vue warn]: Component provided template option but runtime compilation is not supported in this build of Vue. Configure your bundler to alias "vue" to "vue/dist/vue.esm-bundler.js". 
  at <Anonymous size=14 > 
  at <RepoCard key=22 repo= {id: 22, full_name: vllm-project/vllm, owner: vllm-project, repo_name: vllm, name_zh: null} style= {animationDelay: 600ms}  ... > 
  at <HomeView onVnodeUnmounted=fn<onVnodeUnmounted> ref=Ref< Proxy(Object) > > 
  at <RouterView > 
  at <App> @ http://localhost:5173/node_modules/.vite/deps/vue.runtime.esm-bundler-CMLZRQMs.js?v=b93762a9:1752
[ 1943768ms] [WARNING] [Vue warn]: Component provided template option but runtime compilation is not supported in this build of Vue. Configure your bundler to alias "vue" to "vue/dist/vue.esm-bundler.js". 
  at <Anonymous size=14 > 
  at <RepoCard key=23 repo= {id: 23, full_name: mlabonne/llm-course, owner: mlabonne, repo_name: llm-course, name_zh: null} style= {animationDelay: 600ms}  ... > 
  at <HomeView onVnodeUnmounted=fn<onVnodeUnmounted> ref=Ref< Proxy(Object) > > 
  at <RouterView > 
  at <App> @ http://localhost:5173/node_modules/.vite/deps/vue.runtime.esm-bundler-CMLZRQMs.js?v=b93762a9:1752
[ 1943768ms] [WARNING] [Vue warn]: Component provided template option but runtime compilation is not supported in this build of Vue. Configure your bundler to alias "vue" to "vue/dist/vue.esm-bundler.js". 
  at <Anonymous size=14 > 
  at <RepoCard key=25 repo= {id: 25, full_name: OpenHands/OpenHands, owner: OpenHands, repo_name: OpenHands, name_zh: null} style= {animationDelay: 600ms}  ... > 
  at <HomeView onVnodeUnmounted=fn<onVnodeUnmounted> ref=Ref< Proxy(Object) > > 
  at <RouterView > 
  at <App> @ http://localhost:5173/node_modules/.vite/deps/vue.runtime.esm-bundler-CMLZRQMs.js?v=b93762a9:1752
[ 1943769ms] [WARNING] [Vue warn]: Component provided template option but runtime compilation is not supported in this build of Vue. Configure your bundler to alias "vue" to "vue/dist/vue.esm-bundler.js". 
  at <Anonymous size=14 > 
  at <RepoCard key=26 repo= {id: 26, full_name: hiyouga/LlamaFactory, owner: hiyouga, repo_name: LlamaFactory, name_zh: null} style= {animationDelay: 600ms}  ... > 
  at <HomeView onVnodeUnmounted=fn<onVnodeUnmounted> ref=Ref< Proxy(Object) > > 
  at <RouterView > 
  at <App> @ http://localhost:5173/node_modules/.vite/deps/vue.runtime.esm-bundler-CMLZRQMs.js?v=b93762a9:1752
[ 1961108ms] [WARNING] [Vue warn]: Component provided template option but runtime compilation is not supported in this build of Vue. Configure your bundler to alias "vue" to "vue/dist/vue.esm-bundler.js". 
  at <Anonymous size=14 > 
  at <RepoCard key=27 repo= {id: 27, full_name: FoundationAgents/MetaGPT, owner: FoundationAgents, repo_name: MetaGPT, name_zh: null} style= {animationDelay: 600ms}  ... > 
  at <HomeView onVnodeUnmounted=fn<onVnodeUnmounted> ref=Ref< Proxy(Object) > > 
  at <RouterView > 
  at <App> @ http://localhost:5173/node_modules/.vite/deps/vue.runtime.esm-bundler-CMLZRQMs.js?v=b93762a9:1752
[ 1961109ms] [WARNING] [Vue warn]: Component provided template option but runtime compilation is not supported in this build of Vue. Configure your bundler to alias "vue" to "vue/dist/vue.esm-bundler.js". 
  at <Anonymous size=14 > 
  at <RepoCard key=28 repo= {id: 28, full_name: bytedance/deer-flow, owner: bytedance, repo_name: deer-flow, name_zh: null} style= {animationDelay: 600ms}  ... > 
  at <HomeView onVnodeUnmounted=fn<onVnodeUnmounted> ref=Ref< Proxy(Object) > > 
  at <RouterView > 
  at <App> @ http://localhost:5173/node_modules/.vite/deps/vue.runtime.esm-bundler-CMLZRQMs.js?v=b93762a9:1752
[ 1961109ms] [WARNING] [Vue warn]: Component provided template option but runtime compilation is not supported in this build of Vue. Configure your bundler to alias "vue" to "vue/dist/vue.esm-bundler.js". 
  at <Anonymous size=14 > 
  at <RepoCard key=29 repo= {id: 29, full_name: unslothai/unsloth, owner: unslothai, repo_name: unsloth, name_zh: null} style= {animationDelay: 600ms}  ... > 
  at <HomeView onVnodeUnmounted=fn<onVnodeUnmounted> ref=Ref< Proxy(Object) > > 
  at <RouterView > 
  at <App> @ http://localhost:5173/node_modules/.vite/deps/vue.runtime.esm-bundler-CMLZRQMs.js?v=b93762a9:1752
[ 1961110ms] [WARNING] [Vue warn]: Component provided template option but runtime compilation is not supported in this build of Vue. Configure your bundler to alias "vue" to "vue/dist/vue.esm-bundler.js". 
  at <Anonymous size=14 > 
  at <RepoCard key=30 repo= {id: 30, full_name: jingyaogong/minimind, owner: jingyaogong, repo_name: minimind, name_zh: null} style= {animationDelay: 600ms}  ... > 
  at <HomeView onVnodeUnmounted=fn<onVnodeUnmounted> ref=Ref< Proxy(Object) > > 
  at <RouterView > 
  at <App> @ http://localhost:5173/node_modules/.vite/deps/vue.runtime.esm-bundler-CMLZRQMs.js?v=b93762a9:1752
[ 1961110ms] [WARNING] [Vue warn]: Component provided template option but runtime compilation is not supported in this build of Vue. Configure your bundler to alias "vue" to "vue/dist/vue.esm-bundler.js". 
  at <Anonymous size=14 > 
  at <RepoCard key=31 repo= {id: 31, full_name: ScrapeGraphAI/Scrapegraph-ai, owner: ScrapeGraphAI, repo_name: Scrapegraph-ai, name_zh: null} style= {animationDelay: 600ms}  ... > 
  at <HomeView onVnodeUnmounted=fn<onVnodeUnmounted> ref=Ref< Proxy(Object) > > 
  at <RouterView > 
  at <App> @ http://localhost:5173/node_modules/.vite/deps/vue.runtime.esm-bundler-CMLZRQMs.js?v=b93762a9:1752
[ 1961110ms] [WARNING] [Vue warn]: Component provided template option but runtime compilation is not supported in this build of Vue. Configure your bundler to alias "vue" to "vue/dist/vue.esm-bundler.js". 
  at <Anonymous size=14 > 
  at <RepoCard key=32 repo= {id: 32, full_name: The-Pocket/PocketFlow-Tutorial-Codebase-Knowledge, owner: The-Pocket, repo_name: PocketFlow-Tutorial-Codebase-Knowledge, name_zh: null} style= {animationDelay: 600ms}  ... > 
  at <HomeView onVnodeUnmounted=fn<onVnodeUnmounted> ref=Ref< Proxy(Object) > > 
  at <RouterView > 
  at <App> @ http://localhost:5173/node_modules/.vite/deps/vue.runtime.esm-bundler-CMLZRQMs.js?v=b93762a9:1752
[ 1961111ms] [WARNING] [Vue warn]: Component provided template option but runtime compilation is not supported in this build of Vue. Configure your bundler to alias "vue" to "vue/dist/vue.esm-bundler.js". 
  at <Anonymous size=14 > 
  at <RepoCard key=33 repo= {id: 33, full_name: The-Pocket/PocketFlow, owner: The-Pocket, repo_name: PocketFlow, name_zh: null} style= {animationDelay: 600ms}  ... > 
  at <HomeView onVnodeUnmounted=fn<onVnodeUnmounted> ref=Ref< Proxy(Object) > > 
  at <RouterView > 
  at <App> @ http://localhost:5173/node_modules/.vite/deps/vue.runtime.esm-bundler-CMLZRQMs.js?v=b93762a9:1752
[ 1961111ms] [WARNING] [Vue warn]: Component provided template option but runtime compilation is not supported in this build of Vue. Configure your bundler to alias "vue" to "vue/dist/vue.esm-bundler.js". 
  at <Anonymous size=14 > 
  at <RepoCard key=34 repo= {id: 34, full_name: OpenSPG/KAG, owner: OpenSPG, repo_name: KAG, name_zh: null} style= {animationDelay: 600ms}  ... > 
  at <HomeView onVnodeUnmounted=fn<onVnodeUnmounted> ref=Ref< Proxy(Object) > > 
  at <RouterView > 
  at <App> @ http://localhost:5173/node_modules/.vite/deps/vue.runtime.esm-bundler-CMLZRQMs.js?v=b93762a9:1752
[ 1961112ms] [WARNING] [Vue warn]: Component provided template option but runtime compilation is not supported in this build of Vue. Configure your bundler to alias "vue" to "vue/dist/vue.esm-bundler.js". 
  at <Anonymous size=14 > 
  at <RepoCard key=35 repo= {id: 35, full_name: 0xPlaygrounds/rig, owner: 0xPlaygrounds, repo_name: rig, name_zh: null} style= {animationDelay: 600ms}  ... > 
  at <HomeView onVnodeUnmounted=fn<onVnodeUnmounted> ref=Ref< Proxy(Object) > > 
  at <RouterView > 
  at <App> @ http://localhost:5173/node_modules/.vite/deps/vue.runtime.esm-bundler-CMLZRQMs.js?v=b93762a9:1752
[ 1961112ms] [WARNING] [Vue warn]: Component provided template option but runtime compilation is not supported in this build of Vue. Configure your bundler to alias "vue" to "vue/dist/vue.esm-bundler.js". 
  at <Anonymous size=14 > 
  at <RepoCard key=36 repo= {id: 36, full_name: InternLM/InternLM, owner: InternLM, repo_name: InternLM, name_zh: null} style= {animationDelay: 600ms}  ... > 
  at <HomeView onVnodeUnmounted=fn<onVnodeUnmounted> ref=Ref< Proxy(Object) > > 
  at <RouterView > 
  at <App> @ http://localhost:5173/node_modules/.vite/deps/vue.runtime.esm-bundler-CMLZRQMs.js?v=b93762a9:1752
[ 1961113ms] [WARNING] [Vue warn]: Component provided template option but runtime compilation is not supported in this build of Vue. Configure your bundler to alias "vue" to "vue/dist/vue.esm-bundler.js". 
  at <Anonymous size=14 > 
  at <RepoCard key=37 repo= {id: 37, full_name: open-compass/opencompass, owner: open-compass, repo_name: opencompass, name_zh: null} style= {animationDelay: 600ms}  ... > 
  at <HomeView onVnodeUnmounted=fn<onVnodeUnmounted> ref=Ref< Proxy(Object) > > 
  at <RouterView > 
  at <App> @ http://localhost:5173/node_modules/.vite/deps/vue.runtime.esm-bundler-CMLZRQMs.js?v=b93762a9:1752
[ 1961113ms] [WARNING] [Vue warn]: Component provided template option but runtime compilation is not supported in this build of Vue. Configure your bundler to alias "vue" to "vue/dist/vue.esm-bundler.js". 
  at <Anonymous size=14 > 
  at <RepoCard key=38 repo= {id: 38, full_name: gluonfield/enchanted, owner: gluonfield, repo_name: enchanted, name_zh: null} style= {animationDelay: 600ms}  ... > 
  at <HomeView onVnodeUnmounted=fn<onVnodeUnmounted> ref=Ref< Proxy(Object) > > 
  at <RouterView > 
  at <App> @ http://localhost:5173/node_modules/.vite/deps/vue.runtime.esm-bundler-CMLZRQMs.js?v=b93762a9:1752
[ 1961114ms] [WARNING] [Vue warn]: Component provided template option but runtime compilation is not supported in this build of Vue. Configure your bundler to alias "vue" to "vue/dist/vue.esm-bundler.js". 
  at <Anonymous size=14 > 
  at <RepoCard key=39 repo= {id: 39, full_name: BrainBlend-AI/atomic-agents, owner: BrainBlend-AI, repo_name: atomic-agents, name_zh: null} style= {animationDelay: 600ms}  ... > 
  at <HomeView onVnodeUnmounted=fn<onVnodeUnmounted> ref=Ref< Proxy(Object) > > 
  at <RouterView > 
  at <App> @ http://localhost:5173/node_modules/.vite/deps/vue.runtime.esm-bundler-CMLZRQMs.js?v=b93762a9:1752
[ 1961114ms] [WARNING] [Vue warn]: Component provided template option but runtime compilation is not supported in this build of Vue. Configure your bundler to alias "vue" to "vue/dist/vue.esm-bundler.js". 
  at <Anonymous size=14 > 
  at <RepoCard key=40 repo= {id: 40, full_name: skyzh/tiny-llm, owner: skyzh, repo_name: tiny-llm, name_zh: null} style= {animationDelay: 600ms}  ... > 
  at <HomeView onVnodeUnmounted=fn<onVnodeUnmounted> ref=Ref< Proxy(Object) > > 
  at <RouterView > 
  at <App> @ http://localhost:5173/node_modules/.vite/deps/vue.runtime.esm-bundler-CMLZRQMs.js?v=b93762a9:1752
[ 1961114ms] [WARNING] [Vue warn]: Component provided template option but runtime compilation is not supported in this build of Vue. Configure your bundler to alias "vue" to "vue/dist/vue.esm-bundler.js". 
  at <Anonymous size=14 > 
  at <RepoCard key=41 repo= {id: 41, full_name: verazuo/jailbreak_llms, owner: verazuo, repo_name: jailbreak_llms, name_zh: null} style= {animationDelay: 600ms}  ... > 
  at <HomeView onVnodeUnmounted=fn<onVnodeUnmounted> ref=Ref< Proxy(Object) > > 
  at <RouterView > 
  at <App> @ http://localhost:5173/node_modules/.vite/deps/vue.runtime.esm-bundler-CMLZRQMs.js?v=b93762a9:1752
[ 1961115ms] [WARNING] [Vue warn]: Component provided template option but runtime compilation is not supported in this build of Vue. Configure your bundler to alias "vue" to "vue/dist/vue.esm-bundler.js". 
  at <Anonymous size=14 > 
  at <RepoCard key=42 repo= {id: 42, full_name: ridgerchu/matmulfreellm, owner: ridgerchu, repo_name: matmulfreellm, name_zh: null} style= {animationDelay: 600ms}  ... > 
  at <HomeView onVnodeUnmounted=fn<onVnodeUnmounted> ref=Ref< Proxy(Object) > > 
  at <RouterView > 
  at <App> @ http://localhost:5173/node_modules/.vite/deps/vue.runtime.esm-bundler-CMLZRQMs.js?v=b93762a9:1752
[ 1961115ms] [WARNING] [Vue warn]: Component provided template option but runtime compilation is not supported in this build of Vue. Configure your bundler to alias "vue" to "vue/dist/vue.esm-bundler.js". 
  at <Anonymous size=14 > 
  at <RepoCard key=43 repo= {id: 43, full_name: InternLM/InternLM-XComposer, owner: InternLM, repo_name: InternLM-XComposer, name_zh: null} style= {animationDelay: 600ms}  ... > 
  at <HomeView onVnodeUnmounted=fn<onVnodeUnmounted> ref=Ref< Proxy(Object) > > 
  at <RouterView > 
  at <App> @ http://localhost:5173/node_modules/.vite/deps/vue.runtime.esm-bundler-CMLZRQMs.js?v=b93762a9:1752
[ 1961116ms] [WARNING] [Vue warn]: Component provided template option but runtime compilation is not supported in this build of Vue. Configure your bundler to alias "vue" to "vue/dist/vue.esm-bundler.js". 
  at <Anonymous size=14 > 
  at <RepoCard key=44 repo= {id: 44, full_name: JIA-Lab-research/LISA, owner: JIA-Lab-research, repo_name: LISA, name_zh: null} style= {animationDelay: 600ms}  ... > 
  at <HomeView onVnodeUnmounted=fn<onVnodeUnmounted> ref=Ref< Proxy(Object) > > 
  at <RouterView > 
  at <App> @ http://localhost:5173/node_modules/.vite/deps/vue.runtime.esm-bundler-CMLZRQMs.js?v=b93762a9:1752
[ 1961116ms] [WARNING] [Vue warn]: Component provided template option but runtime compilation is not supported in this build of Vue. Configure your bundler to alias "vue" to "vue/dist/vue.esm-bundler.js". 
  at <Anonymous size=14 > 
  at <RepoCard key=45 repo= {id: 45, full_name: RManLuo/Awesome-LLM-KG, owner: RManLuo, repo_name: Awesome-LLM-KG, name_zh: null} style= {animationDelay: 600ms}  ... > 
  at <HomeView onVnodeUnmounted=fn<onVnodeUnmounted> ref=Ref< Proxy(Object) > > 
  at <RouterView > 
  at <App> @ http://localhost:5173/node_modules/.vite/deps/vue.runtime.esm-bundler-CMLZRQMs.js?v=b93762a9:1752
[ 1961116ms] [WARNING] [Vue warn]: Component provided template option but runtime compilation is not supported in this build of Vue. Configure your bundler to alias "vue" to "vue/dist/vue.esm-bundler.js". 
  at <Anonymous size=14 > 
  at <RepoCard key=46 repo= {id: 46, full_name: genieincodebottle/generative-ai, owner: genieincodebottle, repo_name: generative-ai, name_zh: null} style= {animationDelay: 600ms}  ... > 
  at <HomeView onVnodeUnmounted=fn<onVnodeUnmounted> ref=Ref< Proxy(Object) > > 
  at <RouterView > 
  at <App> @ http://localhost:5173/node_modules/.vite/deps/vue.runtime.esm-bundler-CMLZRQMs.js?v=b93762a9:1752
[ 1968259ms] [WARNING] [Vue warn]: Component provided template option but runtime compilation is not supported in this build of Vue. Configure your bundler to alias "vue" to "vue/dist/vue.esm-bundler.js". 
  at <Anonymous > 
  at <RepoDrawer key=0 repo-name="Hmbown/DeepSeek-TUI" onClose=fn > 
  at <HomeView onVnodeUnmounted=fn<onVnodeUnmounted> ref=Ref< Proxy(Object) > > 
  at <RouterView > 
  at <App> @ http://localhost:5173/node_modules/.vite/deps/vue.runtime.esm-bundler-CMLZRQMs.js?v=b93762a9:1752
[ 1981014ms] [WARNING] [Vue warn]: Component provided template option but runtime compilation is not supported in this build of Vue. Configure your bundler to alias "vue" to "vue/dist/vue.esm-bundler.js". 
  at <Anonymous size=14 > 
  at <RepoCard key=557 repo= {id: 557, full_name: Hmbown/DeepSeek-TUI, owner: Hmbown, repo_name: DeepSeek-TUI, name_zh: null} style= {animationDelay: 0ms}  ... > 
  at <HomeView onVnodeUnmounted=fn<onVnodeUnmounted> ref=Ref< Proxy(Object) > > 
  at <RouterView > 
  at <App> @ http://localhost:5173/node_modules/.vite/deps/vue.runtime.esm-bundler-CMLZRQMs.js?v=b93762a9:1752
[ 1981015ms] [WARNING] [Vue warn]: Component provided template option but runtime compilation is not supported in this build of Vue. Configure your bundler to alias "vue" to "vue/dist/vue.esm-bundler.js". 
  at <Anonymous size=14 > 
  at <RepoCard key=564 repo= {id: 564, full_name: mattpocock/skills, owner: mattpocock, repo_name: skills, name_zh: null} style= {animationDelay: 30ms}  ... > 
  at <HomeView onVnodeUnmounted=fn<onVnodeUnmounted> ref=Ref< Proxy(Object) > > 
  at <RouterView > 
  at <App> @ http://localhost:5173/node_modules/.vite/deps/vue.runtime.esm-bundler-CMLZRQMs.js?v=b93762a9:1752
[ 1981016ms] [WARNING] [Vue warn]: Component provided template option but runtime compilation is not supported in this build of Vue. Configure your bundler to alias "vue" to "vue/dist/vue.esm-bundler.js". 
  at <Anonymous size=14 > 
  at <RepoCard key=132 repo= {id: 132, full_name: ruvnet/ruflo, owner: ruvnet, repo_name: ruflo, name_zh: null} style= {animationDelay: 60ms}  ... > 
  at <HomeView onVnodeUnmounted=fn<onVnodeUnmounted> ref=Ref< Proxy(Object) > > 
  at <RouterView > 
  at <App> @ http://localhost:5173/node_modules/.vite/deps/vue.runtime.esm-bundler-CMLZRQMs.js?v=b93762a9:1752
[ 1981017ms] [WARNING] [Vue warn]: Component provided template option but runtime compilation is not supported in this build of Vue. Configure your bundler to alias "vue" to "vue/dist/vue.esm-bundler.js". 
  at <Anonymous size=14 > 
  at <RepoCard key=560 repo= {id: 560, full_name: addyosmani/agent-skills, owner: addyosmani, repo_name: agent-skills, name_zh: null} style= {animationDelay: 90ms}  ... > 
  at <HomeView onVnodeUnmounted=fn<onVnodeUnmounted> ref=Ref< Proxy(Object) > > 
  at <RouterView > 
  at <App> @ http://localhost:5173/node_modules/.vite/deps/vue.runtime.esm-bundler-CMLZRQMs.js?v=b93762a9:1752
[ 1981018ms] [WARNING] [Vue warn]: Component provided template option but runtime compilation is not supported in this build of Vue. Configure your bundler to alias "vue" to "vue/dist/vue.esm-bundler.js". 
  at <Anonymous size=14 > 
  at <RepoCard key=24 repo= {id: 24, full_name: TauricResearch/TradingAgents, owner: TauricResearch, repo_name: TradingAgents, name_zh: null} style= {animationDelay: 120ms}  ... > 
  at <HomeView onVnodeUnmounted=fn<onVnodeUnmounted> ref=Ref< Proxy(Object) > > 
  at <RouterView > 
  at <App> @ http://localhost:5173/node_modules/.vite/deps/vue.runtime.esm-bundler-CMLZRQMs.js?v=b93762a9:1752
[ 1981019ms] [WARNING] [Vue warn]: Component provided template option but runtime compilation is not supported in this build of Vue. Configure your bundler to alias "vue" to "vue/dist/vue.esm-bundler.js". 
  at <Anonymous size=14 > 
  at <RepoCard key=214 repo= {id: 214, full_name: AIDC-AI/Pixelle-Video, owner: AIDC-AI, repo_name: Pixelle-Video, name_zh: null} style= {animationDelay: 150ms}  ... > 
  at <HomeView onVnodeUnmounted=fn<onVnodeUnmounted> ref=Ref< Proxy(Object) > > 
  at <RouterView > 
  at <App> @ http://localhost:5173/node_modules/.vite/deps/vue.runtime.esm-bundler-CMLZRQMs.js?v=b93762a9:1752
[ 1981019ms] [WARNING] [Vue warn]: Component provided template option but runtime compilation is not supported in this build of Vue. Configure your bundler to alias "vue" to "vue/dist/vue.esm-bundler.js". 
  at <Anonymous size=14 > 
  at <RepoCard key=117 repo= {id: 117, full_name: VectifyAI/PageIndex, owner: VectifyAI, repo_name: PageIndex, name_zh: null} style= {animationDelay: 180ms}  ... > 
  at <HomeView onVnodeUnmounted=fn<onVnodeUnmounted> ref=Ref< Proxy(Object) > > 
  at <RouterView > 
  at <App> @ http://localhost:5173/node_modules/.vite/deps/vue.runtime.esm-bundler-CMLZRQMs.js?v=b93762a9:1752
[ 1981020ms] [WARNING] [Vue warn]: Component provided template option but runtime compilation is not supported in this build of Vue. Configure your bundler to alias "vue" to "vue/dist/vue.esm-bundler.js". 
  at <Anonymous size=14 > 
  at <RepoCard key=559 repo= {id: 559, full_name: virattt/dexter, owner: virattt, repo_name: dexter, name_zh: null} style= {animationDelay: 210ms}  ... > 
  at <HomeView onVnodeUnmounted=fn<onVnodeUnmounted> ref=Ref< Proxy(Object) > > 
  at <RouterView > 
  at <App> @ http://localhost:5173/node_modules/.vite/deps/vue.runtime.esm-bundler-CMLZRQMs.js?v=b93762a9:1752
[ 1981022ms] [WARNING] [Vue warn]: Component provided template option but runtime compilation is not supported in this build of Vue. Configure your bundler to alias "vue" to "vue/dist/vue.esm-bundler.js". 
  at <Anonymous size=14 > 
  at <RepoCard key=129 repo= {id: 129, full_name: LearningCircuit/local-deep-research, owner: LearningCircuit, repo_name: local-deep-research, name_zh: null} style= {animationDelay: 240ms}  ... > 
  at <HomeView onVnodeUnmounted=fn<onVnodeUnmounted> ref=Ref< Proxy(Object) > > 
  at <RouterView > 
  at <App> @ http://localhost:5173/node_modules/.vite/deps/vue.runtime.esm-bundler-CMLZRQMs.js?v=b93762a9:1752
[ 1981023ms] [WARNING] [Vue warn]: Component provided template option but runtime compilation is not supported in this build of Vue. Configure your bundler to alias "vue" to "vue/dist/vue.esm-bundler.js". 
  at <Anonymous size=14 > 
  at <RepoCard key=563 repo= {id: 563, full_name: 1jehuang/jcode, owner: 1jehuang, repo_name: jcode, name_zh: null} style= {animationDelay: 270ms}  ... > 
  at <HomeView onVnodeUnmounted=fn<onVnodeUnmounted> ref=Ref< Proxy(Object) > > 
  at <RouterView > 
  at <App> @ http://localhost:5173/node_modules/.vite/deps/vue.runtime.esm-bundler-CMLZRQMs.js?v=b93762a9:1752
[ 1981024ms] [WARNING] [Vue warn]: Component provided template option but runtime compilation is not supported in this build of Vue. Configure your bundler to alias "vue" to "vue/dist/vue.esm-bundler.js". 
  at <Anonymous size=14 > 
  at <RepoCard key=339 repo= {id: 339, full_name: cocoindex-io/cocoindex, owner: cocoindex-io, repo_name: cocoindex, name_zh: null} style= {animationDelay: 300ms}  ... > 
  at <HomeView onVnodeUnmounted=fn<onVnodeUnmounted> ref=Ref< Proxy(Object) > > 
  at <RouterView > 
  at <App> @ http://localhost:5173/node_modules/.vite/deps/vue.runtime.esm-bundler-CMLZRQMs.js?v=b93762a9:1752
[ 1981025ms] [WARNING] [Vue warn]: Component provided template option but runtime compilation is not supported in this build of Vue. Configure your bundler to alias "vue" to "vue/dist/vue.esm-bundler.js". 
  at <Anonymous size=14 > 
  at <RepoCard key=558 repo= {id: 558, full_name: bwya77/vscode-dark-islands, owner: bwya77, repo_name: vscode-dark-islands, name_zh: null} style= {animationDelay: 330ms}  ... > 
  at <HomeView onVnodeUnmounted=fn<onVnodeUnmounted> ref=Ref< Proxy(Object) > > 
  at <RouterView > 
  at <App> @ http://localhost:5173/node_modules/.vite/deps/vue.runtime.esm-bundler-CMLZRQMs.js?v=b93762a9:1752
[ 1981026ms] [WARNING] [Vue warn]: Component provided template option but runtime compilation is not supported in this build of Vue. Configure your bundler to alias "vue" to "vue/dist/vue.esm-bundler.js". 
  at <Anonymous size=14 > 
  at <RepoCard key=9 repo= {id: 9, full_name: NousResearch/hermes-agent, owner: NousResearch, repo_name: hermes-agent, name_zh: null} style= {animationDelay: 360ms}  ... > 
  at <HomeView onVnodeUnmounted=fn<onVnodeUnmounted> ref=Ref< Proxy(Object) > > 
  at <RouterView > 
  at <App> @ http://localhost:5173/node_modules/.vite/deps/vue.runtime.esm-bundler-CMLZRQMs.js?v=b93762a9:1752
[ 1981027ms] [WARNING] [Vue warn]: Component provided template option but runtime compilation is not supported in this build of Vue. Configure your bundler to alias "vue" to "vue/dist/vue.esm-bundler.js". 
  at <Anonymous size=14 > 
  at <RepoCard key=561 repo= {id: 561, full_name: InsForge/InsForge, owner: InsForge, repo_name: InsForge, name_zh: null} style= {animationDelay: 390ms}  ... > 
  at <HomeView onVnodeUnmounted=fn<onVnodeUnmounted> ref=Ref< Proxy(Object) > > 
  at <RouterView > 
  at <App> @ http://localhost:5173/node_modules/.vite/deps/vue.runtime.esm-bundler-CMLZRQMs.js?v=b93762a9:1752
[ 1981028ms] [WARNING] [Vue warn]: Component provided template option but runtime compilation is not supported in this build of Vue. Configure your bundler to alias "vue" to "vue/dist/vue.esm-bundler.js". 
  at <Anonymous size=14 > 
  at <RepoCard key=1 repo= {id: 1, full_name: bytedance/UI-TARS-desktop, owner: bytedance, repo_name: UI-TARS-desktop, name_zh: null} style= {animationDelay: 420ms}  ... > 
  at <HomeView onVnodeUnmounted=fn<onVnodeUnmounted> ref=Ref< Proxy(Object) > > 
  at <RouterView > 
  at <App> @ http://localhost:5173/node_modules/.vite/deps/vue.runtime.esm-bundler-CMLZRQMs.js?v=b93762a9:1752
[ 1981029ms] [WARNING] [Vue warn]: Component provided template option but runtime compilation is not supported in this build of Vue. Configure your bundler to alias "vue" to "vue/dist/vue.esm-bundler.js". 
  at <Anonymous size=14 > 
  at <RepoCard key=3 repo= {id: 3, full_name: decolua/9router, owner: decolua, repo_name: 9router, name_zh: null} style= {animationDelay: 450ms}  ... > 
  at <HomeView onVnodeUnmounted=fn<onVnodeUnmounted> ref=Ref< Proxy(Object) > > 
  at <RouterView > 
  at <App> @ http://localhost:5173/node_modules/.vite/deps/vue.runtime.esm-bundler-CMLZRQMs.js?v=b93762a9:1752
[ 1981031ms] [WARNING] [Vue warn]: Component provided template option but runtime compilation is not supported in this build of Vue. Configure your bundler to alias "vue" to "vue/dist/vue.esm-bundler.js". 
  at <Anonymous size=14 > 
  at <RepoCard key=556 repo= {id: 556, full_name: datawhalechina/easy-vibe, owner: datawhalechina, repo_name: easy-vibe, name_zh: null} style= {animationDelay: 480ms}  ... > 
  at <HomeView onVnodeUnmounted=fn<onVnodeUnmounted> ref=Ref< Proxy(Object) > > 
  at <RouterView > 
  at <App> @ http://localhost:5173/node_modules/.vite/deps/vue.runtime.esm-bundler-CMLZRQMs.js?v=b93762a9:1752
[ 1981032ms] [WARNING] [Vue warn]: Component provided template option but runtime compilation is not supported in this build of Vue. Configure your bundler to alias "vue" to "vue/dist/vue.esm-bundler.js". 
  at <Anonymous size=14 > 
  at <RepoCard key=562 repo= {id: 562, full_name: PriorLabs/TabPFN, owner: PriorLabs, repo_name: TabPFN, name_zh: null} style= {animationDelay: 510ms}  ... > 
  at <HomeView onVnodeUnmounted=fn<onVnodeUnmounted> ref=Ref< Proxy(Object) > > 
  at <RouterView > 
  at <App> @ http://localhost:5173/node_modules/.vite/deps/vue.runtime.esm-bundler-CMLZRQMs.js?v=b93762a9:1752
[ 1981033ms] [WARNING] [Vue warn]: Component provided template option but runtime compilation is not supported in this build of Vue. Configure your bundler to alias "vue" to "vue/dist/vue.esm-bundler.js". 
  at <Anonymous size=14 > 
  at <RepoCard key=10 repo= {id: 10, full_name: rohitg00/agentmemory, owner: rohitg00, repo_name: agentmemory, name_zh: null} style= {animationDelay: 540ms}  ... > 
  at <HomeView onVnodeUnmounted=fn<onVnodeUnmounted> ref=Ref< Proxy(Object) > > 
  at <RouterView > 
  at <App> @ http://localhost:5173/node_modules/.vite/deps/vue.runtime.esm-bundler-CMLZRQMs.js?v=b93762a9:1752
[ 1981034ms] [WARNING] [Vue warn]: Component provided template option but runtime compilation is not supported in this build of Vue. Configure your bundler to alias "vue" to "vue/dist/vue.esm-bundler.js". 
  at <Anonymous size=14 > 
  at <RepoCard key=4 repo= {id: 4, full_name: tinyhumansai/openhuman, owner: tinyhumansai, repo_name: openhuman, name_zh: null} style= {animationDelay: 570ms}  ... > 
  at <HomeView onVnodeUnmounted=fn<onVnodeUnmounted> ref=Ref< Proxy(Object) > > 
  at <RouterView > 
  at <App> @ http://localhost:5173/node_modules/.vite/deps/vue.runtime.esm-bundler-CMLZRQMs.js?v=b93762a9:1752
[ 1981035ms] [WARNING] [Vue warn]: Component provided template option but runtime compilation is not supported in this build of Vue. Configure your bundler to alias "vue" to "vue/dist/vue.esm-bundler.js". 
  at <Anonymous size=14 > 
  at <RepoCard key=2 repo= {id: 2, full_name: yikart/AiToEarn, owner: yikart, repo_name: AiToEarn, name_zh: null} style= {animationDelay: 600ms}  ... > 
  at <HomeView onVnodeUnmounted=fn<onVnodeUnmounted> ref=Ref< Proxy(Object) > > 
  at <RouterView > 
  at <App> @ http://localhost:5173/node_modules/.vite/deps/vue.runtime.esm-bundler-CMLZRQMs.js?v=b93762a9:1752
[ 1981036ms] [WARNING] [Vue warn]: Component provided template option but runtime compilation is not supported in this build of Vue. Configure your bundler to alias "vue" to "vue/dist/vue.esm-bundler.js". 
  at <Anonymous size=14 > 
  at <RepoCard key=6 repo= {id: 6, full_name: Lordog/dive-into-llms, owner: Lordog, repo_name: dive-into-llms, name_zh: null} style= {animationDelay: 600ms}  ... > 
  at <HomeView onVnodeUnmounted=fn<onVnodeUnmounted> ref=Ref< Proxy(Object) > > 
  at <RouterView > 
  at <App> @ http://localhost:5173/node_modules/.vite/deps/vue.runtime.esm-bundler-CMLZRQMs.js?v=b93762a9:1752
[ 1981037ms] [WARNING] [Vue warn]: Component provided template option but runtime compilation is not supported in this build of Vue. Configure your bundler to alias "vue" to "vue/dist/vue.esm-bundler.js". 
  at <Anonymous size=14 > 
  at <RepoCard key=5 repo= {id: 5, full_name: millionco/react-doctor, owner: millionco, repo_name: react-doctor, name_zh: null} style= {animationDelay: 600ms}  ... > 
  at <HomeView onVnodeUnmounted=fn<onVnodeUnmounted> ref=Ref< Proxy(Object) > > 
  at <RouterView > 
  at <App> @ http://localhost:5173/node_modules/.vite/deps/vue.runtime.esm-bundler-CMLZRQMs.js?v=b93762a9:1752
[ 1981038ms] [WARNING] [Vue warn]: Component provided template option but runtime compilation is not supported in this build of Vue. Configure your bundler to alias "vue" to "vue/dist/vue.esm-bundler.js". 
  at <Anonymous size=14 > 
  at <RepoCard key=8 repo= {id: 8, full_name: rasbt/LLMs-from-scratch, owner: rasbt, repo_name: LLMs-from-scratch, name_zh: null} style= {animationDelay: 600ms}  ... > 
  at <HomeView onVnodeUnmounted=fn<onVnodeUnmounted> ref=Ref< Proxy(Object) > > 
  at <RouterView > 
  at <App> @ http://localhost:5173/node_modules/.vite/deps/vue.runtime.esm-bundler-CMLZRQMs.js?v=b93762a9:1752
[ 1981039ms] [WARNING] [Vue warn]: Component provided template option but runtime compilation is not supported in this build of Vue. Configure your bundler to alias "vue" to "vue/dist/vue.esm-bundler.js". 
  at <Anonymous size=14 > 
  at <RepoCard key=11 repo= {id: 11, full_name: test-org/test-llm-repo, owner: test-org, repo_name: test-llm-repo, name_zh: null} style= {animationDelay: 600ms}  ... > 
  at <HomeView onVnodeUnmounted=fn<onVnodeUnmounted> ref=Ref< Proxy(Object) > > 
  at <RouterView > 
  at <App> @ http://localhost:5173/node_modules/.vite/deps/vue.runtime.esm-bundler-CMLZRQMs.js?v=b93762a9:1752
[ 1981039ms] [WARNING] [Vue warn]: Component provided template option but runtime compilation is not supported in this build of Vue. Configure your bundler to alias "vue" to "vue/dist/vue.esm-bundler.js". 
  at <Anonymous size=14 > 
  at <RepoCard key=7 repo= {id: 7, full_name: AUTOMATIC1111/stable-diffusion-webui, owner: AUTOMATIC1111, repo_name: stable-diffusion-webui, name_zh: null} style= {animationDelay: 600ms}  ... > 
  at <HomeView onVnodeUnmounted=fn<onVnodeUnmounted> ref=Ref< Proxy(Object) > > 
  at <RouterView > 
  at <App> @ http://localhost:5173/node_modules/.vite/deps/vue.runtime.esm-bundler-CMLZRQMs.js?v=b93762a9:1752
[ 1981040ms] [WARNING] [Vue warn]: Component provided template option but runtime compilation is not supported in this build of Vue. Configure your bundler to alias "vue" to "vue/dist/vue.esm-bundler.js". 
  at <Anonymous size=14 > 
  at <RepoCard key=12 repo= {id: 12, full_name: Significant-Gravitas/AutoGPT, owner: Significant-Gravitas, repo_name: AutoGPT, name_zh: null} style= {animationDelay: 600ms}  ... > 
  at <HomeView onVnodeUnmounted=fn<onVnodeUnmounted> ref=Ref< Proxy(Object) > > 
  at <RouterView > 
  at <App> @ http://localhost:5173/node_modules/.vite/deps/vue.runtime.esm-bundler-CMLZRQMs.js?v=b93762a9:1752
[ 1981041ms] [WARNING] [Vue warn]: Component provided template option but runtime compilation is not supported in this build of Vue. Configure your bundler to alias "vue" to "vue/dist/vue.esm-bundler.js". 
  at <Anonymous size=14 > 
  at <RepoCard key=13 repo= {id: 13, full_name: affaan-m/everything-claude-code, owner: affaan-m, repo_name: everything-claude-code, name_zh: null} style= {animationDelay: 600ms}  ... > 
  at <HomeView onVnodeUnmounted=fn<onVnodeUnmounted> ref=Ref< Proxy(Object) > > 
  at <RouterView > 
  at <App> @ http://localhost:5173/node_modules/.vite/deps/vue.runtime.esm-bundler-CMLZRQMs.js?v=b93762a9:1752
[ 1981042ms] [WARNING] [Vue warn]: Component provided template option but runtime compilation is not supported in this build of Vue. Configure your bundler to alias "vue" to "vue/dist/vue.esm-bundler.js". 
  at <Anonymous size=14 > 
  at <RepoCard key=14 repo= {id: 14, full_name: ollama/ollama, owner: ollama, repo_name: ollama, name_zh: null} style= {animationDelay: 600ms}  ... > 
  at <HomeView onVnodeUnmounted=fn<onVnodeUnmounted> ref=Ref< Proxy(Object) > > 
  at <RouterView > 
  at <App> @ http://localhost:5173/node_modules/.vite/deps/vue.runtime.esm-bundler-CMLZRQMs.js?v=b93762a9:1752
[ 1981043ms] [WARNING] [Vue warn]: Component provided template option but runtime compilation is not supported in this build of Vue. Configure your bundler to alias "vue" to "vue/dist/vue.esm-bundler.js". 
  at <Anonymous size=14 > 
  at <RepoCard key=15 repo= {id: 15, full_name: f/prompts.chat, owner: f, repo_name: prompts.chat, name_zh: null} style= {animationDelay: 600ms}  ... > 
  at <HomeView onVnodeUnmounted=fn<onVnodeUnmounted> ref=Ref< Proxy(Object) > > 
  at <RouterView > 
  at <App> @ http://localhost:5173/node_modules/.vite/deps/vue.runtime.esm-bundler-CMLZRQMs.js?v=b93762a9:1752
[ 1981043ms] [WARNING] [Vue warn]: Component provided template option but runtime compilation is not supported in this build of Vue. Configure your bundler to alias "vue" to "vue/dist/vue.esm-bundler.js". 
  at <Anonymous size=14 > 
  at <RepoCard key=16 repo= {id: 16, full_name: huggingface/transformers, owner: huggingface, repo_name: transformers, name_zh: null} style= {animationDelay: 600ms}  ... > 
  at <HomeView onVnodeUnmounted=fn<onVnodeUnmounted> ref=Ref< Proxy(Object) > > 
  at <RouterView > 
  at <App> @ http://localhost:5173/node_modules/.vite/deps/vue.runtime.esm-bundler-CMLZRQMs.js?v=b93762a9:1752
[ 1981045ms] [WARNING] [Vue warn]: Component provided template option but runtime compilation is not supported in this build of Vue. Configure your bundler to alias "vue" to "vue/dist/vue.esm-bundler.js". 
  at <Anonymous size=14 > 
  at <RepoCard key=17 repo= {id: 17, full_name: langgenius/dify, owner: langgenius, repo_name: dify, name_zh: null} style= {animationDelay: 600ms}  ... > 
  at <HomeView onVnodeUnmounted=fn<onVnodeUnmounted> ref=Ref< Proxy(Object) > > 
  at <RouterView > 
  at <App> @ http://localhost:5173/node_modules/.vite/deps/vue.runtime.esm-bundler-CMLZRQMs.js?v=b93762a9:1752
[ 1981045ms] [WARNING] [Vue warn]: Component provided template option but runtime compilation is not supported in this build of Vue. Configure your bundler to alias "vue" to "vue/dist/vue.esm-bundler.js". 
  at <Anonymous size=14 > 
  at <RepoCard key=18 repo= {id: 18, full_name: open-webui/open-webui, owner: open-webui, repo_name: open-webui, name_zh: null} style= {animationDelay: 600ms}  ... > 
  at <HomeView onVnodeUnmounted=fn<onVnodeUnmounted> ref=Ref< Proxy(Object) > > 
  at <RouterView > 
  at <App> @ http://localhost:5173/node_modules/.vite/deps/vue.runtime.esm-bundler-CMLZRQMs.js?v=b93762a9:1752
[ 1981046ms] [WARNING] [Vue warn]: Component provided template option but runtime compilation is not supported in this build of Vue. Configure your bundler to alias "vue" to "vue/dist/vue.esm-bundler.js". 
  at <Anonymous size=14 > 
  at <RepoCard key=19 repo= {id: 19, full_name: langchain-ai/langchain, owner: langchain-ai, repo_name: langchain, name_zh: null} style= {animationDelay: 600ms}  ... > 
  at <HomeView onVnodeUnmounted=fn<onVnodeUnmounted> ref=Ref< Proxy(Object) > > 
  at <RouterView > 
  at <App> @ http://localhost:5173/node_modules/.vite/deps/vue.runtime.esm-bundler-CMLZRQMs.js?v=b93762a9:1752
[ 1981047ms] [WARNING] [Vue warn]: Component provided template option but runtime compilation is not supported in this build of Vue. Configure your bundler to alias "vue" to "vue/dist/vue.esm-bundler.js". 
  at <Anonymous size=14 > 
  at <RepoCard key=20 repo= {id: 20, full_name: firecrawl/firecrawl, owner: firecrawl, repo_name: firecrawl, name_zh: null} style= {animationDelay: 600ms}  ... > 
  at <HomeView onVnodeUnmounted=fn<onVnodeUnmounted> ref=Ref< Proxy(Object) > > 
  at <RouterView > 
  at <App> @ http://localhost:5173/node_modules/.vite/deps/vue.runtime.esm-bundler-CMLZRQMs.js?v=b93762a9:1752
[ 1981048ms] [WARNING] [Vue warn]: Component provided template option but runtime compilation is not supported in this build of Vue. Configure your bundler to alias "vue" to "vue/dist/vue.esm-bundler.js". 
  at <Anonymous size=14 > 
  at <RepoCard key=21 repo= {id: 21, full_name: browser-use/browser-use, owner: browser-use, repo_name: browser-use, name_zh: null} style= {animationDelay: 600ms}  ... > 
  at <HomeView onVnodeUnmounted=fn<onVnodeUnmounted> ref=Ref< Proxy(Object) > > 
  at <RouterView > 
  at <App> @ http://localhost:5173/node_modules/.vite/deps/vue.runtime.esm-bundler-CMLZRQMs.js?v=b93762a9:1752
[ 1981050ms] [WARNING] [Vue warn]: Component provided template option but runtime compilation is not supported in this build of Vue. Configure your bundler to alias "vue" to "vue/dist/vue.esm-bundler.js". 
  at <Anonymous size=14 > 
  at <RepoCard key=22 repo= {id: 22, full_name: vllm-project/vllm, owner: vllm-project, repo_name: vllm, name_zh: null} style= {animationDelay: 600ms}  ... > 
  at <HomeView onVnodeUnmounted=fn<onVnodeUnmounted> ref=Ref< Proxy(Object) > > 
  at <RouterView > 
  at <App> @ http://localhost:5173/node_modules/.vite/deps/vue.runtime.esm-bundler-CMLZRQMs.js?v=b93762a9:1752
[ 1981050ms] [WARNING] [Vue warn]: Component provided template option but runtime compilation is not supported in this build of Vue. Configure your bundler to alias "vue" to "vue/dist/vue.esm-bundler.js". 
  at <Anonymous size=14 > 
  at <RepoCard key=23 repo= {id: 23, full_name: mlabonne/llm-course, owner: mlabonne, repo_name: llm-course, name_zh: null} style= {animationDelay: 600ms}  ... > 
  at <HomeView onVnodeUnmounted=fn<onVnodeUnmounted> ref=Ref< Proxy(Object) > > 
  at <RouterView > 
  at <App> @ http://localhost:5173/node_modules/.vite/deps/vue.runtime.esm-bundler-CMLZRQMs.js?v=b93762a9:1752
[ 1981051ms] [WARNING] [Vue warn]: Component provided template option but runtime compilation is not supported in this build of Vue. Configure your bundler to alias "vue" to "vue/dist/vue.esm-bundler.js". 
  at <Anonymous size=14 > 
  at <RepoCard key=25 repo= {id: 25, full_name: OpenHands/OpenHands, owner: OpenHands, repo_name: OpenHands, name_zh: null} style= {animationDelay: 600ms}  ... > 
  at <HomeView onVnodeUnmounted=fn<onVnodeUnmounted> ref=Ref< Proxy(Object) > > 
  at <RouterView > 
  at <App> @ http://localhost:5173/node_modules/.vite/deps/vue.runtime.esm-bundler-CMLZRQMs.js?v=b93762a9:1752
[ 1981052ms] [WARNING] [Vue warn]: Component provided template option but runtime compilation is not supported in this build of Vue. Configure your bundler to alias "vue" to "vue/dist/vue.esm-bundler.js". 
  at <Anonymous size=14 > 
  at <RepoCard key=26 repo= {id: 26, full_name: hiyouga/LlamaFactory, owner: hiyouga, repo_name: LlamaFactory, name_zh: null} style= {animationDelay: 600ms}  ... > 
  at <HomeView onVnodeUnmounted=fn<onVnodeUnmounted> ref=Ref< Proxy(Object) > > 
  at <RouterView > 
  at <App> @ http://localhost:5173/node_modules/.vite/deps/vue.runtime.esm-bundler-CMLZRQMs.js?v=b93762a9:1752
[ 1981053ms] [WARNING] [Vue warn]: Component provided template option but runtime compilation is not supported in this build of Vue. Configure your bundler to alias "vue" to "vue/dist/vue.esm-bundler.js". 
  at <Anonymous size=14 > 
  at <RepoCard key=27 repo= {id: 27, full_name: FoundationAgents/MetaGPT, owner: FoundationAgents, repo_name: MetaGPT, name_zh: null} style= {animationDelay: 600ms}  ... > 
  at <HomeView onVnodeUnmounted=fn<onVnodeUnmounted> ref=Ref< Proxy(Object) > > 
  at <RouterView > 
  at <App> @ http://localhost:5173/node_modules/.vite/deps/vue.runtime.esm-bundler-CMLZRQMs.js?v=b93762a9:1752
[ 1981054ms] [WARNING] [Vue warn]: Component provided template option but runtime compilation is not supported in this build of Vue. Configure your bundler to alias "vue" to "vue/dist/vue.esm-bundler.js". 
  at <Anonymous size=14 > 
  at <RepoCard key=28 repo= {id: 28, full_name: bytedance/deer-flow, owner: bytedance, repo_name: deer-flow, name_zh: null} style= {animationDelay: 600ms}  ... > 
  at <HomeView onVnodeUnmounted=fn<onVnodeUnmounted> ref=Ref< Proxy(Object) > > 
  at <RouterView > 
  at <App> @ http://localhost:5173/node_modules/.vite/deps/vue.runtime.esm-bundler-CMLZRQMs.js?v=b93762a9:1752
[ 1981055ms] [WARNING] [Vue warn]: Component provided template option but runtime compilation is not supported in this build of Vue. Configure your bundler to alias "vue" to "vue/dist/vue.esm-bundler.js". 
  at <Anonymous size=14 > 
  at <RepoCard key=29 repo= {id: 29, full_name: unslothai/unsloth, owner: unslothai, repo_name: unsloth, name_zh: null} style= {animationDelay: 600ms}  ... > 
  at <HomeView onVnodeUnmounted=fn<onVnodeUnmounted> ref=Ref< Proxy(Object) > > 
  at <RouterView > 
  at <App> @ http://localhost:5173/node_modules/.vite/deps/vue.runtime.esm-bundler-CMLZRQMs.js?v=b93762a9:1752
[ 1981056ms] [WARNING] [Vue warn]: Component provided template option but runtime compilation is not supported in this build of Vue. Configure your bundler to alias "vue" to "vue/dist/vue.esm-bundler.js". 
  at <Anonymous size=14 > 
  at <RepoCard key=30 repo= {id: 30, full_name: jingyaogong/minimind, owner: jingyaogong, repo_name: minimind, name_zh: null} style= {animationDelay: 600ms}  ... > 
  at <HomeView onVnodeUnmounted=fn<onVnodeUnmounted> ref=Ref< Proxy(Object) > > 
  at <RouterView > 
  at <App> @ http://localhost:5173/node_modules/.vite/deps/vue.runtime.esm-bundler-CMLZRQMs.js?v=b93762a9:1752
[ 1981057ms] [WARNING] [Vue warn]: Component provided template option but runtime compilation is not supported in this build of Vue. Configure your bundler to alias "vue" to "vue/dist/vue.esm-bundler.js". 
  at <Anonymous size=14 > 
  at <RepoCard key=31 repo= {id: 31, full_name: ScrapeGraphAI/Scrapegraph-ai, owner: ScrapeGraphAI, repo_name: Scrapegraph-ai, name_zh: null} style= {animationDelay: 600ms}  ... > 
  at <HomeView onVnodeUnmounted=fn<onVnodeUnmounted> ref=Ref< Proxy(Object) > > 
  at <RouterView > 
  at <App> @ http://localhost:5173/node_modules/.vite/deps/vue.runtime.esm-bundler-CMLZRQMs.js?v=b93762a9:1752
[ 1981058ms] [WARNING] [Vue warn]: Component provided template option but runtime compilation is not supported in this build of Vue. Configure your bundler to alias "vue" to "vue/dist/vue.esm-bundler.js". 
  at <Anonymous size=14 > 
  at <RepoCard key=32 repo= {id: 32, full_name: The-Pocket/PocketFlow-Tutorial-Codebase-Knowledge, owner: The-Pocket, repo_name: PocketFlow-Tutorial-Codebase-Knowledge, name_zh: null} style= {animationDelay: 600ms}  ... > 
  at <HomeView onVnodeUnmounted=fn<onVnodeUnmounted> ref=Ref< Proxy(Object) > > 
  at <RouterView > 
  at <App> @ http://localhost:5173/node_modules/.vite/deps/vue.runtime.esm-bundler-CMLZRQMs.js?v=b93762a9:1752
[ 1981059ms] [WARNING] [Vue warn]: Component provided template option but runtime compilation is not supported in this build of Vue. Configure your bundler to alias "vue" to "vue/dist/vue.esm-bundler.js". 
  at <Anonymous size=14 > 
  at <RepoCard key=33 repo= {id: 33, full_name: The-Pocket/PocketFlow, owner: The-Pocket, repo_name: PocketFlow, name_zh: null} style= {animationDelay: 600ms}  ... > 
  at <HomeView onVnodeUnmounted=fn<onVnodeUnmounted> ref=Ref< Proxy(Object) > > 
  at <RouterView > 
  at <App> @ http://localhost:5173/node_modules/.vite/deps/vue.runtime.esm-bundler-CMLZRQMs.js?v=b93762a9:1752
[ 1981060ms] [WARNING] [Vue warn]: Component provided template option but runtime compilation is not supported in this build of Vue. Configure your bundler to alias "vue" to "vue/dist/vue.esm-bundler.js". 
  at <Anonymous size=14 > 
  at <RepoCard key=34 repo= {id: 34, full_name: OpenSPG/KAG, owner: OpenSPG, repo_name: KAG, name_zh: null} style= {animationDelay: 600ms}  ... > 
  at <HomeView onVnodeUnmounted=fn<onVnodeUnmounted> ref=Ref< Proxy(Object) > > 
  at <RouterView > 
  at <App> @ http://localhost:5173/node_modules/.vite/deps/vue.runtime.esm-bundler-CMLZRQMs.js?v=b93762a9:1752
[ 1981061ms] [WARNING] [Vue warn]: Component provided template option but runtime compilation is not supported in this build of Vue. Configure your bundler to alias "vue" to "vue/dist/vue.esm-bundler.js". 
  at <Anonymous size=14 > 
  at <RepoCard key=35 repo= {id: 35, full_name: 0xPlaygrounds/rig, owner: 0xPlaygrounds, repo_name: rig, name_zh: null} style= {animationDelay: 600ms}  ... > 
  at <HomeView onVnodeUnmounted=fn<onVnodeUnmounted> ref=Ref< Proxy(Object) > > 
  at <RouterView > 
  at <App> @ http://localhost:5173/node_modules/.vite/deps/vue.runtime.esm-bundler-CMLZRQMs.js?v=b93762a9:1752
[ 1981061ms] [WARNING] [Vue warn]: Component provided template option but runtime compilation is not supported in this build of Vue. Configure your bundler to alias "vue" to "vue/dist/vue.esm-bundler.js". 
  at <Anonymous size=14 > 
  at <RepoCard key=36 repo= {id: 36, full_name: InternLM/InternLM, owner: InternLM, repo_name: InternLM, name_zh: null} style= {animationDelay: 600ms}  ... > 
  at <HomeView onVnodeUnmounted=fn<onVnodeUnmounted> ref=Ref< Proxy(Object) > > 
  at <RouterView > 
  at <App> @ http://localhost:5173/node_modules/.vite/deps/vue.runtime.esm-bundler-CMLZRQMs.js?v=b93762a9:1752
[ 1981062ms] [WARNING] [Vue warn]: Component provided template option but runtime compilation is not supported in this build of Vue. Configure your bundler to alias "vue" to "vue/dist/vue.esm-bundler.js". 
  at <Anonymous size=14 > 
  at <RepoCard key=37 repo= {id: 37, full_name: open-compass/opencompass, owner: open-compass, repo_name: opencompass, name_zh: null} style= {animationDelay: 600ms}  ... > 
  at <HomeView onVnodeUnmounted=fn<onVnodeUnmounted> ref=Ref< Proxy(Object) > > 
  at <RouterView > 
  at <App> @ http://localhost:5173/node_modules/.vite/deps/vue.runtime.esm-bundler-CMLZRQMs.js?v=b93762a9:1752
[ 1981063ms] [WARNING] [Vue warn]: Component provided template option but runtime compilation is not supported in this build of Vue. Configure your bundler to alias "vue" to "vue/dist/vue.esm-bundler.js". 
  at <Anonymous size=14 > 
  at <RepoCard key=38 repo= {id: 38, full_name: gluonfield/enchanted, owner: gluonfield, repo_name: enchanted, name_zh: null} style= {animationDelay: 600ms}  ... > 
  at <HomeView onVnodeUnmounted=fn<onVnodeUnmounted> ref=Ref< Proxy(Object) > > 
  at <RouterView > 
  at <App> @ http://localhost:5173/node_modules/.vite/deps/vue.runtime.esm-bundler-CMLZRQMs.js?v=b93762a9:1752
[ 1981065ms] [WARNING] [Vue warn]: Component provided template option but runtime compilation is not supported in this build of Vue. Configure your bundler to alias "vue" to "vue/dist/vue.esm-bundler.js". 
  at <Anonymous size=14 > 
  at <RepoCard key=39 repo= {id: 39, full_name: BrainBlend-AI/atomic-agents, owner: BrainBlend-AI, repo_name: atomic-agents, name_zh: null} style= {animationDelay: 600ms}  ... > 
  at <HomeView onVnodeUnmounted=fn<onVnodeUnmounted> ref=Ref< Proxy(Object) > > 
  at <RouterView > 
  at <App> @ http://localhost:5173/node_modules/.vite/deps/vue.runtime.esm-bundler-CMLZRQMs.js?v=b93762a9:1752
[ 1981066ms] [WARNING] [Vue warn]: Component provided template option but runtime compilation is not supported in this build of Vue. Configure your bundler to alias "vue" to "vue/dist/vue.esm-bundler.js". 
  at <Anonymous size=14 > 
  at <RepoCard key=40 repo= {id: 40, full_name: skyzh/tiny-llm, owner: skyzh, repo_name: tiny-llm, name_zh: null} style= {animationDelay: 600ms}  ... > 
  at <HomeView onVnodeUnmounted=fn<onVnodeUnmounted> ref=Ref< Proxy(Object) > > 
  at <RouterView > 
  at <App> @ http://localhost:5173/node_modules/.vite/deps/vue.runtime.esm-bundler-CMLZRQMs.js?v=b93762a9:1752
[ 1981067ms] [WARNING] [Vue warn]: Component provided template option but runtime compilation is not supported in this build of Vue. Configure your bundler to alias "vue" to "vue/dist/vue.esm-bundler.js". 
  at <Anonymous size=14 > 
  at <RepoCard key=41 repo= {id: 41, full_name: verazuo/jailbreak_llms, owner: verazuo, repo_name: jailbreak_llms, name_zh: null} style= {animationDelay: 600ms}  ... > 
  at <HomeView onVnodeUnmounted=fn<onVnodeUnmounted> ref=Ref< Proxy(Object) > > 
  at <RouterView > 
  at <App> @ http://localhost:5173/node_modules/.vite/deps/vue.runtime.esm-bundler-CMLZRQMs.js?v=b93762a9:1752
[ 1981068ms] [WARNING] [Vue warn]: Component provided template option but runtime compilation is not supported in this build of Vue. Configure your bundler to alias "vue" to "vue/dist/vue.esm-bundler.js". 
  at <Anonymous size=14 > 
  at <RepoCard key=42 repo= {id: 42, full_name: ridgerchu/matmulfreellm, owner: ridgerchu, repo_name: matmulfreellm, name_zh: null} style= {animationDelay: 600ms}  ... > 
  at <HomeView onVnodeUnmounted=fn<onVnodeUnmounted> ref=Ref< Proxy(Object) > > 
  at <RouterView > 
  at <App> @ http://localhost:5173/node_modules/.vite/deps/vue.runtime.esm-bundler-CMLZRQMs.js?v=b93762a9:1752
[ 1981068ms] [WARNING] [Vue warn]: Component provided template option but runtime compilation is not supported in this build of Vue. Configure your bundler to alias "vue" to "vue/dist/vue.esm-bundler.js". 
  at <Anonymous size=14 > 
  at <RepoCard key=43 repo= {id: 43, full_name: InternLM/InternLM-XComposer, owner: InternLM, repo_name: InternLM-XComposer, name_zh: null} style= {animationDelay: 600ms}  ... > 
  at <HomeView onVnodeUnmounted=fn<onVnodeUnmounted> ref=Ref< Proxy(Object) > > 
  at <RouterView > 
  at <App> @ http://localhost:5173/node_modules/.vite/deps/vue.runtime.esm-bundler-CMLZRQMs.js?v=b93762a9:1752
[ 1981069ms] [WARNING] [Vue warn]: Component provided template option but runtime compilation is not supported in this build of Vue. Configure your bundler to alias "vue" to "vue/dist/vue.esm-bundler.js". 
  at <Anonymous size=14 > 
  at <RepoCard key=44 repo= {id: 44, full_name: JIA-Lab-research/LISA, owner: JIA-Lab-research, repo_name: LISA, name_zh: null} style= {animationDelay: 600ms}  ... > 
  at <HomeView onVnodeUnmounted=fn<onVnodeUnmounted> ref=Ref< Proxy(Object) > > 
  at <RouterView > 
  at <App> @ http://localhost:5173/node_modules/.vite/deps/vue.runtime.esm-bundler-CMLZRQMs.js?v=b93762a9:1752
[ 1981070ms] [WARNING] [Vue warn]: Component provided template option but runtime compilation is not supported in this build of Vue. Configure your bundler to alias "vue" to "vue/dist/vue.esm-bundler.js". 
  at <Anonymous size=14 > 
  at <RepoCard key=45 repo= {id: 45, full_name: RManLuo/Awesome-LLM-KG, owner: RManLuo, repo_name: Awesome-LLM-KG, name_zh: null} style= {animationDelay: 600ms}  ... > 
  at <HomeView onVnodeUnmounted=fn<onVnodeUnmounted> ref=Ref< Proxy(Object) > > 
  at <RouterView > 
  at <App> @ http://localhost:5173/node_modules/.vite/deps/vue.runtime.esm-bundler-CMLZRQMs.js?v=b93762a9:1752
[ 1981071ms] [WARNING] [Vue warn]: Component provided template option but runtime compilation is not supported in this build of Vue. Configure your bundler to alias "vue" to "vue/dist/vue.esm-bundler.js". 
  at <Anonymous size=14 > 
  at <RepoCard key=46 repo= {id: 46, full_name: genieincodebottle/generative-ai, owner: genieincodebottle, repo_name: generative-ai, name_zh: null} style= {animationDelay: 600ms}  ... > 
  at <HomeView onVnodeUnmounted=fn<onVnodeUnmounted> ref=Ref< Proxy(Object) > > 
  at <RouterView > 
  at <App> @ http://localhost:5173/node_modules/.vite/deps/vue.runtime.esm-bundler-CMLZRQMs.js?v=b93762a9:1752
[ 2004766ms] [WARNING] [Vue warn]: Component provided template option but runtime compilation is not supported in this build of Vue. Configure your bundler to alias "vue" to "vue/dist/vue.esm-bundler.js". 
  at <Anonymous size=14 > 
  at <RepoCard key=557 repo= {id: 557, full_name: Hmbown/DeepSeek-TUI, owner: Hmbown, repo_name: DeepSeek-TUI, name_zh: null} style= {animationDelay: 0ms}  ... > 
  at <HomeView onVnodeUnmounted=fn<onVnodeUnmounted> ref=Ref< Proxy(Object) > > 
  at <RouterView > 
  at <App> @ http://localhost:5173/node_modules/.vite/deps/vue.runtime.esm-bundler-CMLZRQMs.js?v=b93762a9:1752
[ 2004767ms] [WARNING] [Vue warn]: Component provided template option but runtime compilation is not supported in this build of Vue. Configure your bundler to alias "vue" to "vue/dist/vue.esm-bundler.js". 
  at <Anonymous size=14 > 
  at <RepoCard key=564 repo= {id: 564, full_name: mattpocock/skills, owner: mattpocock, repo_name: skills, name_zh: null} style= {animationDelay: 30ms}  ... > 
  at <HomeView onVnodeUnmounted=fn<onVnodeUnmounted> ref=Ref< Proxy(Object) > > 
  at <RouterView > 
  at <App> @ http://localhost:5173/node_modules/.vite/deps/vue.runtime.esm-bundler-CMLZRQMs.js?v=b93762a9:1752
[ 2004769ms] [WARNING] [Vue warn]: Component provided template option but runtime compilation is not supported in this build of Vue. Configure your bundler to alias "vue" to "vue/dist/vue.esm-bundler.js". 
  at <Anonymous size=14 > 
  at <RepoCard key=132 repo= {id: 132, full_name: ruvnet/ruflo, owner: ruvnet, repo_name: ruflo, name_zh: null} style= {animationDelay: 60ms}  ... > 
  at <HomeView onVnodeUnmounted=fn<onVnodeUnmounted> ref=Ref< Proxy(Object) > > 
  at <RouterView > 
  at <App> @ http://localhost:5173/node_modules/.vite/deps/vue.runtime.esm-bundler-CMLZRQMs.js?v=b93762a9:1752
[ 2004770ms] [WARNING] [Vue warn]: Component provided template option but runtime compilation is not supported in this build of Vue. Configure your bundler to alias "vue" to "vue/dist/vue.esm-bundler.js". 
  at <Anonymous size=14 > 
  at <RepoCard key=560 repo= {id: 560, full_name: addyosmani/agent-skills, owner: addyosmani, repo_name: agent-skills, name_zh: null} style= {animationDelay: 90ms}  ... > 
  at <HomeView onVnodeUnmounted=fn<onVnodeUnmounted> ref=Ref< Proxy(Object) > > 
  at <RouterView > 
  at <App> @ http://localhost:5173/node_modules/.vite/deps/vue.runtime.esm-bundler-CMLZRQMs.js?v=b93762a9:1752
[ 2004772ms] [WARNING] [Vue warn]: Component provided template option but runtime compilation is not supported in this build of Vue. Configure your bundler to alias "vue" to "vue/dist/vue.esm-bundler.js". 
  at <Anonymous size=14 > 
  at <RepoCard key=24 repo= {id: 24, full_name: TauricResearch/TradingAgents, owner: TauricResearch, repo_name: TradingAgents, name_zh: null} style= {animationDelay: 120ms}  ... > 
  at <HomeView onVnodeUnmounted=fn<onVnodeUnmounted> ref=Ref< Proxy(Object) > > 
  at <RouterView > 
  at <App> @ http://localhost:5173/node_modules/.vite/deps/vue.runtime.esm-bundler-CMLZRQMs.js?v=b93762a9:1752
[ 2004772ms] [WARNING] [Vue warn]: Component provided template option but runtime compilation is not supported in this build of Vue. Configure your bundler to alias "vue" to "vue/dist/vue.esm-bundler.js". 
  at <Anonymous size=14 > 
  at <RepoCard key=214 repo= {id: 214, full_name: AIDC-AI/Pixelle-Video, owner: AIDC-AI, repo_name: Pixelle-Video, name_zh: null} style= {animationDelay: 150ms}  ... > 
  at <HomeView onVnodeUnmounted=fn<onVnodeUnmounted> ref=Ref< Proxy(Object) > > 
  at <RouterView > 
  at <App> @ http://localhost:5173/node_modules/.vite/deps/vue.runtime.esm-bundler-CMLZRQMs.js?v=b93762a9:1752
[ 2004773ms] [WARNING] [Vue warn]: Component provided template option but runtime compilation is not supported in this build of Vue. Configure your bundler to alias "vue" to "vue/dist/vue.esm-bundler.js". 
  at <Anonymous size=14 > 
  at <RepoCard key=117 repo= {id: 117, full_name: VectifyAI/PageIndex, owner: VectifyAI, repo_name: PageIndex, name_zh: null} style= {animationDelay: 180ms}  ... > 
  at <HomeView onVnodeUnmounted=fn<onVnodeUnmounted> ref=Ref< Proxy(Object) > > 
  at <RouterView > 
  at <App> @ http://localhost:5173/node_modules/.vite/deps/vue.runtime.esm-bundler-CMLZRQMs.js?v=b93762a9:1752
[ 2004775ms] [WARNING] [Vue warn]: Component provided template option but runtime compilation is not supported in this build of Vue. Configure your bundler to alias "vue" to "vue/dist/vue.esm-bundler.js". 
  at <Anonymous size=14 > 
  at <RepoCard key=559 repo= {id: 559, full_name: virattt/dexter, owner: virattt, repo_name: dexter, name_zh: null} style= {animationDelay: 210ms}  ... > 
  at <HomeView onVnodeUnmounted=fn<onVnodeUnmounted> ref=Ref< Proxy(Object) > > 
  at <RouterView > 
  at <App> @ http://localhost:5173/node_modules/.vite/deps/vue.runtime.esm-bundler-CMLZRQMs.js?v=b93762a9:1752
[ 2004776ms] [WARNING] [Vue warn]: Component provided template option but runtime compilation is not supported in this build of Vue. Configure your bundler to alias "vue" to "vue/dist/vue.esm-bundler.js". 
  at <Anonymous size=14 > 
  at <RepoCard key=129 repo= {id: 129, full_name: LearningCircuit/local-deep-research, owner: LearningCircuit, repo_name: local-deep-research, name_zh: null} style= {animationDelay: 240ms}  ... > 
  at <HomeView onVnodeUnmounted=fn<onVnodeUnmounted> ref=Ref< Proxy(Object) > > 
  at <RouterView > 
  at <App> @ http://localhost:5173/node_modules/.vite/deps/vue.runtime.esm-bundler-CMLZRQMs.js?v=b93762a9:1752
[ 2004778ms] [WARNING] [Vue warn]: Component provided template option but runtime compilation is not supported in this build of Vue. Configure your bundler to alias "vue" to "vue/dist/vue.esm-bundler.js". 
  at <Anonymous size=14 > 
  at <RepoCard key=563 repo= {id: 563, full_name: 1jehuang/jcode, owner: 1jehuang, repo_name: jcode, name_zh: null} style= {animationDelay: 270ms}  ... > 
  at <HomeView onVnodeUnmounted=fn<onVnodeUnmounted> ref=Ref< Proxy(Object) > > 
  at <RouterView > 
  at <App> @ http://localhost:5173/node_modules/.vite/deps/vue.runtime.esm-bundler-CMLZRQMs.js?v=b93762a9:1752
[ 2004781ms] [WARNING] [Vue warn]: Component provided template option but runtime compilation is not supported in this build of Vue. Configure your bundler to alias "vue" to "vue/dist/vue.esm-bundler.js". 
  at <Anonymous size=14 > 
  at <RepoCard key=339 repo= {id: 339, full_name: cocoindex-io/cocoindex, owner: cocoindex-io, repo_name: cocoindex, name_zh: null} style= {animationDelay: 300ms}  ... > 
  at <HomeView onVnodeUnmounted=fn<onVnodeUnmounted> ref=Ref< Proxy(Object) > > 
  at <RouterView > 
  at <App> @ http://localhost:5173/node_modules/.vite/deps/vue.runtime.esm-bundler-CMLZRQMs.js?v=b93762a9:1752
[ 2004782ms] [WARNING] [Vue warn]: Component provided template option but runtime compilation is not supported in this build of Vue. Configure your bundler to alias "vue" to "vue/dist/vue.esm-bundler.js". 
  at <Anonymous size=14 > 
  at <RepoCard key=558 repo= {id: 558, full_name: bwya77/vscode-dark-islands, owner: bwya77, repo_name: vscode-dark-islands, name_zh: null} style= {animationDelay: 330ms}  ... > 
  at <HomeView onVnodeUnmounted=fn<onVnodeUnmounted> ref=Ref< Proxy(Object) > > 
  at <RouterView > 
  at <App> @ http://localhost:5173/node_modules/.vite/deps/vue.runtime.esm-bundler-CMLZRQMs.js?v=b93762a9:1752
[ 2004783ms] [WARNING] [Vue warn]: Component provided template option but runtime compilation is not supported in this build of Vue. Configure your bundler to alias "vue" to "vue/dist/vue.esm-bundler.js". 
  at <Anonymous size=14 > 
  at <RepoCard key=9 repo= {id: 9, full_name: NousResearch/hermes-agent, owner: NousResearch, repo_name: hermes-agent, name_zh: null} style= {animationDelay: 360ms}  ... > 
  at <HomeView onVnodeUnmounted=fn<onVnodeUnmounted> ref=Ref< Proxy(Object) > > 
  at <RouterView > 
  at <App> @ http://localhost:5173/node_modules/.vite/deps/vue.runtime.esm-bundler-CMLZRQMs.js?v=b93762a9:1752
[ 2004784ms] [WARNING] [Vue warn]: Component provided template option but runtime compilation is not supported in this build of Vue. Configure your bundler to alias "vue" to "vue/dist/vue.esm-bundler.js". 
  at <Anonymous size=14 > 
  at <RepoCard key=561 repo= {id: 561, full_name: InsForge/InsForge, owner: InsForge, repo_name: InsForge, name_zh: null} style= {animationDelay: 390ms}  ... > 
  at <HomeView onVnodeUnmounted=fn<onVnodeUnmounted> ref=Ref< Proxy(Object) > > 
  at <RouterView > 
  at <App> @ http://localhost:5173/node_modules/.vite/deps/vue.runtime.esm-bundler-CMLZRQMs.js?v=b93762a9:1752
[ 2004786ms] [WARNING] [Vue warn]: Component provided template option but runtime compilation is not supported in this build of Vue. Configure your bundler to alias "vue" to "vue/dist/vue.esm-bundler.js". 
  at <Anonymous size=14 > 
  at <RepoCard key=1 repo= {id: 1, full_name: bytedance/UI-TARS-desktop, owner: bytedance, repo_name: UI-TARS-desktop, name_zh: null} style= {animationDelay: 420ms}  ... > 
  at <HomeView onVnodeUnmounted=fn<onVnodeUnmounted> ref=Ref< Proxy(Object) > > 
  at <RouterView > 
  at <App> @ http://localhost:5173/node_modules/.vite/deps/vue.runtime.esm-bundler-CMLZRQMs.js?v=b93762a9:1752
[ 2004787ms] [WARNING] [Vue warn]: Component provided template option but runtime compilation is not supported in this build of Vue. Configure your bundler to alias "vue" to "vue/dist/vue.esm-bundler.js". 
  at <Anonymous size=14 > 
  at <RepoCard key=3 repo= {id: 3, full_name: decolua/9router, owner: decolua, repo_name: 9router, name_zh: null} style= {animationDelay: 450ms}  ... > 
  at <HomeView onVnodeUnmounted=fn<onVnodeUnmounted> ref=Ref< Proxy(Object) > > 
  at <RouterView > 
  at <App> @ http://localhost:5173/node_modules/.vite/deps/vue.runtime.esm-bundler-CMLZRQMs.js?v=b93762a9:1752
[ 2004790ms] [WARNING] [Vue warn]: Component provided template option but runtime compilation is not supported in this build of Vue. Configure your bundler to alias "vue" to "vue/dist/vue.esm-bundler.js". 
  at <Anonymous size=14 > 
  at <RepoCard key=556 repo= {id: 556, full_name: datawhalechina/easy-vibe, owner: datawhalechina, repo_name: easy-vibe, name_zh: null} style= {animationDelay: 480ms}  ... > 
  at <HomeView onVnodeUnmounted=fn<onVnodeUnmounted> ref=Ref< Proxy(Object) > > 
  at <RouterView > 
  at <App> @ http://localhost:5173/node_modules/.vite/deps/vue.runtime.esm-bundler-CMLZRQMs.js?v=b93762a9:1752
[ 2004791ms] [WARNING] [Vue warn]: Component provided template option but runtime compilation is not supported in this build of Vue. Configure your bundler to alias "vue" to "vue/dist/vue.esm-bundler.js". 
  at <Anonymous size=14 > 
  at <RepoCard key=562 repo= {id: 562, full_name: PriorLabs/TabPFN, owner: PriorLabs, repo_name: TabPFN, name_zh: null} style= {animationDelay: 510ms}  ... > 
  at <HomeView onVnodeUnmounted=fn<onVnodeUnmounted> ref=Ref< Proxy(Object) > > 
  at <RouterView > 
  at <App> @ http://localhost:5173/node_modules/.vite/deps/vue.runtime.esm-bundler-CMLZRQMs.js?v=b93762a9:1752
[ 2004792ms] [WARNING] [Vue warn]: Component provided template option but runtime compilation is not supported in this build of Vue. Configure your bundler to alias "vue" to "vue/dist/vue.esm-bundler.js". 
  at <Anonymous size=14 > 
  at <RepoCard key=10 repo= {id: 10, full_name: rohitg00/agentmemory, owner: rohitg00, repo_name: agentmemory, name_zh: null} style= {animationDelay: 540ms}  ... > 
  at <HomeView onVnodeUnmounted=fn<onVnodeUnmounted> ref=Ref< Proxy(Object) > > 
  at <RouterView > 
  at <App> @ http://localhost:5173/node_modules/.vite/deps/vue.runtime.esm-bundler-CMLZRQMs.js?v=b93762a9:1752
[ 2004794ms] [WARNING] [Vue warn]: Component provided template option but runtime compilation is not supported in this build of Vue. Configure your bundler to alias "vue" to "vue/dist/vue.esm-bundler.js". 
  at <Anonymous size=14 > 
  at <RepoCard key=4 repo= {id: 4, full_name: tinyhumansai/openhuman, owner: tinyhumansai, repo_name: openhuman, name_zh: null} style= {animationDelay: 570ms}  ... > 
  at <HomeView onVnodeUnmounted=fn<onVnodeUnmounted> ref=Ref< Proxy(Object) > > 
  at <RouterView > 
  at <App> @ http://localhost:5173/node_modules/.vite/deps/vue.runtime.esm-bundler-CMLZRQMs.js?v=b93762a9:1752
[ 2004794ms] [WARNING] [Vue warn]: Component provided template option but runtime compilation is not supported in this build of Vue. Configure your bundler to alias "vue" to "vue/dist/vue.esm-bundler.js". 
  at <Anonymous size=14 > 
  at <RepoCard key=2 repo= {id: 2, full_name: yikart/AiToEarn, owner: yikart, repo_name: AiToEarn, name_zh: null} style= {animationDelay: 600ms}  ... > 
  at <HomeView onVnodeUnmounted=fn<onVnodeUnmounted> ref=Ref< Proxy(Object) > > 
  at <RouterView > 
  at <App> @ http://localhost:5173/node_modules/.vite/deps/vue.runtime.esm-bundler-CMLZRQMs.js?v=b93762a9:1752
[ 2004795ms] [WARNING] [Vue warn]: Component provided template option but runtime compilation is not supported in this build of Vue. Configure your bundler to alias "vue" to "vue/dist/vue.esm-bundler.js". 
  at <Anonymous size=14 > 
  at <RepoCard key=6 repo= {id: 6, full_name: Lordog/dive-into-llms, owner: Lordog, repo_name: dive-into-llms, name_zh: null} style= {animationDelay: 600ms}  ... > 
  at <HomeView onVnodeUnmounted=fn<onVnodeUnmounted> ref=Ref< Proxy(Object) > > 
  at <RouterView > 
  at <App> @ http://localhost:5173/node_modules/.vite/deps/vue.runtime.esm-bundler-CMLZRQMs.js?v=b93762a9:1752
[ 2004796ms] [WARNING] [Vue warn]: Component provided template option but runtime compilation is not supported in this build of Vue. Configure your bundler to alias "vue" to "vue/dist/vue.esm-bundler.js". 
  at <Anonymous size=14 > 
  at <RepoCard key=5 repo= {id: 5, full_name: millionco/react-doctor, owner: millionco, repo_name: react-doctor, name_zh: null} style= {animationDelay: 600ms}  ... > 
  at <HomeView onVnodeUnmounted=fn<onVnodeUnmounted> ref=Ref< Proxy(Object) > > 
  at <RouterView > 
  at <App> @ http://localhost:5173/node_modules/.vite/deps/vue.runtime.esm-bundler-CMLZRQMs.js?v=b93762a9:1752
[ 2004797ms] [WARNING] [Vue warn]: Component provided template option but runtime compilation is not supported in this build of Vue. Configure your bundler to alias "vue" to "vue/dist/vue.esm-bundler.js". 
  at <Anonymous size=14 > 
  at <RepoCard key=8 repo= {id: 8, full_name: rasbt/LLMs-from-scratch, owner: rasbt, repo_name: LLMs-from-scratch, name_zh: null} style= {animationDelay: 600ms}  ... > 
  at <HomeView onVnodeUnmounted=fn<onVnodeUnmounted> ref=Ref< Proxy(Object) > > 
  at <RouterView > 
  at <App> @ http://localhost:5173/node_modules/.vite/deps/vue.runtime.esm-bundler-CMLZRQMs.js?v=b93762a9:1752
[ 2004799ms] [WARNING] [Vue warn]: Component provided template option but runtime compilation is not supported in this build of Vue. Configure your bundler to alias "vue" to "vue/dist/vue.esm-bundler.js". 
  at <Anonymous size=14 > 
  at <RepoCard key=11 repo= {id: 11, full_name: test-org/test-llm-repo, owner: test-org, repo_name: test-llm-repo, name_zh: null} style= {animationDelay: 600ms}  ... > 
  at <HomeView onVnodeUnmounted=fn<onVnodeUnmounted> ref=Ref< Proxy(Object) > > 
  at <RouterView > 
  at <App> @ http://localhost:5173/node_modules/.vite/deps/vue.runtime.esm-bundler-CMLZRQMs.js?v=b93762a9:1752
[ 2004800ms] [WARNING] [Vue warn]: Component provided template option but runtime compilation is not supported in this build of Vue. Configure your bundler to alias "vue" to "vue/dist/vue.esm-bundler.js". 
  at <Anonymous size=14 > 
  at <RepoCard key=7 repo= {id: 7, full_name: AUTOMATIC1111/stable-diffusion-webui, owner: AUTOMATIC1111, repo_name: stable-diffusion-webui, name_zh: null} style= {animationDelay: 600ms}  ... > 
  at <HomeView onVnodeUnmounted=fn<onVnodeUnmounted> ref=Ref< Proxy(Object) > > 
  at <RouterView > 
  at <App> @ http://localhost:5173/node_modules/.vite/deps/vue.runtime.esm-bundler-CMLZRQMs.js?v=b93762a9:1752
[ 2004801ms] [WARNING] [Vue warn]: Component provided template option but runtime compilation is not supported in this build of Vue. Configure your bundler to alias "vue" to "vue/dist/vue.esm-bundler.js". 
  at <Anonymous size=14 > 
  at <RepoCard key=12 repo= {id: 12, full_name: Significant-Gravitas/AutoGPT, owner: Significant-Gravitas, repo_name: AutoGPT, name_zh: null} style= {animationDelay: 600ms}  ... > 
  at <HomeView onVnodeUnmounted=fn<onVnodeUnmounted> ref=Ref< Proxy(Object) > > 
  at <RouterView > 
  at <App> @ http://localhost:5173/node_modules/.vite/deps/vue.runtime.esm-bundler-CMLZRQMs.js?v=b93762a9:1752
[ 2004802ms] [WARNING] [Vue warn]: Component provided template option but runtime compilation is not supported in this build of Vue. Configure your bundler to alias "vue" to "vue/dist/vue.esm-bundler.js". 
  at <Anonymous size=14 > 
  at <RepoCard key=13 repo= {id: 13, full_name: affaan-m/everything-claude-code, owner: affaan-m, repo_name: everything-claude-code, name_zh: null} style= {animationDelay: 600ms}  ... > 
  at <HomeView onVnodeUnmounted=fn<onVnodeUnmounted> ref=Ref< Proxy(Object) > > 
  at <RouterView > 
  at <App> @ http://localhost:5173/node_modules/.vite/deps/vue.runtime.esm-bundler-CMLZRQMs.js?v=b93762a9:1752
[ 2004803ms] [WARNING] [Vue warn]: Component provided template option but runtime compilation is not supported in this build of Vue. Configure your bundler to alias "vue" to "vue/dist/vue.esm-bundler.js". 
  at <Anonymous size=14 > 
  at <RepoCard key=14 repo= {id: 14, full_name: ollama/ollama, owner: ollama, repo_name: ollama, name_zh: null} style= {animationDelay: 600ms}  ... > 
  at <HomeView onVnodeUnmounted=fn<onVnodeUnmounted> ref=Ref< Proxy(Object) > > 
  at <RouterView > 
  at <App> @ http://localhost:5173/node_modules/.vite/deps/vue.runtime.esm-bundler-CMLZRQMs.js?v=b93762a9:1752
[ 2004805ms] [WARNING] [Vue warn]: Component provided template option but runtime compilation is not supported in this build of Vue. Configure your bundler to alias "vue" to "vue/dist/vue.esm-bundler.js". 
  at <Anonymous size=14 > 
  at <RepoCard key=15 repo= {id: 15, full_name: f/prompts.chat, owner: f, repo_name: prompts.chat, name_zh: null} style= {animationDelay: 600ms}  ... > 
  at <HomeView onVnodeUnmounted=fn<onVnodeUnmounted> ref=Ref< Proxy(Object) > > 
  at <RouterView > 
  at <App> @ http://localhost:5173/node_modules/.vite/deps/vue.runtime.esm-bundler-CMLZRQMs.js?v=b93762a9:1752
[ 2004806ms] [WARNING] [Vue warn]: Component provided template option but runtime compilation is not supported in this build of Vue. Configure your bundler to alias "vue" to "vue/dist/vue.esm-bundler.js". 
  at <Anonymous size=14 > 
  at <RepoCard key=16 repo= {id: 16, full_name: huggingface/transformers, owner: huggingface, repo_name: transformers, name_zh: null} style= {animationDelay: 600ms}  ... > 
  at <HomeView onVnodeUnmounted=fn<onVnodeUnmounted> ref=Ref< Proxy(Object) > > 
  at <RouterView > 
  at <App> @ http://localhost:5173/node_modules/.vite/deps/vue.runtime.esm-bundler-CMLZRQMs.js?v=b93762a9:1752
[ 2004807ms] [WARNING] [Vue warn]: Component provided template option but runtime compilation is not supported in this build of Vue. Configure your bundler to alias "vue" to "vue/dist/vue.esm-bundler.js". 
  at <Anonymous size=14 > 
  at <RepoCard key=17 repo= {id: 17, full_name: langgenius/dify, owner: langgenius, repo_name: dify, name_zh: null} style= {animationDelay: 600ms}  ... > 
  at <HomeView onVnodeUnmounted=fn<onVnodeUnmounted> ref=Ref< Proxy(Object) > > 
  at <RouterView > 
  at <App> @ http://localhost:5173/node_modules/.vite/deps/vue.runtime.esm-bundler-CMLZRQMs.js?v=b93762a9:1752
[ 2004809ms] [WARNING] [Vue warn]: Component provided template option but runtime compilation is not supported in this build of Vue. Configure your bundler to alias "vue" to "vue/dist/vue.esm-bundler.js". 
  at <Anonymous size=14 > 
  at <RepoCard key=18 repo= {id: 18, full_name: open-webui/open-webui, owner: open-webui, repo_name: open-webui, name_zh: null} style= {animationDelay: 600ms}  ... > 
  at <HomeView onVnodeUnmounted=fn<onVnodeUnmounted> ref=Ref< Proxy(Object) > > 
  at <RouterView > 
  at <App> @ http://localhost:5173/node_modules/.vite/deps/vue.runtime.esm-bundler-CMLZRQMs.js?v=b93762a9:1752
[ 2004810ms] [WARNING] [Vue warn]: Component provided template option but runtime compilation is not supported in this build of Vue. Configure your bundler to alias "vue" to "vue/dist/vue.esm-bundler.js". 
  at <Anonymous size=14 > 
  at <RepoCard key=19 repo= {id: 19, full_name: langchain-ai/langchain, owner: langchain-ai, repo_name: langchain, name_zh: null} style= {animationDelay: 600ms}  ... > 
  at <HomeView onVnodeUnmounted=fn<onVnodeUnmounted> ref=Ref< Proxy(Object) > > 
  at <RouterView > 
  at <App> @ http://localhost:5173/node_modules/.vite/deps/vue.runtime.esm-bundler-CMLZRQMs.js?v=b93762a9:1752
[ 2004811ms] [WARNING] [Vue warn]: Component provided template option but runtime compilation is not supported in this build of Vue. Configure your bundler to alias "vue" to "vue/dist/vue.esm-bundler.js". 
  at <Anonymous size=14 > 
  at <RepoCard key=20 repo= {id: 20, full_name: firecrawl/firecrawl, owner: firecrawl, repo_name: firecrawl, name_zh: null} style= {animationDelay: 600ms}  ... > 
  at <HomeView onVnodeUnmounted=fn<onVnodeUnmounted> ref=Ref< Proxy(Object) > > 
  at <RouterView > 
  at <App> @ http://localhost:5173/node_modules/.vite/deps/vue.runtime.esm-bundler-CMLZRQMs.js?v=b93762a9:1752
[ 2004812ms] [WARNING] [Vue warn]: Component provided template option but runtime compilation is not supported in this build of Vue. Configure your bundler to alias "vue" to "vue/dist/vue.esm-bundler.js". 
  at <Anonymous size=14 > 
  at <RepoCard key=21 repo= {id: 21, full_name: browser-use/browser-use, owner: browser-use, repo_name: browser-use, name_zh: null} style= {animationDelay: 600ms}  ... > 
  at <HomeView onVnodeUnmounted=fn<onVnodeUnmounted> ref=Ref< Proxy(Object) > > 
  at <RouterView > 
  at <App> @ http://localhost:5173/node_modules/.vite/deps/vue.runtime.esm-bundler-CMLZRQMs.js?v=b93762a9:1752
[ 2004813ms] [WARNING] [Vue warn]: Component provided template option but runtime compilation is not supported in this build of Vue. Configure your bundler to alias "vue" to "vue/dist/vue.esm-bundler.js". 
  at <Anonymous size=14 > 
  at <RepoCard key=22 repo= {id: 22, full_name: vllm-project/vllm, owner: vllm-project, repo_name: vllm, name_zh: null} style= {animationDelay: 600ms}  ... > 
  at <HomeView onVnodeUnmounted=fn<onVnodeUnmounted> ref=Ref< Proxy(Object) > > 
  at <RouterView > 
  at <App> @ http://localhost:5173/node_modules/.vite/deps/vue.runtime.esm-bundler-CMLZRQMs.js?v=b93762a9:1752
[ 2004814ms] [WARNING] [Vue warn]: Component provided template option but runtime compilation is not supported in this build of Vue. Configure your bundler to alias "vue" to "vue/dist/vue.esm-bundler.js". 
  at <Anonymous size=14 > 
  at <RepoCard key=23 repo= {id: 23, full_name: mlabonne/llm-course, owner: mlabonne, repo_name: llm-course, name_zh: null} style= {animationDelay: 600ms}  ... > 
  at <HomeView onVnodeUnmounted=fn<onVnodeUnmounted> ref=Ref< Proxy(Object) > > 
  at <RouterView > 
  at <App> @ http://localhost:5173/node_modules/.vite/deps/vue.runtime.esm-bundler-CMLZRQMs.js?v=b93762a9:1752
[ 2004815ms] [WARNING] [Vue warn]: Component provided template option but runtime compilation is not supported in this build of Vue. Configure your bundler to alias "vue" to "vue/dist/vue.esm-bundler.js". 
  at <Anonymous size=14 > 
  at <RepoCard key=25 repo= {id: 25, full_name: OpenHands/OpenHands, owner: OpenHands, repo_name: OpenHands, name_zh: null} style= {animationDelay: 600ms}  ... > 
  at <HomeView onVnodeUnmounted=fn<onVnodeUnmounted> ref=Ref< Proxy(Object) > > 
  at <RouterView > 
  at <App> @ http://localhost:5173/node_modules/.vite/deps/vue.runtime.esm-bundler-CMLZRQMs.js?v=b93762a9:1752
[ 2004816ms] [WARNING] [Vue warn]: Component provided template option but runtime compilation is not supported in this build of Vue. Configure your bundler to alias "vue" to "vue/dist/vue.esm-bundler.js". 
  at <Anonymous size=14 > 
  at <RepoCard key=26 repo= {id: 26, full_name: hiyouga/LlamaFactory, owner: hiyouga, repo_name: LlamaFactory, name_zh: null} style= {animationDelay: 600ms}  ... > 
  at <HomeView onVnodeUnmounted=fn<onVnodeUnmounted> ref=Ref< Proxy(Object) > > 
  at <RouterView > 
  at <App> @ http://localhost:5173/node_modules/.vite/deps/vue.runtime.esm-bundler-CMLZRQMs.js?v=b93762a9:1752
[ 2004817ms] [WARNING] [Vue warn]: Component provided template option but runtime compilation is not supported in this build of Vue. Configure your bundler to alias "vue" to "vue/dist/vue.esm-bundler.js". 
  at <Anonymous size=14 > 
  at <RepoCard key=27 repo= {id: 27, full_name: FoundationAgents/MetaGPT, owner: FoundationAgents, repo_name: MetaGPT, name_zh: null} style= {animationDelay: 600ms}  ... > 
  at <HomeView onVnodeUnmounted=fn<onVnodeUnmounted> ref=Ref< Proxy(Object) > > 
  at <RouterView > 
  at <App> @ http://localhost:5173/node_modules/.vite/deps/vue.runtime.esm-bundler-CMLZRQMs.js?v=b93762a9:1752
[ 2004819ms] [WARNING] [Vue warn]: Component provided template option but runtime compilation is not supported in this build of Vue. Configure your bundler to alias "vue" to "vue/dist/vue.esm-bundler.js". 
  at <Anonymous size=14 > 
  at <RepoCard key=28 repo= {id: 28, full_name: bytedance/deer-flow, owner: bytedance, repo_name: deer-flow, name_zh: null} style= {animationDelay: 600ms}  ... > 
  at <HomeView onVnodeUnmounted=fn<onVnodeUnmounted> ref=Ref< Proxy(Object) > > 
  at <RouterView > 
  at <App> @ http://localhost:5173/node_modules/.vite/deps/vue.runtime.esm-bundler-CMLZRQMs.js?v=b93762a9:1752
[ 2004820ms] [WARNING] [Vue warn]: Component provided template option but runtime compilation is not supported in this build of Vue. Configure your bundler to alias "vue" to "vue/dist/vue.esm-bundler.js". 
  at <Anonymous size=14 > 
  at <RepoCard key=29 repo= {id: 29, full_name: unslothai/unsloth, owner: unslothai, repo_name: unsloth, name_zh: null} style= {animationDelay: 600ms}  ... > 
  at <HomeView onVnodeUnmounted=fn<onVnodeUnmounted> ref=Ref< Proxy(Object) > > 
  at <RouterView > 
  at <App> @ http://localhost:5173/node_modules/.vite/deps/vue.runtime.esm-bundler-CMLZRQMs.js?v=b93762a9:1752
[ 2004821ms] [WARNING] [Vue warn]: Component provided template option but runtime compilation is not supported in this build of Vue. Configure your bundler to alias "vue" to "vue/dist/vue.esm-bundler.js". 
  at <Anonymous size=14 > 
  at <RepoCard key=30 repo= {id: 30, full_name: jingyaogong/minimind, owner: jingyaogong, repo_name: minimind, name_zh: null} style= {animationDelay: 600ms}  ... > 
  at <HomeView onVnodeUnmounted=fn<onVnodeUnmounted> ref=Ref< Proxy(Object) > > 
  at <RouterView > 
  at <App> @ http://localhost:5173/node_modules/.vite/deps/vue.runtime.esm-bundler-CMLZRQMs.js?v=b93762a9:1752
[ 2004822ms] [WARNING] [Vue warn]: Component provided template option but runtime compilation is not supported in this build of Vue. Configure your bundler to alias "vue" to "vue/dist/vue.esm-bundler.js". 
  at <Anonymous size=14 > 
  at <RepoCard key=31 repo= {id: 31, full_name: ScrapeGraphAI/Scrapegraph-ai, owner: ScrapeGraphAI, repo_name: Scrapegraph-ai, name_zh: null} style= {animationDelay: 600ms}  ... > 
  at <HomeView onVnodeUnmounted=fn<onVnodeUnmounted> ref=Ref< Proxy(Object) > > 
  at <RouterView > 
  at <App> @ http://localhost:5173/node_modules/.vite/deps/vue.runtime.esm-bundler-CMLZRQMs.js?v=b93762a9:1752
[ 2004825ms] [WARNING] [Vue warn]: Component provided template option but runtime compilation is not supported in this build of Vue. Configure your bundler to alias "vue" to "vue/dist/vue.esm-bundler.js". 
  at <Anonymous size=14 > 
  at <RepoCard key=32 repo= {id: 32, full_name: The-Pocket/PocketFlow-Tutorial-Codebase-Knowledge, owner: The-Pocket, repo_name: PocketFlow-Tutorial-Codebase-Knowledge, name_zh: null} style= {animationDelay: 600ms}  ... > 
  at <HomeView onVnodeUnmounted=fn<onVnodeUnmounted> ref=Ref< Proxy(Object) > > 
  at <RouterView > 
  at <App> @ http://localhost:5173/node_modules/.vite/deps/vue.runtime.esm-bundler-CMLZRQMs.js?v=b93762a9:1752
[ 2004826ms] [WARNING] [Vue warn]: Component provided template option but runtime compilation is not supported in this build of Vue. Configure your bundler to alias "vue" to "vue/dist/vue.esm-bundler.js". 
  at <Anonymous size=14 > 
  at <RepoCard key=33 repo= {id: 33, full_name: The-Pocket/PocketFlow, owner: The-Pocket, repo_name: PocketFlow, name_zh: null} style= {animationDelay: 600ms}  ... > 
  at <HomeView onVnodeUnmounted=fn<onVnodeUnmounted> ref=Ref< Proxy(Object) > > 
  at <RouterView > 
  at <App> @ http://localhost:5173/node_modules/.vite/deps/vue.runtime.esm-bundler-CMLZRQMs.js?v=b93762a9:1752
[ 2004827ms] [WARNING] [Vue warn]: Component provided template option but runtime compilation is not supported in this build of Vue. Configure your bundler to alias "vue" to "vue/dist/vue.esm-bundler.js". 
  at <Anonymous size=14 > 
  at <RepoCard key=34 repo= {id: 34, full_name: OpenSPG/KAG, owner: OpenSPG, repo_name: KAG, name_zh: null} style= {animationDelay: 600ms}  ... > 
  at <HomeView onVnodeUnmounted=fn<onVnodeUnmounted> ref=Ref< Proxy(Object) > > 
  at <RouterView > 
  at <App> @ http://localhost:5173/node_modules/.vite/deps/vue.runtime.esm-bundler-CMLZRQMs.js?v=b93762a9:1752
[ 2004829ms] [WARNING] [Vue warn]: Component provided template option but runtime compilation is not supported in this build of Vue. Configure your bundler to alias "vue" to "vue/dist/vue.esm-bundler.js". 
  at <Anonymous size=14 > 
  at <RepoCard key=35 repo= {id: 35, full_name: 0xPlaygrounds/rig, owner: 0xPlaygrounds, repo_name: rig, name_zh: null} style= {animationDelay: 600ms}  ... > 
  at <HomeView onVnodeUnmounted=fn<onVnodeUnmounted> ref=Ref< Proxy(Object) > > 
  at <RouterView > 
  at <App> @ http://localhost:5173/node_modules/.vite/deps/vue.runtime.esm-bundler-CMLZRQMs.js?v=b93762a9:1752
[ 2004830ms] [WARNING] [Vue warn]: Component provided template option but runtime compilation is not supported in this build of Vue. Configure your bundler to alias "vue" to "vue/dist/vue.esm-bundler.js". 
  at <Anonymous size=14 > 
  at <RepoCard key=36 repo= {id: 36, full_name: InternLM/InternLM, owner: InternLM, repo_name: InternLM, name_zh: null} style= {animationDelay: 600ms}  ... > 
  at <HomeView onVnodeUnmounted=fn<onVnodeUnmounted> ref=Ref< Proxy(Object) > > 
  at <RouterView > 
  at <App> @ http://localhost:5173/node_modules/.vite/deps/vue.runtime.esm-bundler-CMLZRQMs.js?v=b93762a9:1752
[ 2004831ms] [WARNING] [Vue warn]: Component provided template option but runtime compilation is not supported in this build of Vue. Configure your bundler to alias "vue" to "vue/dist/vue.esm-bundler.js". 
  at <Anonymous size=14 > 
  at <RepoCard key=37 repo= {id: 37, full_name: open-compass/opencompass, owner: open-compass, repo_name: opencompass, name_zh: null} style= {animationDelay: 600ms}  ... > 
  at <HomeView onVnodeUnmounted=fn<onVnodeUnmounted> ref=Ref< Proxy(Object) > > 
  at <RouterView > 
  at <App> @ http://localhost:5173/node_modules/.vite/deps/vue.runtime.esm-bundler-CMLZRQMs.js?v=b93762a9:1752
[ 2004832ms] [WARNING] [Vue warn]: Component provided template option but runtime compilation is not supported in this build of Vue. Configure your bundler to alias "vue" to "vue/dist/vue.esm-bundler.js". 
  at <Anonymous size=14 > 
  at <RepoCard key=38 repo= {id: 38, full_name: gluonfield/enchanted, owner: gluonfield, repo_name: enchanted, name_zh: null} style= {animationDelay: 600ms}  ... > 
  at <HomeView onVnodeUnmounted=fn<onVnodeUnmounted> ref=Ref< Proxy(Object) > > 
  at <RouterView > 
  at <App> @ http://localhost:5173/node_modules/.vite/deps/vue.runtime.esm-bundler-CMLZRQMs.js?v=b93762a9:1752
[ 2004834ms] [WARNING] [Vue warn]: Component provided template option but runtime compilation is not supported in this build of Vue. Configure your bundler to alias "vue" to "vue/dist/vue.esm-bundler.js". 
  at <Anonymous size=14 > 
  at <RepoCard key=39 repo= {id: 39, full_name: BrainBlend-AI/atomic-agents, owner: BrainBlend-AI, repo_name: atomic-agents, name_zh: null} style= {animationDelay: 600ms}  ... > 
  at <HomeView onVnodeUnmounted=fn<onVnodeUnmounted> ref=Ref< Proxy(Object) > > 
  at <RouterView > 
  at <App> @ http://localhost:5173/node_modules/.vite/deps/vue.runtime.esm-bundler-CMLZRQMs.js?v=b93762a9:1752
[ 2004835ms] [WARNING] [Vue warn]: Component provided template option but runtime compilation is not supported in this build of Vue. Configure your bundler to alias "vue" to "vue/dist/vue.esm-bundler.js". 
  at <Anonymous size=14 > 
  at <RepoCard key=40 repo= {id: 40, full_name: skyzh/tiny-llm, owner: skyzh, repo_name: tiny-llm, name_zh: null} style= {animationDelay: 600ms}  ... > 
  at <HomeView onVnodeUnmounted=fn<onVnodeUnmounted> ref=Ref< Proxy(Object) > > 
  at <RouterView > 
  at <App> @ http://localhost:5173/node_modules/.vite/deps/vue.runtime.esm-bundler-CMLZRQMs.js?v=b93762a9:1752
[ 2004836ms] [WARNING] [Vue warn]: Component provided template option but runtime compilation is not supported in this build of Vue. Configure your bundler to alias "vue" to "vue/dist/vue.esm-bundler.js". 
  at <Anonymous size=14 > 
  at <RepoCard key=41 repo= {id: 41, full_name: verazuo/jailbreak_llms, owner: verazuo, repo_name: jailbreak_llms, name_zh: null} style= {animationDelay: 600ms}  ... > 
  at <HomeView onVnodeUnmounted=fn<onVnodeUnmounted> ref=Ref< Proxy(Object) > > 
  at <RouterView > 
  at <App> @ http://localhost:5173/node_modules/.vite/deps/vue.runtime.esm-bundler-CMLZRQMs.js?v=b93762a9:1752
[ 2004837ms] [WARNING] [Vue warn]: Component provided template option but runtime compilation is not supported in this build of Vue. Configure your bundler to alias "vue" to "vue/dist/vue.esm-bundler.js". 
  at <Anonymous size=14 > 
  at <RepoCard key=42 repo= {id: 42, full_name: ridgerchu/matmulfreellm, owner: ridgerchu, repo_name: matmulfreellm, name_zh: null} style= {animationDelay: 600ms}  ... > 
  at <HomeView onVnodeUnmounted=fn<onVnodeUnmounted> ref=Ref< Proxy(Object) > > 
  at <RouterView > 
  at <App> @ http://localhost:5173/node_modules/.vite/deps/vue.runtime.esm-bundler-CMLZRQMs.js?v=b93762a9:1752
[ 2004838ms] [WARNING] [Vue warn]: Component provided template option but runtime compilation is not supported in this build of Vue. Configure your bundler to alias "vue" to "vue/dist/vue.esm-bundler.js". 
  at <Anonymous size=14 > 
  at <RepoCard key=43 repo= {id: 43, full_name: InternLM/InternLM-XComposer, owner: InternLM, repo_name: InternLM-XComposer, name_zh: null} style= {animationDelay: 600ms}  ... > 
  at <HomeView onVnodeUnmounted=fn<onVnodeUnmounted> ref=Ref< Proxy(Object) > > 
  at <RouterView > 
  at <App> @ http://localhost:5173/node_modules/.vite/deps/vue.runtime.esm-bundler-CMLZRQMs.js?v=b93762a9:1752
[ 2004838ms] [WARNING] [Vue warn]: Component provided template option but runtime compilation is not supported in this build of Vue. Configure your bundler to alias "vue" to "vue/dist/vue.esm-bundler.js". 
  at <Anonymous size=14 > 
  at <RepoCard key=44 repo= {id: 44, full_name: JIA-Lab-research/LISA, owner: JIA-Lab-research, repo_name: LISA, name_zh: null} style= {animationDelay: 600ms}  ... > 
  at <HomeView onVnodeUnmounted=fn<onVnodeUnmounted> ref=Ref< Proxy(Object) > > 
  at <RouterView > 
  at <App> @ http://localhost:5173/node_modules/.vite/deps/vue.runtime.esm-bundler-CMLZRQMs.js?v=b93762a9:1752
[ 2004839ms] [WARNING] [Vue warn]: Component provided template option but runtime compilation is not supported in this build of Vue. Configure your bundler to alias "vue" to "vue/dist/vue.esm-bundler.js". 
  at <Anonymous size=14 > 
  at <RepoCard key=45 repo= {id: 45, full_name: RManLuo/Awesome-LLM-KG, owner: RManLuo, repo_name: Awesome-LLM-KG, name_zh: null} style= {animationDelay: 600ms}  ... > 
  at <HomeView onVnodeUnmounted=fn<onVnodeUnmounted> ref=Ref< Proxy(Object) > > 
  at <RouterView > 
  at <App> @ http://localhost:5173/node_modules/.vite/deps/vue.runtime.esm-bundler-CMLZRQMs.js?v=b93762a9:1752
[ 2004841ms] [WARNING] [Vue warn]: Component provided template option but runtime compilation is not supported in this build of Vue. Configure your bundler to alias "vue" to "vue/dist/vue.esm-bundler.js". 
  at <Anonymous size=14 > 
  at <RepoCard key=46 repo= {id: 46, full_name: genieincodebottle/generative-ai, owner: genieincodebottle, repo_name: generative-ai, name_zh: null} style= {animationDelay: 600ms}  ... > 
  at <HomeView onVnodeUnmounted=fn<onVnodeUnmounted> ref=Ref< Proxy(Object) > > 
  at <RouterView > 
  at <App> @ http://localhost:5173/node_modules/.vite/deps/vue.runtime.esm-bundler-CMLZRQMs.js?v=b93762a9:1752
[ 2468950ms] [WARNING] [Vue warn]: Component provided template option but runtime compilation is not supported in this build of Vue. Configure your bundler to alias "vue" to "vue/dist/vue.esm-bundler.js". 
  at <Anonymous size=14 > 
  at <RepoCard key=557 repo= {id: 557, full_name: Hmbown/DeepSeek-TUI, owner: Hmbown, repo_name: DeepSeek-TUI, name_zh: null} style= {animationDelay: 0ms}  ... > 
  at <HomeView onVnodeUnmounted=fn<onVnodeUnmounted> ref=Ref< null > > 
  at <RouterView > 
  at <App> @ http://localhost:5173/node_modules/.vite/deps/vue.runtime.esm-bundler-CMLZRQMs.js?v=b93762a9:1752
[ 2468951ms] [WARNING] [Vue warn]: Component provided template option but runtime compilation is not supported in this build of Vue. Configure your bundler to alias "vue" to "vue/dist/vue.esm-bundler.js". 
  at <Anonymous size=14 > 
  at <RepoCard key=564 repo= {id: 564, full_name: mattpocock/skills, owner: mattpocock, repo_name: skills, name_zh: null} style= {animationDelay: 30ms}  ... > 
  at <HomeView onVnodeUnmounted=fn<onVnodeUnmounted> ref=Ref< null > > 
  at <RouterView > 
  at <App> @ http://localhost:5173/node_modules/.vite/deps/vue.runtime.esm-bundler-CMLZRQMs.js?v=b93762a9:1752
[ 2468951ms] [WARNING] [Vue warn]: Component provided template option but runtime compilation is not supported in this build of Vue. Configure your bundler to alias "vue" to "vue/dist/vue.esm-bundler.js". 
  at <Anonymous size=14 > 
  at <RepoCard key=132 repo= {id: 132, full_name: ruvnet/ruflo, owner: ruvnet, repo_name: ruflo, name_zh: null} style= {animationDelay: 60ms}  ... > 
  at <HomeView onVnodeUnmounted=fn<onVnodeUnmounted> ref=Ref< null > > 
  at <RouterView > 
  at <App> @ http://localhost:5173/node_modules/.vite/deps/vue.runtime.esm-bundler-CMLZRQMs.js?v=b93762a9:1752
[ 2468952ms] [WARNING] [Vue warn]: Component provided template option but runtime compilation is not supported in this build of Vue. Configure your bundler to alias "vue" to "vue/dist/vue.esm-bundler.js". 
  at <Anonymous size=14 > 
  at <RepoCard key=560 repo= {id: 560, full_name: addyosmani/agent-skills, owner: addyosmani, repo_name: agent-skills, name_zh: null} style= {animationDelay: 90ms}  ... > 
  at <HomeView onVnodeUnmounted=fn<onVnodeUnmounted> ref=Ref< null > > 
  at <RouterView > 
  at <App> @ http://localhost:5173/node_modules/.vite/deps/vue.runtime.esm-bundler-CMLZRQMs.js?v=b93762a9:1752
[ 2468953ms] [WARNING] [Vue warn]: Component provided template option but runtime compilation is not supported in this build of Vue. Configure your bundler to alias "vue" to "vue/dist/vue.esm-bundler.js". 
  at <Anonymous size=14 > 
  at <RepoCard key=24 repo= {id: 24, full_name: TauricResearch/TradingAgents, owner: TauricResearch, repo_name: TradingAgents, name_zh: null} style= {animationDelay: 120ms}  ... > 
  at <HomeView onVnodeUnmounted=fn<onVnodeUnmounted> ref=Ref< null > > 
  at <RouterView > 
  at <App> @ http://localhost:5173/node_modules/.vite/deps/vue.runtime.esm-bundler-CMLZRQMs.js?v=b93762a9:1752
[ 2468954ms] [WARNING] [Vue warn]: Component provided template option but runtime compilation is not supported in this build of Vue. Configure your bundler to alias "vue" to "vue/dist/vue.esm-bundler.js". 
  at <Anonymous size=14 > 
  at <RepoCard key=214 repo= {id: 214, full_name: AIDC-AI/Pixelle-Video, owner: AIDC-AI, repo_name: Pixelle-Video, name_zh: null} style= {animationDelay: 150ms}  ... > 
  at <HomeView onVnodeUnmounted=fn<onVnodeUnmounted> ref=Ref< null > > 
  at <RouterView > 
  at <App> @ http://localhost:5173/node_modules/.vite/deps/vue.runtime.esm-bundler-CMLZRQMs.js?v=b93762a9:1752
[ 2468956ms] [WARNING] [Vue warn]: Component provided template option but runtime compilation is not supported in this build of Vue. Configure your bundler to alias "vue" to "vue/dist/vue.esm-bundler.js". 
  at <Anonymous size=14 > 
  at <RepoCard key=117 repo= {id: 117, full_name: VectifyAI/PageIndex, owner: VectifyAI, repo_name: PageIndex, name_zh: null} style= {animationDelay: 180ms}  ... > 
  at <HomeView onVnodeUnmounted=fn<onVnodeUnmounted> ref=Ref< null > > 
  at <RouterView > 
  at <App> @ http://localhost:5173/node_modules/.vite/deps/vue.runtime.esm-bundler-CMLZRQMs.js?v=b93762a9:1752
[ 2468957ms] [WARNING] [Vue warn]: Component provided template option but runtime compilation is not supported in this build of Vue. Configure your bundler to alias "vue" to "vue/dist/vue.esm-bundler.js". 
  at <Anonymous size=14 > 
  at <RepoCard key=559 repo= {id: 559, full_name: virattt/dexter, owner: virattt, repo_name: dexter, name_zh: null} style= {animationDelay: 210ms}  ... > 
  at <HomeView onVnodeUnmounted=fn<onVnodeUnmounted> ref=Ref< null > > 
  at <RouterView > 
  at <App> @ http://localhost:5173/node_modules/.vite/deps/vue.runtime.esm-bundler-CMLZRQMs.js?v=b93762a9:1752
[ 2468958ms] [WARNING] [Vue warn]: Component provided template option but runtime compilation is not supported in this build of Vue. Configure your bundler to alias "vue" to "vue/dist/vue.esm-bundler.js". 
  at <Anonymous size=14 > 
  at <RepoCard key=129 repo= {id: 129, full_name: LearningCircuit/local-deep-research, owner: LearningCircuit, repo_name: local-deep-research, name_zh: null} style= {animationDelay: 240ms}  ... > 
  at <HomeView onVnodeUnmounted=fn<onVnodeUnmounted> ref=Ref< null > > 
  at <RouterView > 
  at <App> @ http://localhost:5173/node_modules/.vite/deps/vue.runtime.esm-bundler-CMLZRQMs.js?v=b93762a9:1752
[ 2468958ms] [WARNING] [Vue warn]: Component provided template option but runtime compilation is not supported in this build of Vue. Configure your bundler to alias "vue" to "vue/dist/vue.esm-bundler.js". 
  at <Anonymous size=14 > 
  at <RepoCard key=563 repo= {id: 563, full_name: 1jehuang/jcode, owner: 1jehuang, repo_name: jcode, name_zh: null} style= {animationDelay: 270ms}  ... > 
  at <HomeView onVnodeUnmounted=fn<onVnodeUnmounted> ref=Ref< null > > 
  at <RouterView > 
  at <App> @ http://localhost:5173/node_modules/.vite/deps/vue.runtime.esm-bundler-CMLZRQMs.js?v=b93762a9:1752
[ 2468959ms] [WARNING] [Vue warn]: Component provided template option but runtime compilation is not supported in this build of Vue. Configure your bundler to alias "vue" to "vue/dist/vue.esm-bundler.js". 
  at <Anonymous size=14 > 
  at <RepoCard key=339 repo= {id: 339, full_name: cocoindex-io/cocoindex, owner: cocoindex-io, repo_name: cocoindex, name_zh: null} style= {animationDelay: 300ms}  ... > 
  at <HomeView onVnodeUnmounted=fn<onVnodeUnmounted> ref=Ref< null > > 
  at <RouterView > 
  at <App> @ http://localhost:5173/node_modules/.vite/deps/vue.runtime.esm-bundler-CMLZRQMs.js?v=b93762a9:1752
[ 2468960ms] [WARNING] [Vue warn]: Component provided template option but runtime compilation is not supported in this build of Vue. Configure your bundler to alias "vue" to "vue/dist/vue.esm-bundler.js". 
  at <Anonymous size=14 > 
  at <RepoCard key=558 repo= {id: 558, full_name: bwya77/vscode-dark-islands, owner: bwya77, repo_name: vscode-dark-islands, name_zh: null} style= {animationDelay: 330ms}  ... > 
  at <HomeView onVnodeUnmounted=fn<onVnodeUnmounted> ref=Ref< null > > 
  at <RouterView > 
  at <App> @ http://localhost:5173/node_modules/.vite/deps/vue.runtime.esm-bundler-CMLZRQMs.js?v=b93762a9:1752
[ 2468962ms] [WARNING] [Vue warn]: Component provided template option but runtime compilation is not supported in this build of Vue. Configure your bundler to alias "vue" to "vue/dist/vue.esm-bundler.js". 
  at <Anonymous size=14 > 
  at <RepoCard key=9 repo= {id: 9, full_name: NousResearch/hermes-agent, owner: NousResearch, repo_name: hermes-agent, name_zh: null} style= {animationDelay: 360ms}  ... > 
  at <HomeView onVnodeUnmounted=fn<onVnodeUnmounted> ref=Ref< null > > 
  at <RouterView > 
  at <App> @ http://localhost:5173/node_modules/.vite/deps/vue.runtime.esm-bundler-CMLZRQMs.js?v=b93762a9:1752
[ 2468963ms] [WARNING] [Vue warn]: Component provided template option but runtime compilation is not supported in this build of Vue. Configure your bundler to alias "vue" to "vue/dist/vue.esm-bundler.js". 
  at <Anonymous size=14 > 
  at <RepoCard key=561 repo= {id: 561, full_name: InsForge/InsForge, owner: InsForge, repo_name: InsForge, name_zh: null} style= {animationDelay: 390ms}  ... > 
  at <HomeView onVnodeUnmounted=fn<onVnodeUnmounted> ref=Ref< null > > 
  at <RouterView > 
  at <App> @ http://localhost:5173/node_modules/.vite/deps/vue.runtime.esm-bundler-CMLZRQMs.js?v=b93762a9:1752
[ 2468963ms] [WARNING] [Vue warn]: Component provided template option but runtime compilation is not supported in this build of Vue. Configure your bundler to alias "vue" to "vue/dist/vue.esm-bundler.js". 
  at <Anonymous size=14 > 
  at <RepoCard key=1 repo= {id: 1, full_name: bytedance/UI-TARS-desktop, owner: bytedance, repo_name: UI-TARS-desktop, name_zh: null} style= {animationDelay: 420ms}  ... > 
  at <HomeView onVnodeUnmounted=fn<onVnodeUnmounted> ref=Ref< null > > 
  at <RouterView > 
  at <App> @ http://localhost:5173/node_modules/.vite/deps/vue.runtime.esm-bundler-CMLZRQMs.js?v=b93762a9:1752
[ 2468964ms] [WARNING] [Vue warn]: Component provided template option but runtime compilation is not supported in this build of Vue. Configure your bundler to alias "vue" to "vue/dist/vue.esm-bundler.js". 
  at <Anonymous size=14 > 
  at <RepoCard key=3 repo= {id: 3, full_name: decolua/9router, owner: decolua, repo_name: 9router, name_zh: null} style= {animationDelay: 450ms}  ... > 
  at <HomeView onVnodeUnmounted=fn<onVnodeUnmounted> ref=Ref< null > > 
  at <RouterView > 
  at <App> @ http://localhost:5173/node_modules/.vite/deps/vue.runtime.esm-bundler-CMLZRQMs.js?v=b93762a9:1752
[ 2468966ms] [WARNING] [Vue warn]: Component provided template option but runtime compilation is not supported in this build of Vue. Configure your bundler to alias "vue" to "vue/dist/vue.esm-bundler.js". 
  at <Anonymous size=14 > 
  at <RepoCard key=556 repo= {id: 556, full_name: datawhalechina/easy-vibe, owner: datawhalechina, repo_name: easy-vibe, name_zh: null} style= {animationDelay: 480ms}  ... > 
  at <HomeView onVnodeUnmounted=fn<onVnodeUnmounted> ref=Ref< null > > 
  at <RouterView > 
  at <App> @ http://localhost:5173/node_modules/.vite/deps/vue.runtime.esm-bundler-CMLZRQMs.js?v=b93762a9:1752
[ 2468968ms] [WARNING] [Vue warn]: Component provided template option but runtime compilation is not supported in this build of Vue. Configure your bundler to alias "vue" to "vue/dist/vue.esm-bundler.js". 
  at <Anonymous size=14 > 
  at <RepoCard key=562 repo= {id: 562, full_name: PriorLabs/TabPFN, owner: PriorLabs, repo_name: TabPFN, name_zh: null} style= {animationDelay: 510ms}  ... > 
  at <HomeView onVnodeUnmounted=fn<onVnodeUnmounted> ref=Ref< null > > 
  at <RouterView > 
  at <App> @ http://localhost:5173/node_modules/.vite/deps/vue.runtime.esm-bundler-CMLZRQMs.js?v=b93762a9:1752
[ 2468969ms] [WARNING] [Vue warn]: Component provided template option but runtime compilation is not supported in this build of Vue. Configure your bundler to alias "vue" to "vue/dist/vue.esm-bundler.js". 
  at <Anonymous size=14 > 
  at <RepoCard key=10 repo= {id: 10, full_name: rohitg00/agentmemory, owner: rohitg00, repo_name: agentmemory, name_zh: null} style= {animationDelay: 540ms}  ... > 
  at <HomeView onVnodeUnmounted=fn<onVnodeUnmounted> ref=Ref< null > > 
  at <RouterView > 
  at <App> @ http://localhost:5173/node_modules/.vite/deps/vue.runtime.esm-bundler-CMLZRQMs.js?v=b93762a9:1752
[ 2468970ms] [WARNING] [Vue warn]: Component provided template option but runtime compilation is not supported in this build of Vue. Configure your bundler to alias "vue" to "vue/dist/vue.esm-bundler.js". 
  at <Anonymous size=14 > 
  at <RepoCard key=4 repo= {id: 4, full_name: tinyhumansai/openhuman, owner: tinyhumansai, repo_name: openhuman, name_zh: null} style= {animationDelay: 570ms}  ... > 
  at <HomeView onVnodeUnmounted=fn<onVnodeUnmounted> ref=Ref< null > > 
  at <RouterView > 
  at <App> @ http://localhost:5173/node_modules/.vite/deps/vue.runtime.esm-bundler-CMLZRQMs.js?v=b93762a9:1752
[ 2468972ms] [WARNING] [Vue warn]: Component provided template option but runtime compilation is not supported in this build of Vue. Configure your bundler to alias "vue" to "vue/dist/vue.esm-bundler.js". 
  at <Anonymous size=14 > 
  at <RepoCard key=2 repo= {id: 2, full_name: yikart/AiToEarn, owner: yikart, repo_name: AiToEarn, name_zh: null} style= {animationDelay: 600ms}  ... > 
  at <HomeView onVnodeUnmounted=fn<onVnodeUnmounted> ref=Ref< null > > 
  at <RouterView > 
  at <App> @ http://localhost:5173/node_modules/.vite/deps/vue.runtime.esm-bundler-CMLZRQMs.js?v=b93762a9:1752
[ 2468973ms] [WARNING] [Vue warn]: Component provided template option but runtime compilation is not supported in this build of Vue. Configure your bundler to alias "vue" to "vue/dist/vue.esm-bundler.js". 
  at <Anonymous size=14 > 
  at <RepoCard key=6 repo= {id: 6, full_name: Lordog/dive-into-llms, owner: Lordog, repo_name: dive-into-llms, name_zh: null} style= {animationDelay: 600ms}  ... > 
  at <HomeView onVnodeUnmounted=fn<onVnodeUnmounted> ref=Ref< null > > 
  at <RouterView > 
  at <App> @ http://localhost:5173/node_modules/.vite/deps/vue.runtime.esm-bundler-CMLZRQMs.js?v=b93762a9:1752
[ 2468974ms] [WARNING] [Vue warn]: Component provided template option but runtime compilation is not supported in this build of Vue. Configure your bundler to alias "vue" to "vue/dist/vue.esm-bundler.js". 
  at <Anonymous size=14 > 
  at <RepoCard key=5 repo= {id: 5, full_name: millionco/react-doctor, owner: millionco, repo_name: react-doctor, name_zh: null} style= {animationDelay: 600ms}  ... > 
  at <HomeView onVnodeUnmounted=fn<onVnodeUnmounted> ref=Ref< null > > 
  at <RouterView > 
  at <App> @ http://localhost:5173/node_modules/.vite/deps/vue.runtime.esm-bundler-CMLZRQMs.js?v=b93762a9:1752
[ 2468975ms] [WARNING] [Vue warn]: Component provided template option but runtime compilation is not supported in this build of Vue. Configure your bundler to alias "vue" to "vue/dist/vue.esm-bundler.js". 
  at <Anonymous size=14 > 
  at <RepoCard key=8 repo= {id: 8, full_name: rasbt/LLMs-from-scratch, owner: rasbt, repo_name: LLMs-from-scratch, name_zh: null} style= {animationDelay: 600ms}  ... > 
  at <HomeView onVnodeUnmounted=fn<onVnodeUnmounted> ref=Ref< null > > 
  at <RouterView > 
  at <App> @ http://localhost:5173/node_modules/.vite/deps/vue.runtime.esm-bundler-CMLZRQMs.js?v=b93762a9:1752
[ 2468976ms] [WARNING] [Vue warn]: Component provided template option but runtime compilation is not supported in this build of Vue. Configure your bundler to alias "vue" to "vue/dist/vue.esm-bundler.js". 
  at <Anonymous size=14 > 
  at <RepoCard key=11 repo= {id: 11, full_name: test-org/test-llm-repo, owner: test-org, repo_name: test-llm-repo, name_zh: null} style= {animationDelay: 600ms}  ... > 
  at <HomeView onVnodeUnmounted=fn<onVnodeUnmounted> ref=Ref< null > > 
  at <RouterView > 
  at <App> @ http://localhost:5173/node_modules/.vite/deps/vue.runtime.esm-bundler-CMLZRQMs.js?v=b93762a9:1752
[ 2468978ms] [WARNING] [Vue warn]: Component provided template option but runtime compilation is not supported in this build of Vue. Configure your bundler to alias "vue" to "vue/dist/vue.esm-bundler.js". 
  at <Anonymous size=14 > 
  at <RepoCard key=7 repo= {id: 7, full_name: AUTOMATIC1111/stable-diffusion-webui, owner: AUTOMATIC1111, repo_name: stable-diffusion-webui, name_zh: null} style= {animationDelay: 600ms}  ... > 
  at <HomeView onVnodeUnmounted=fn<onVnodeUnmounted> ref=Ref< null > > 
  at <RouterView > 
  at <App> @ http://localhost:5173/node_modules/.vite/deps/vue.runtime.esm-bundler-CMLZRQMs.js?v=b93762a9:1752
[ 2468978ms] [WARNING] [Vue warn]: Component provided template option but runtime compilation is not supported in this build of Vue. Configure your bundler to alias "vue" to "vue/dist/vue.esm-bundler.js". 
  at <Anonymous size=14 > 
  at <RepoCard key=12 repo= {id: 12, full_name: Significant-Gravitas/AutoGPT, owner: Significant-Gravitas, repo_name: AutoGPT, name_zh: null} style= {animationDelay: 600ms}  ... > 
  at <HomeView onVnodeUnmounted=fn<onVnodeUnmounted> ref=Ref< null > > 
  at <RouterView > 
  at <App> @ http://localhost:5173/node_modules/.vite/deps/vue.runtime.esm-bundler-CMLZRQMs.js?v=b93762a9:1752
[ 2468979ms] [WARNING] [Vue warn]: Component provided template option but runtime compilation is not supported in this build of Vue. Configure your bundler to alias "vue" to "vue/dist/vue.esm-bundler.js". 
  at <Anonymous size=14 > 
  at <RepoCard key=13 repo= {id: 13, full_name: affaan-m/everything-claude-code, owner: affaan-m, repo_name: everything-claude-code, name_zh: null} style= {animationDelay: 600ms}  ... > 
  at <HomeView onVnodeUnmounted=fn<onVnodeUnmounted> ref=Ref< null > > 
  at <RouterView > 
  at <App> @ http://localhost:5173/node_modules/.vite/deps/vue.runtime.esm-bundler-CMLZRQMs.js?v=b93762a9:1752
[ 2468980ms] [WARNING] [Vue warn]: Component provided template option but runtime compilation is not supported in this build of Vue. Configure your bundler to alias "vue" to "vue/dist/vue.esm-bundler.js". 
  at <Anonymous size=14 > 
  at <RepoCard key=14 repo= {id: 14, full_name: ollama/ollama, owner: ollama, repo_name: ollama, name_zh: null} style= {animationDelay: 600ms}  ... > 
  at <HomeView onVnodeUnmounted=fn<onVnodeUnmounted> ref=Ref< null > > 
  at <RouterView > 
  at <App> @ http://localhost:5173/node_modules/.vite/deps/vue.runtime.esm-bundler-CMLZRQMs.js?v=b93762a9:1752
[ 2468981ms] [WARNING] [Vue warn]: Component provided template option but runtime compilation is not supported in this build of Vue. Configure your bundler to alias "vue" to "vue/dist/vue.esm-bundler.js". 
  at <Anonymous size=14 > 
  at <RepoCard key=15 repo= {id: 15, full_name: f/prompts.chat, owner: f, repo_name: prompts.chat, name_zh: null} style= {animationDelay: 600ms}  ... > 
  at <HomeView onVnodeUnmounted=fn<onVnodeUnmounted> ref=Ref< null > > 
  at <RouterView > 
  at <App> @ http://localhost:5173/node_modules/.vite/deps/vue.runtime.esm-bundler-CMLZRQMs.js?v=b93762a9:1752
[ 2468982ms] [WARNING] [Vue warn]: Component provided template option but runtime compilation is not supported in this build of Vue. Configure your bundler to alias "vue" to "vue/dist/vue.esm-bundler.js". 
  at <Anonymous size=14 > 
  at <RepoCard key=16 repo= {id: 16, full_name: huggingface/transformers, owner: huggingface, repo_name: transformers, name_zh: null} style= {animationDelay: 600ms}  ... > 
  at <HomeView onVnodeUnmounted=fn<onVnodeUnmounted> ref=Ref< null > > 
  at <RouterView > 
  at <App> @ http://localhost:5173/node_modules/.vite/deps/vue.runtime.esm-bundler-CMLZRQMs.js?v=b93762a9:1752
[ 2468983ms] [WARNING] [Vue warn]: Component provided template option but runtime compilation is not supported in this build of Vue. Configure your bundler to alias "vue" to "vue/dist/vue.esm-bundler.js". 
  at <Anonymous size=14 > 
  at <RepoCard key=17 repo= {id: 17, full_name: langgenius/dify, owner: langgenius, repo_name: dify, name_zh: null} style= {animationDelay: 600ms}  ... > 
  at <HomeView onVnodeUnmounted=fn<onVnodeUnmounted> ref=Ref< null > > 
  at <RouterView > 
  at <App> @ http://localhost:5173/node_modules/.vite/deps/vue.runtime.esm-bundler-CMLZRQMs.js?v=b93762a9:1752
[ 2468984ms] [WARNING] [Vue warn]: Component provided template option but runtime compilation is not supported in this build of Vue. Configure your bundler to alias "vue" to "vue/dist/vue.esm-bundler.js". 
  at <Anonymous size=14 > 
  at <RepoCard key=18 repo= {id: 18, full_name: open-webui/open-webui, owner: open-webui, repo_name: open-webui, name_zh: null} style= {animationDelay: 600ms}  ... > 
  at <HomeView onVnodeUnmounted=fn<onVnodeUnmounted> ref=Ref< null > > 
  at <RouterView > 
  at <App> @ http://localhost:5173/node_modules/.vite/deps/vue.runtime.esm-bundler-CMLZRQMs.js?v=b93762a9:1752
[ 2468985ms] [WARNING] [Vue warn]: Component provided template option but runtime compilation is not supported in this build of Vue. Configure your bundler to alias "vue" to "vue/dist/vue.esm-bundler.js". 
  at <Anonymous size=14 > 
  at <RepoCard key=19 repo= {id: 19, full_name: langchain-ai/langchain, owner: langchain-ai, repo_name: langchain, name_zh: null} style= {animationDelay: 600ms}  ... > 
  at <HomeView onVnodeUnmounted=fn<onVnodeUnmounted> ref=Ref< null > > 
  at <RouterView > 
  at <App> @ http://localhost:5173/node_modules/.vite/deps/vue.runtime.esm-bundler-CMLZRQMs.js?v=b93762a9:1752
[ 2468986ms] [WARNING] [Vue warn]: Component provided template option but runtime compilation is not supported in this build of Vue. Configure your bundler to alias "vue" to "vue/dist/vue.esm-bundler.js". 
  at <Anonymous size=14 > 
  at <RepoCard key=20 repo= {id: 20, full_name: firecrawl/firecrawl, owner: firecrawl, repo_name: firecrawl, name_zh: null} style= {animationDelay: 600ms}  ... > 
  at <HomeView onVnodeUnmounted=fn<onVnodeUnmounted> ref=Ref< null > > 
  at <RouterView > 
  at <App> @ http://localhost:5173/node_modules/.vite/deps/vue.runtime.esm-bundler-CMLZRQMs.js?v=b93762a9:1752
[ 2468987ms] [WARNING] [Vue warn]: Component provided template option but runtime compilation is not supported in this build of Vue. Configure your bundler to alias "vue" to "vue/dist/vue.esm-bundler.js". 
  at <Anonymous size=14 > 
  at <RepoCard key=21 repo= {id: 21, full_name: browser-use/browser-use, owner: browser-use, repo_name: browser-use, name_zh: null} style= {animationDelay: 600ms}  ... > 
  at <HomeView onVnodeUnmounted=fn<onVnodeUnmounted> ref=Ref< null > > 
  at <RouterView > 
  at <App> @ http://localhost:5173/node_modules/.vite/deps/vue.runtime.esm-bundler-CMLZRQMs.js?v=b93762a9:1752
[ 2468988ms] [WARNING] [Vue warn]: Component provided template option but runtime compilation is not supported in this build of Vue. Configure your bundler to alias "vue" to "vue/dist/vue.esm-bundler.js". 
  at <Anonymous size=14 > 
  at <RepoCard key=22 repo= {id: 22, full_name: vllm-project/vllm, owner: vllm-project, repo_name: vllm, name_zh: null} style= {animationDelay: 600ms}  ... > 
  at <HomeView onVnodeUnmounted=fn<onVnodeUnmounted> ref=Ref< null > > 
  at <RouterView > 
  at <App> @ http://localhost:5173/node_modules/.vite/deps/vue.runtime.esm-bundler-CMLZRQMs.js?v=b93762a9:1752
[ 2468993ms] [WARNING] [Vue warn]: Component provided template option but runtime compilation is not supported in this build of Vue. Configure your bundler to alias "vue" to "vue/dist/vue.esm-bundler.js". 
  at <Anonymous size=14 > 
  at <RepoCard key=23 repo= {id: 23, full_name: mlabonne/llm-course, owner: mlabonne, repo_name: llm-course, name_zh: null} style= {animationDelay: 600ms}  ... > 
  at <HomeView onVnodeUnmounted=fn<onVnodeUnmounted> ref=Ref< null > > 
  at <RouterView > 
  at <App> @ http://localhost:5173/node_modules/.vite/deps/vue.runtime.esm-bundler-CMLZRQMs.js?v=b93762a9:1752
[ 2468994ms] [WARNING] [Vue warn]: Component provided template option but runtime compilation is not supported in this build of Vue. Configure your bundler to alias "vue" to "vue/dist/vue.esm-bundler.js". 
  at <Anonymous size=14 > 
  at <RepoCard key=25 repo= {id: 25, full_name: OpenHands/OpenHands, owner: OpenHands, repo_name: OpenHands, name_zh: null} style= {animationDelay: 600ms}  ... > 
  at <HomeView onVnodeUnmounted=fn<onVnodeUnmounted> ref=Ref< null > > 
  at <RouterView > 
  at <App> @ http://localhost:5173/node_modules/.vite/deps/vue.runtime.esm-bundler-CMLZRQMs.js?v=b93762a9:1752
[ 2468995ms] [WARNING] [Vue warn]: Component provided template option but runtime compilation is not supported in this build of Vue. Configure your bundler to alias "vue" to "vue/dist/vue.esm-bundler.js". 
  at <Anonymous size=14 > 
  at <RepoCard key=26 repo= {id: 26, full_name: hiyouga/LlamaFactory, owner: hiyouga, repo_name: LlamaFactory, name_zh: null} style= {animationDelay: 600ms}  ... > 
  at <HomeView onVnodeUnmounted=fn<onVnodeUnmounted> ref=Ref< null > > 
  at <RouterView > 
  at <App> @ http://localhost:5173/node_modules/.vite/deps/vue.runtime.esm-bundler-CMLZRQMs.js?v=b93762a9:1752
[ 2468996ms] [WARNING] [Vue warn]: Component provided template option but runtime compilation is not supported in this build of Vue. Configure your bundler to alias "vue" to "vue/dist/vue.esm-bundler.js". 
  at <Anonymous size=14 > 
  at <RepoCard key=27 repo= {id: 27, full_name: FoundationAgents/MetaGPT, owner: FoundationAgents, repo_name: MetaGPT, name_zh: null} style= {animationDelay: 600ms}  ... > 
  at <HomeView onVnodeUnmounted=fn<onVnodeUnmounted> ref=Ref< null > > 
  at <RouterView > 
  at <App> @ http://localhost:5173/node_modules/.vite/deps/vue.runtime.esm-bundler-CMLZRQMs.js?v=b93762a9:1752
[ 2468996ms] [WARNING] [Vue warn]: Component provided template option but runtime compilation is not supported in this build of Vue. Configure your bundler to alias "vue" to "vue/dist/vue.esm-bundler.js". 
  at <Anonymous size=14 > 
  at <RepoCard key=28 repo= {id: 28, full_name: bytedance/deer-flow, owner: bytedance, repo_name: deer-flow, name_zh: null} style= {animationDelay: 600ms}  ... > 
  at <HomeView onVnodeUnmounted=fn<onVnodeUnmounted> ref=Ref< null > > 
  at <RouterView > 
  at <App> @ http://localhost:5173/node_modules/.vite/deps/vue.runtime.esm-bundler-CMLZRQMs.js?v=b93762a9:1752
[ 2468997ms] [WARNING] [Vue warn]: Component provided template option but runtime compilation is not supported in this build of Vue. Configure your bundler to alias "vue" to "vue/dist/vue.esm-bundler.js". 
  at <Anonymous size=14 > 
  at <RepoCard key=29 repo= {id: 29, full_name: unslothai/unsloth, owner: unslothai, repo_name: unsloth, name_zh: null} style= {animationDelay: 600ms}  ... > 
  at <HomeView onVnodeUnmounted=fn<onVnodeUnmounted> ref=Ref< null > > 
  at <RouterView > 
  at <App> @ http://localhost:5173/node_modules/.vite/deps/vue.runtime.esm-bundler-CMLZRQMs.js?v=b93762a9:1752
[ 2468998ms] [WARNING] [Vue warn]: Component provided template option but runtime compilation is not supported in this build of Vue. Configure your bundler to alias "vue" to "vue/dist/vue.esm-bundler.js". 
  at <Anonymous size=14 > 
  at <RepoCard key=30 repo= {id: 30, full_name: jingyaogong/minimind, owner: jingyaogong, repo_name: minimind, name_zh: null} style= {animationDelay: 600ms}  ... > 
  at <HomeView onVnodeUnmounted=fn<onVnodeUnmounted> ref=Ref< null > > 
  at <RouterView > 
  at <App> @ http://localhost:5173/node_modules/.vite/deps/vue.runtime.esm-bundler-CMLZRQMs.js?v=b93762a9:1752
[ 2468998ms] [WARNING] [Vue warn]: Component provided template option but runtime compilation is not supported in this build of Vue. Configure your bundler to alias "vue" to "vue/dist/vue.esm-bundler.js". 
  at <Anonymous size=14 > 
  at <RepoCard key=31 repo= {id: 31, full_name: ScrapeGraphAI/Scrapegraph-ai, owner: ScrapeGraphAI, repo_name: Scrapegraph-ai, name_zh: null} style= {animationDelay: 600ms}  ... > 
  at <HomeView onVnodeUnmounted=fn<onVnodeUnmounted> ref=Ref< null > > 
  at <RouterView > 
  at <App> @ http://localhost:5173/node_modules/.vite/deps/vue.runtime.esm-bundler-CMLZRQMs.js?v=b93762a9:1752
[ 2468999ms] [WARNING] [Vue warn]: Component provided template option but runtime compilation is not supported in this build of Vue. Configure your bundler to alias "vue" to "vue/dist/vue.esm-bundler.js". 
  at <Anonymous size=14 > 
  at <RepoCard key=32 repo= {id: 32, full_name: The-Pocket/PocketFlow-Tutorial-Codebase-Knowledge, owner: The-Pocket, repo_name: PocketFlow-Tutorial-Codebase-Knowledge, name_zh: null} style= {animationDelay: 600ms}  ... > 
  at <HomeView onVnodeUnmounted=fn<onVnodeUnmounted> ref=Ref< null > > 
  at <RouterView > 
  at <App> @ http://localhost:5173/node_modules/.vite/deps/vue.runtime.esm-bundler-CMLZRQMs.js?v=b93762a9:1752
[ 2468999ms] [WARNING] [Vue warn]: Component provided template option but runtime compilation is not supported in this build of Vue. Configure your bundler to alias "vue" to "vue/dist/vue.esm-bundler.js". 
  at <Anonymous size=14 > 
  at <RepoCard key=33 repo= {id: 33, full_name: The-Pocket/PocketFlow, owner: The-Pocket, repo_name: PocketFlow, name_zh: null} style= {animationDelay: 600ms}  ... > 
  at <HomeView onVnodeUnmounted=fn<onVnodeUnmounted> ref=Ref< null > > 
  at <RouterView > 
  at <App> @ http://localhost:5173/node_modules/.vite/deps/vue.runtime.esm-bundler-CMLZRQMs.js?v=b93762a9:1752
[ 2469000ms] [WARNING] [Vue warn]: Component provided template option but runtime compilation is not supported in this build of Vue. Configure your bundler to alias "vue" to "vue/dist/vue.esm-bundler.js". 
  at <Anonymous size=14 > 
  at <RepoCard key=34 repo= {id: 34, full_name: OpenSPG/KAG, owner: OpenSPG, repo_name: KAG, name_zh: null} style= {animationDelay: 600ms}  ... > 
  at <HomeView onVnodeUnmounted=fn<onVnodeUnmounted> ref=Ref< null > > 
  at <RouterView > 
  at <App> @ http://localhost:5173/node_modules/.vite/deps/vue.runtime.esm-bundler-CMLZRQMs.js?v=b93762a9:1752
[ 2469001ms] [WARNING] [Vue warn]: Component provided template option but runtime compilation is not supported in this build of Vue. Configure your bundler to alias "vue" to "vue/dist/vue.esm-bundler.js". 
  at <Anonymous size=14 > 
  at <RepoCard key=35 repo= {id: 35, full_name: 0xPlaygrounds/rig, owner: 0xPlaygrounds, repo_name: rig, name_zh: null} style= {animationDelay: 600ms}  ... > 
  at <HomeView onVnodeUnmounted=fn<onVnodeUnmounted> ref=Ref< null > > 
  at <RouterView > 
  at <App> @ http://localhost:5173/node_modules/.vite/deps/vue.runtime.esm-bundler-CMLZRQMs.js?v=b93762a9:1752
[ 2469001ms] [WARNING] [Vue warn]: Component provided template option but runtime compilation is not supported in this build of Vue. Configure your bundler to alias "vue" to "vue/dist/vue.esm-bundler.js". 
  at <Anonymous size=14 > 
  at <RepoCard key=36 repo= {id: 36, full_name: InternLM/InternLM, owner: InternLM, repo_name: InternLM, name_zh: null} style= {animationDelay: 600ms}  ... > 
  at <HomeView onVnodeUnmounted=fn<onVnodeUnmounted> ref=Ref< null > > 
  at <RouterView > 
  at <App> @ http://localhost:5173/node_modules/.vite/deps/vue.runtime.esm-bundler-CMLZRQMs.js?v=b93762a9:1752
[ 2469002ms] [WARNING] [Vue warn]: Component provided template option but runtime compilation is not supported in this build of Vue. Configure your bundler to alias "vue" to "vue/dist/vue.esm-bundler.js". 
  at <Anonymous size=14 > 
  at <RepoCard key=37 repo= {id: 37, full_name: open-compass/opencompass, owner: open-compass, repo_name: opencompass, name_zh: null} style= {animationDelay: 600ms}  ... > 
  at <HomeView onVnodeUnmounted=fn<onVnodeUnmounted> ref=Ref< null > > 
  at <RouterView > 
  at <App> @ http://localhost:5173/node_modules/.vite/deps/vue.runtime.esm-bundler-CMLZRQMs.js?v=b93762a9:1752
[ 2469003ms] [WARNING] [Vue warn]: Component provided template option but runtime compilation is not supported in this build of Vue. Configure your bundler to alias "vue" to "vue/dist/vue.esm-bundler.js". 
  at <Anonymous size=14 > 
  at <RepoCard key=38 repo= {id: 38, full_name: gluonfield/enchanted, owner: gluonfield, repo_name: enchanted, name_zh: null} style= {animationDelay: 600ms}  ... > 
  at <HomeView onVnodeUnmounted=fn<onVnodeUnmounted> ref=Ref< null > > 
  at <RouterView > 
  at <App> @ http://localhost:5173/node_modules/.vite/deps/vue.runtime.esm-bundler-CMLZRQMs.js?v=b93762a9:1752
[ 2469003ms] [WARNING] [Vue warn]: Component provided template option but runtime compilation is not supported in this build of Vue. Configure your bundler to alias "vue" to "vue/dist/vue.esm-bundler.js". 
  at <Anonymous size=14 > 
  at <RepoCard key=39 repo= {id: 39, full_name: BrainBlend-AI/atomic-agents, owner: BrainBlend-AI, repo_name: atomic-agents, name_zh: null} style= {animationDelay: 600ms}  ... > 
  at <HomeView onVnodeUnmounted=fn<onVnodeUnmounted> ref=Ref< null > > 
  at <RouterView > 
  at <App> @ http://localhost:5173/node_modules/.vite/deps/vue.runtime.esm-bundler-CMLZRQMs.js?v=b93762a9:1752
[ 2469004ms] [WARNING] [Vue warn]: Component provided template option but runtime compilation is not supported in this build of Vue. Configure your bundler to alias "vue" to "vue/dist/vue.esm-bundler.js". 
  at <Anonymous size=14 > 
  at <RepoCard key=40 repo= {id: 40, full_name: skyzh/tiny-llm, owner: skyzh, repo_name: tiny-llm, name_zh: null} style= {animationDelay: 600ms}  ... > 
  at <HomeView onVnodeUnmounted=fn<onVnodeUnmounted> ref=Ref< null > > 
  at <RouterView > 
  at <App> @ http://localhost:5173/node_modules/.vite/deps/vue.runtime.esm-bundler-CMLZRQMs.js?v=b93762a9:1752
[ 2469005ms] [WARNING] [Vue warn]: Component provided template option but runtime compilation is not supported in this build of Vue. Configure your bundler to alias "vue" to "vue/dist/vue.esm-bundler.js". 
  at <Anonymous size=14 > 
  at <RepoCard key=41 repo= {id: 41, full_name: verazuo/jailbreak_llms, owner: verazuo, repo_name: jailbreak_llms, name_zh: null} style= {animationDelay: 600ms}  ... > 
  at <HomeView onVnodeUnmounted=fn<onVnodeUnmounted> ref=Ref< null > > 
  at <RouterView > 
  at <App> @ http://localhost:5173/node_modules/.vite/deps/vue.runtime.esm-bundler-CMLZRQMs.js?v=b93762a9:1752
[ 2469005ms] [WARNING] [Vue warn]: Component provided template option but runtime compilation is not supported in this build of Vue. Configure your bundler to alias "vue" to "vue/dist/vue.esm-bundler.js". 
  at <Anonymous size=14 > 
  at <RepoCard key=42 repo= {id: 42, full_name: ridgerchu/matmulfreellm, owner: ridgerchu, repo_name: matmulfreellm, name_zh: null} style= {animationDelay: 600ms}  ... > 
  at <HomeView onVnodeUnmounted=fn<onVnodeUnmounted> ref=Ref< null > > 
  at <RouterView > 
  at <App> @ http://localhost:5173/node_modules/.vite/deps/vue.runtime.esm-bundler-CMLZRQMs.js?v=b93762a9:1752
[ 2469006ms] [WARNING] [Vue warn]: Component provided template option but runtime compilation is not supported in this build of Vue. Configure your bundler to alias "vue" to "vue/dist/vue.esm-bundler.js". 
  at <Anonymous size=14 > 
  at <RepoCard key=43 repo= {id: 43, full_name: InternLM/InternLM-XComposer, owner: InternLM, repo_name: InternLM-XComposer, name_zh: null} style= {animationDelay: 600ms}  ... > 
  at <HomeView onVnodeUnmounted=fn<onVnodeUnmounted> ref=Ref< null > > 
  at <RouterView > 
  at <App> @ http://localhost:5173/node_modules/.vite/deps/vue.runtime.esm-bundler-CMLZRQMs.js?v=b93762a9:1752
[ 2469007ms] [WARNING] [Vue warn]: Component provided template option but runtime compilation is not supported in this build of Vue. Configure your bundler to alias "vue" to "vue/dist/vue.esm-bundler.js". 
  at <Anonymous size=14 > 
  at <RepoCard key=44 repo= {id: 44, full_name: JIA-Lab-research/LISA, owner: JIA-Lab-research, repo_name: LISA, name_zh: null} style= {animationDelay: 600ms}  ... > 
  at <HomeView onVnodeUnmounted=fn<onVnodeUnmounted> ref=Ref< null > > 
  at <RouterView > 
  at <App> @ http://localhost:5173/node_modules/.vite/deps/vue.runtime.esm-bundler-CMLZRQMs.js?v=b93762a9:1752
[ 2469007ms] [WARNING] [Vue warn]: Component provided template option but runtime compilation is not supported in this build of Vue. Configure your bundler to alias "vue" to "vue/dist/vue.esm-bundler.js". 
  at <Anonymous size=14 > 
  at <RepoCard key=45 repo= {id: 45, full_name: RManLuo/Awesome-LLM-KG, owner: RManLuo, repo_name: Awesome-LLM-KG, name_zh: null} style= {animationDelay: 600ms}  ... > 
  at <HomeView onVnodeUnmounted=fn<onVnodeUnmounted> ref=Ref< null > > 
  at <RouterView > 
  at <App> @ http://localhost:5173/node_modules/.vite/deps/vue.runtime.esm-bundler-CMLZRQMs.js?v=b93762a9:1752
[ 2469008ms] [WARNING] [Vue warn]: Component provided template option but runtime compilation is not supported in this build of Vue. Configure your bundler to alias "vue" to "vue/dist/vue.esm-bundler.js". 
  at <Anonymous size=14 > 
  at <RepoCard key=46 repo= {id: 46, full_name: genieincodebottle/generative-ai, owner: genieincodebottle, repo_name: generative-ai, name_zh: null} style= {animationDelay: 600ms}  ... > 
  at <HomeView onVnodeUnmounted=fn<onVnodeUnmounted> ref=Ref< null > > 
  at <RouterView > 
  at <App> @ http://localhost:5173/node_modules/.vite/deps/vue.runtime.esm-bundler-CMLZRQMs.js?v=b93762a9:1752
[ 2469037ms] [ERROR] Failed to load resource: the server responded with a status of 502 (Bad Gateway) @ http://localhost:5173/api/categories:0
[ 2469038ms] [WARNING] [Vue warn]: Unhandled error during execution of mounted hook 
  at <HomeView onVnodeUnmounted=fn<onVnodeUnmounted> ref=Ref< Proxy(Object) > > 
  at <RouterView > 
  at <App> @ http://localhost:5173/node_modules/.vite/deps/vue.runtime.esm-bundler-CMLZRQMs.js?v=b93762a9:1752
[ 2469038ms] AxiosError: Request failed with status code 502
    at settle (http://localhost:5173/node_modules/.vite/deps/axios.js?v=e9557ce2:1725:14)
    at XMLHttpRequest.onloadend (http://localhost:5173/node_modules/.vite/deps/axios.js?v=e9557ce2:2077:4)
    at Axios$1.request (http://localhost:5173/node_modules/.vite/deps/axios.js?v=e9557ce2:2780:37)
    at async Proxy.loadCategories (http://localhost:5173/src/stores/app.ts:20:15)
    at async http://localhost:5173/src/views/HomeView.vue?t=1778550808327:75:4
[ 2543558ms] [LOG] 🍍 "app" store installed 🆕 @ http://localhost:5173/node_modules/.vite/deps/pinia.js?v=01275b44:3788
[ 2543572ms] [ERROR] Failed to load resource: the server responded with a status of 502 (Bad Gateway) @ http://localhost:5173/api/categories:0
[ 2543574ms] [WARNING] [Vue warn]: Unhandled error during execution of mounted hook 
  at <HomeView onVnodeUnmounted=fn<onVnodeUnmounted> ref=Ref< Proxy(Object) > > 
  at <RouterView > 
  at <App> @ http://localhost:5173/node_modules/.vite/deps/vue.runtime.esm-bundler-CMLZRQMs.js?v=b93762a9:1752
[ 2543577ms] AxiosError: Request failed with status code 502
    at settle (http://localhost:5173/node_modules/.vite/deps/axios.js?v=e9557ce2:1725:14)
    at XMLHttpRequest.onloadend (http://localhost:5173/node_modules/.vite/deps/axios.js?v=e9557ce2:2077:4)
    at Axios$1.request (http://localhost:5173/node_modules/.vite/deps/axios.js?v=e9557ce2:2780:37)
    at async Proxy.loadCategories (http://localhost:5173/src/stores/app.ts?t=1778550808327:21:15)
    at async http://localhost:5173/src/views/HomeView.vue?t=1778550808327:75:4
[ 2622249ms] [WARNING] [Vue warn]: Failed to resolve component: SettingsIcon
If this is a native custom element, make sure to exclude it from component resolution via compilerOptions.isCustomElement. 
  at <AppSidebar active-view="home" track-count=0 onNavigate=fn<onNavigate> > 
  at <HomeView onVnodeUnmounted=fn<onVnodeUnmounted> ref=Ref< Proxy(Object) > > 
  at <RouterView > 
  at <App> @ http://localhost:5173/node_modules/.vite/deps/vue.runtime.esm-bundler-CMLZRQMs.js?v=b93762a9:1752
[ 2664291ms] [ERROR] Failed to load resource: the server responded with a status of 502 (Bad Gateway) @ http://localhost:5173/api/categories:0
[ 2664292ms] [WARNING] [Vue warn]: Unhandled error during execution of mounted hook 
  at <HomeView onVnodeUnmounted=fn<onVnodeUnmounted> ref=Ref< Proxy(Object) > > 
  at <RouterView > 
  at <App> @ http://localhost:5173/node_modules/.vite/deps/vue.runtime.esm-bundler-CMLZRQMs.js?v=b93762a9:1752
[ 2664292ms] AxiosError: Request failed with status code 502
    at settle (http://localhost:5173/node_modules/.vite/deps/axios.js?v=e9557ce2:1725:14)
    at XMLHttpRequest.onloadend (http://localhost:5173/node_modules/.vite/deps/axios.js?v=e9557ce2:2077:4)
    at Axios$1.request (http://localhost:5173/node_modules/.vite/deps/axios.js?v=e9557ce2:2780:37)
    at async Proxy.loadCategories (http://localhost:5173/src/stores/app.ts?t=1778550808327:21:15)
    at async http://localhost:5173/src/views/HomeView.vue?t=1778551003710:76:4
[ 2984052ms] [LOG] 🍍 "app" store installed 🆕 @ http://localhost:5173/node_modules/.vite/deps/pinia.js?v=01275b44:3788
[ 2984248ms] [WARNING] [Vue warn]: Component provided template option but runtime compilation is not supported in this build of Vue. Configure your bundler to alias "vue" to "vue/dist/vue.esm-bundler.js". 
  at <Anonymous size=14 > 
  at <RepoCard key=557 repo= {id: 557, full_name: Hmbown/DeepSeek-TUI, owner: Hmbown, repo_name: DeepSeek-TUI, name_zh: null} style= {animationDelay: 0ms}  ... > 
  at <HomeView onVnodeUnmounted=fn<onVnodeUnmounted> ref=Ref< Proxy(Object) > > 
  at <RouterView > 
  at <App> @ http://localhost:5173/node_modules/.vite/deps/vue.runtime.esm-bundler-CMLZRQMs.js?v=b93762a9:1752
[ 2984248ms] [WARNING] [Vue warn]: Component provided template option but runtime compilation is not supported in this build of Vue. Configure your bundler to alias "vue" to "vue/dist/vue.esm-bundler.js". 
  at <Anonymous size=14 > 
  at <RepoCard key=564 repo= {id: 564, full_name: mattpocock/skills, owner: mattpocock, repo_name: skills, name_zh: null} style= {animationDelay: 30ms}  ... > 
  at <HomeView onVnodeUnmounted=fn<onVnodeUnmounted> ref=Ref< Proxy(Object) > > 
  at <RouterView > 
  at <App> @ http://localhost:5173/node_modules/.vite/deps/vue.runtime.esm-bundler-CMLZRQMs.js?v=b93762a9:1752
[ 2984249ms] [WARNING] [Vue warn]: Component provided template option but runtime compilation is not supported in this build of Vue. Configure your bundler to alias "vue" to "vue/dist/vue.esm-bundler.js". 
  at <Anonymous size=14 > 
  at <RepoCard key=560 repo= {id: 560, full_name: addyosmani/agent-skills, owner: addyosmani, repo_name: agent-skills, name_zh: null} style= {animationDelay: 60ms}  ... > 
  at <HomeView onVnodeUnmounted=fn<onVnodeUnmounted> ref=Ref< Proxy(Object) > > 
  at <RouterView > 
  at <App> @ http://localhost:5173/node_modules/.vite/deps/vue.runtime.esm-bundler-CMLZRQMs.js?v=b93762a9:1752
[ 2984250ms] [WARNING] [Vue warn]: Component provided template option but runtime compilation is not supported in this build of Vue. Configure your bundler to alias "vue" to "vue/dist/vue.esm-bundler.js". 
  at <Anonymous size=14 > 
  at <RepoCard key=132 repo= {id: 132, full_name: ruvnet/ruflo, owner: ruvnet, repo_name: ruflo, name_zh: null} style= {animationDelay: 90ms}  ... > 
  at <HomeView onVnodeUnmounted=fn<onVnodeUnmounted> ref=Ref< Proxy(Object) > > 
  at <RouterView > 
  at <App> @ http://localhost:5173/node_modules/.vite/deps/vue.runtime.esm-bundler-CMLZRQMs.js?v=b93762a9:1752
[ 2984250ms] [WARNING] [Vue warn]: Component provided template option but runtime compilation is not supported in this build of Vue. Configure your bundler to alias "vue" to "vue/dist/vue.esm-bundler.js". 
  at <Anonymous size=14 > 
  at <RepoCard key=24 repo= {id: 24, full_name: TauricResearch/TradingAgents, owner: TauricResearch, repo_name: TradingAgents, name_zh: null} style= {animationDelay: 120ms}  ... > 
  at <HomeView onVnodeUnmounted=fn<onVnodeUnmounted> ref=Ref< Proxy(Object) > > 
  at <RouterView > 
  at <App> @ http://localhost:5173/node_modules/.vite/deps/vue.runtime.esm-bundler-CMLZRQMs.js?v=b93762a9:1752
[ 2984251ms] [WARNING] [Vue warn]: Component provided template option but runtime compilation is not supported in this build of Vue. Configure your bundler to alias "vue" to "vue/dist/vue.esm-bundler.js". 
  at <Anonymous size=14 > 
  at <RepoCard key=117 repo= {id: 117, full_name: VectifyAI/PageIndex, owner: VectifyAI, repo_name: PageIndex, name_zh: null} style= {animationDelay: 150ms}  ... > 
  at <HomeView onVnodeUnmounted=fn<onVnodeUnmounted> ref=Ref< Proxy(Object) > > 
  at <RouterView > 
  at <App> @ http://localhost:5173/node_modules/.vite/deps/vue.runtime.esm-bundler-CMLZRQMs.js?v=b93762a9:1752
[ 2984251ms] [WARNING] [Vue warn]: Component provided template option but runtime compilation is not supported in this build of Vue. Configure your bundler to alias "vue" to "vue/dist/vue.esm-bundler.js". 
  at <Anonymous size=14 > 
  at <RepoCard key=214 repo= {id: 214, full_name: AIDC-AI/Pixelle-Video, owner: AIDC-AI, repo_name: Pixelle-Video, name_zh: null} style= {animationDelay: 180ms}  ... > 
  at <HomeView onVnodeUnmounted=fn<onVnodeUnmounted> ref=Ref< Proxy(Object) > > 
  at <RouterView > 
  at <App> @ http://localhost:5173/node_modules/.vite/deps/vue.runtime.esm-bundler-CMLZRQMs.js?v=b93762a9:1752
[ 2984252ms] [WARNING] [Vue warn]: Component provided template option but runtime compilation is not supported in this build of Vue. Configure your bundler to alias "vue" to "vue/dist/vue.esm-bundler.js". 
  at <Anonymous size=14 > 
  at <RepoCard key=129 repo= {id: 129, full_name: LearningCircuit/local-deep-research, owner: LearningCircuit, repo_name: local-deep-research, name_zh: null} style= {animationDelay: 210ms}  ... > 
  at <HomeView onVnodeUnmounted=fn<onVnodeUnmounted> ref=Ref< Proxy(Object) > > 
  at <RouterView > 
  at <App> @ http://localhost:5173/node_modules/.vite/deps/vue.runtime.esm-bundler-CMLZRQMs.js?v=b93762a9:1752
[ 2984253ms] [WARNING] [Vue warn]: Component provided template option but runtime compilation is not supported in this build of Vue. Configure your bundler to alias "vue" to "vue/dist/vue.esm-bundler.js". 
  at <Anonymous size=14 > 
  at <RepoCard key=559 repo= {id: 559, full_name: virattt/dexter, owner: virattt, repo_name: dexter, name_zh: null} style= {animationDelay: 240ms}  ... > 
  at <HomeView onVnodeUnmounted=fn<onVnodeUnmounted> ref=Ref< Proxy(Object) > > 
  at <RouterView > 
  at <App> @ http://localhost:5173/node_modules/.vite/deps/vue.runtime.esm-bundler-CMLZRQMs.js?v=b93762a9:1752
[ 2984254ms] [WARNING] [Vue warn]: Component provided template option but runtime compilation is not supported in this build of Vue. Configure your bundler to alias "vue" to "vue/dist/vue.esm-bundler.js". 
  at <Anonymous size=14 > 
  at <RepoCard key=9 repo= {id: 9, full_name: NousResearch/hermes-agent, owner: NousResearch, repo_name: hermes-agent, name_zh: null} style= {animationDelay: 270ms}  ... > 
  at <HomeView onVnodeUnmounted=fn<onVnodeUnmounted> ref=Ref< Proxy(Object) > > 
  at <RouterView > 
  at <App> @ http://localhost:5173/node_modules/.vite/deps/vue.runtime.esm-bundler-CMLZRQMs.js?v=b93762a9:1752
[ 2984254ms] [WARNING] [Vue warn]: Component provided template option but runtime compilation is not supported in this build of Vue. Configure your bundler to alias "vue" to "vue/dist/vue.esm-bundler.js". 
  at <Anonymous size=14 > 
  at <RepoCard key=563 repo= {id: 563, full_name: 1jehuang/jcode, owner: 1jehuang, repo_name: jcode, name_zh: null} style= {animationDelay: 300ms}  ... > 
  at <HomeView onVnodeUnmounted=fn<onVnodeUnmounted> ref=Ref< Proxy(Object) > > 
  at <RouterView > 
  at <App> @ http://localhost:5173/node_modules/.vite/deps/vue.runtime.esm-bundler-CMLZRQMs.js?v=b93762a9:1752
[ 2984255ms] [WARNING] [Vue warn]: Component provided template option but runtime compilation is not supported in this build of Vue. Configure your bundler to alias "vue" to "vue/dist/vue.esm-bundler.js". 
  at <Anonymous size=14 > 
  at <RepoCard key=339 repo= {id: 339, full_name: cocoindex-io/cocoindex, owner: cocoindex-io, repo_name: cocoindex, name_zh: null} style= {animationDelay: 330ms}  ... > 
  at <HomeView onVnodeUnmounted=fn<onVnodeUnmounted> ref=Ref< Proxy(Object) > > 
  at <RouterView > 
  at <App> @ http://localhost:5173/node_modules/.vite/deps/vue.runtime.esm-bundler-CMLZRQMs.js?v=b93762a9:1752
[ 2984255ms] [WARNING] [Vue warn]: Component provided template option but runtime compilation is not supported in this build of Vue. Configure your bundler to alias "vue" to "vue/dist/vue.esm-bundler.js". 
  at <Anonymous size=14 > 
  at <RepoCard key=561 repo= {id: 561, full_name: InsForge/InsForge, owner: InsForge, repo_name: InsForge, name_zh: null} style= {animationDelay: 360ms}  ... > 
  at <HomeView onVnodeUnmounted=fn<onVnodeUnmounted> ref=Ref< Proxy(Object) > > 
  at <RouterView > 
  at <App> @ http://localhost:5173/node_modules/.vite/deps/vue.runtime.esm-bundler-CMLZRQMs.js?v=b93762a9:1752
[ 2984256ms] [WARNING] [Vue warn]: Component provided template option but runtime compilation is not supported in this build of Vue. Configure your bundler to alias "vue" to "vue/dist/vue.esm-bundler.js". 
  at <Anonymous size=14 > 
  at <RepoCard key=558 repo= {id: 558, full_name: bwya77/vscode-dark-islands, owner: bwya77, repo_name: vscode-dark-islands, name_zh: null} style= {animationDelay: 390ms}  ... > 
  at <HomeView onVnodeUnmounted=fn<onVnodeUnmounted> ref=Ref< Proxy(Object) > > 
  at <RouterView > 
  at <App> @ http://localhost:5173/node_modules/.vite/deps/vue.runtime.esm-bundler-CMLZRQMs.js?v=b93762a9:1752
[ 2984256ms] [WARNING] [Vue warn]: Component provided template option but runtime compilation is not supported in this build of Vue. Configure your bundler to alias "vue" to "vue/dist/vue.esm-bundler.js". 
  at <Anonymous size=14 > 
  at <RepoCard key=1 repo= {id: 1, full_name: bytedance/UI-TARS-desktop, owner: bytedance, repo_name: UI-TARS-desktop, name_zh: null} style= {animationDelay: 420ms}  ... > 
  at <HomeView onVnodeUnmounted=fn<onVnodeUnmounted> ref=Ref< Proxy(Object) > > 
  at <RouterView > 
  at <App> @ http://localhost:5173/node_modules/.vite/deps/vue.runtime.esm-bundler-CMLZRQMs.js?v=b93762a9:1752
[ 2984257ms] [WARNING] [Vue warn]: Component provided template option but runtime compilation is not supported in this build of Vue. Configure your bundler to alias "vue" to "vue/dist/vue.esm-bundler.js". 
  at <Anonymous size=14 > 
  at <RepoCard key=3 repo= {id: 3, full_name: decolua/9router, owner: decolua, repo_name: 9router, name_zh: null} style= {animationDelay: 450ms}  ... > 
  at <HomeView onVnodeUnmounted=fn<onVnodeUnmounted> ref=Ref< Proxy(Object) > > 
  at <RouterView > 
  at <App> @ http://localhost:5173/node_modules/.vite/deps/vue.runtime.esm-bundler-CMLZRQMs.js?v=b93762a9:1752
[ 2984257ms] [WARNING] [Vue warn]: Component provided template option but runtime compilation is not supported in this build of Vue. Configure your bundler to alias "vue" to "vue/dist/vue.esm-bundler.js". 
  at <Anonymous size=14 > 
  at <RepoCard key=556 repo= {id: 556, full_name: datawhalechina/easy-vibe, owner: datawhalechina, repo_name: easy-vibe, name_zh: null} style= {animationDelay: 480ms}  ... > 
  at <HomeView onVnodeUnmounted=fn<onVnodeUnmounted> ref=Ref< Proxy(Object) > > 
  at <RouterView > 
  at <App> @ http://localhost:5173/node_modules/.vite/deps/vue.runtime.esm-bundler-CMLZRQMs.js?v=b93762a9:1752
[ 2984258ms] [WARNING] [Vue warn]: Component provided template option but runtime compilation is not supported in this build of Vue. Configure your bundler to alias "vue" to "vue/dist/vue.esm-bundler.js". 
  at <Anonymous size=14 > 
  at <RepoCard key=562 repo= {id: 562, full_name: PriorLabs/TabPFN, owner: PriorLabs, repo_name: TabPFN, name_zh: null} style= {animationDelay: 510ms}  ... > 
  at <HomeView onVnodeUnmounted=fn<onVnodeUnmounted> ref=Ref< Proxy(Object) > > 
  at <RouterView > 
  at <App> @ http://localhost:5173/node_modules/.vite/deps/vue.runtime.esm-bundler-CMLZRQMs.js?v=b93762a9:1752
[ 2984258ms] [WARNING] [Vue warn]: Component provided template option but runtime compilation is not supported in this build of Vue. Configure your bundler to alias "vue" to "vue/dist/vue.esm-bundler.js". 
  at <Anonymous size=14 > 
  at <RepoCard key=10 repo= {id: 10, full_name: rohitg00/agentmemory, owner: rohitg00, repo_name: agentmemory, name_zh: null} style= {animationDelay: 540ms}  ... > 
  at <HomeView onVnodeUnmounted=fn<onVnodeUnmounted> ref=Ref< Proxy(Object) > > 
  at <RouterView > 
  at <App> @ http://localhost:5173/node_modules/.vite/deps/vue.runtime.esm-bundler-CMLZRQMs.js?v=b93762a9:1752
[ 2984258ms] [WARNING] [Vue warn]: Component provided template option but runtime compilation is not supported in this build of Vue. Configure your bundler to alias "vue" to "vue/dist/vue.esm-bundler.js". 
  at <Anonymous size=14 > 
  at <RepoCard key=2 repo= {id: 2, full_name: yikart/AiToEarn, owner: yikart, repo_name: AiToEarn, name_zh: null} style= {animationDelay: 570ms}  ... > 
  at <HomeView onVnodeUnmounted=fn<onVnodeUnmounted> ref=Ref< Proxy(Object) > > 
  at <RouterView > 
  at <App> @ http://localhost:5173/node_modules/.vite/deps/vue.runtime.esm-bundler-CMLZRQMs.js?v=b93762a9:1752
[ 2985277ms] [VERBOSE] [DOM] Password field is not contained in a form: (More info: https://goo.gl/9p2vKq) %o @ http://localhost:5173/settings:0
[ 2985277ms] [VERBOSE] [DOM] Password field is not contained in a form: (More info: https://goo.gl/9p2vKq) %o @ http://localhost:5173/settings:0
[ 3007397ms] [WARNING] [Vue warn]: Component provided template option but runtime compilation is not supported in this build of Vue. Configure your bundler to alias "vue" to "vue/dist/vue.esm-bundler.js". 
  at <Anonymous size=14 > 
  at <RepoCard key=557 repo= {id: 557, full_name: Hmbown/DeepSeek-TUI, owner: Hmbown, repo_name: DeepSeek-TUI, name_zh: null} style= {animationDelay: 0ms}  ... > 
  at <HomeView onVnodeUnmounted=fn<onVnodeUnmounted> ref=Ref< null > > 
  at <RouterView > 
  at <App> @ http://localhost:5173/node_modules/.vite/deps/vue.runtime.esm-bundler-CMLZRQMs.js?v=b93762a9:1752
[ 3007398ms] [WARNING] [Vue warn]: Component provided template option but runtime compilation is not supported in this build of Vue. Configure your bundler to alias "vue" to "vue/dist/vue.esm-bundler.js". 
  at <Anonymous size=14 > 
  at <RepoCard key=564 repo= {id: 564, full_name: mattpocock/skills, owner: mattpocock, repo_name: skills, name_zh: null} style= {animationDelay: 30ms}  ... > 
  at <HomeView onVnodeUnmounted=fn<onVnodeUnmounted> ref=Ref< null > > 
  at <RouterView > 
  at <App> @ http://localhost:5173/node_modules/.vite/deps/vue.runtime.esm-bundler-CMLZRQMs.js?v=b93762a9:1752
[ 3007399ms] [WARNING] [Vue warn]: Component provided template option but runtime compilation is not supported in this build of Vue. Configure your bundler to alias "vue" to "vue/dist/vue.esm-bundler.js". 
  at <Anonymous size=14 > 
  at <RepoCard key=560 repo= {id: 560, full_name: addyosmani/agent-skills, owner: addyosmani, repo_name: agent-skills, name_zh: null} style= {animationDelay: 60ms}  ... > 
  at <HomeView onVnodeUnmounted=fn<onVnodeUnmounted> ref=Ref< null > > 
  at <RouterView > 
  at <App> @ http://localhost:5173/node_modules/.vite/deps/vue.runtime.esm-bundler-CMLZRQMs.js?v=b93762a9:1752
[ 3007400ms] [WARNING] [Vue warn]: Component provided template option but runtime compilation is not supported in this build of Vue. Configure your bundler to alias "vue" to "vue/dist/vue.esm-bundler.js". 
  at <Anonymous size=14 > 
  at <RepoCard key=132 repo= {id: 132, full_name: ruvnet/ruflo, owner: ruvnet, repo_name: ruflo, name_zh: null} style= {animationDelay: 90ms}  ... > 
  at <HomeView onVnodeUnmounted=fn<onVnodeUnmounted> ref=Ref< null > > 
  at <RouterView > 
  at <App> @ http://localhost:5173/node_modules/.vite/deps/vue.runtime.esm-bundler-CMLZRQMs.js?v=b93762a9:1752
[ 3007401ms] [WARNING] [Vue warn]: Component provided template option but runtime compilation is not supported in this build of Vue. Configure your bundler to alias "vue" to "vue/dist/vue.esm-bundler.js". 
  at <Anonymous size=14 > 
  at <RepoCard key=24 repo= {id: 24, full_name: TauricResearch/TradingAgents, owner: TauricResearch, repo_name: TradingAgents, name_zh: null} style= {animationDelay: 120ms}  ... > 
  at <HomeView onVnodeUnmounted=fn<onVnodeUnmounted> ref=Ref< null > > 
  at <RouterView > 
  at <App> @ http://localhost:5173/node_modules/.vite/deps/vue.runtime.esm-bundler-CMLZRQMs.js?v=b93762a9:1752
[ 3007401ms] [WARNING] [Vue warn]: Component provided template option but runtime compilation is not supported in this build of Vue. Configure your bundler to alias "vue" to "vue/dist/vue.esm-bundler.js". 
  at <Anonymous size=14 > 
  at <RepoCard key=117 repo= {id: 117, full_name: VectifyAI/PageIndex, owner: VectifyAI, repo_name: PageIndex, name_zh: null} style= {animationDelay: 150ms}  ... > 
  at <HomeView onVnodeUnmounted=fn<onVnodeUnmounted> ref=Ref< null > > 
  at <RouterView > 
  at <App> @ http://localhost:5173/node_modules/.vite/deps/vue.runtime.esm-bundler-CMLZRQMs.js?v=b93762a9:1752
[ 3007402ms] [WARNING] [Vue warn]: Component provided template option but runtime compilation is not supported in this build of Vue. Configure your bundler to alias "vue" to "vue/dist/vue.esm-bundler.js". 
  at <Anonymous size=14 > 
  at <RepoCard key=214 repo= {id: 214, full_name: AIDC-AI/Pixelle-Video, owner: AIDC-AI, repo_name: Pixelle-Video, name_zh: null} style= {animationDelay: 180ms}  ... > 
  at <HomeView onVnodeUnmounted=fn<onVnodeUnmounted> ref=Ref< null > > 
  at <RouterView > 
  at <App> @ http://localhost:5173/node_modules/.vite/deps/vue.runtime.esm-bundler-CMLZRQMs.js?v=b93762a9:1752
[ 3007402ms] [WARNING] [Vue warn]: Component provided template option but runtime compilation is not supported in this build of Vue. Configure your bundler to alias "vue" to "vue/dist/vue.esm-bundler.js". 
  at <Anonymous size=14 > 
  at <RepoCard key=129 repo= {id: 129, full_name: LearningCircuit/local-deep-research, owner: LearningCircuit, repo_name: local-deep-research, name_zh: null} style= {animationDelay: 210ms}  ... > 
  at <HomeView onVnodeUnmounted=fn<onVnodeUnmounted> ref=Ref< null > > 
  at <RouterView > 
  at <App> @ http://localhost:5173/node_modules/.vite/deps/vue.runtime.esm-bundler-CMLZRQMs.js?v=b93762a9:1752
[ 3007403ms] [WARNING] [Vue warn]: Component provided template option but runtime compilation is not supported in this build of Vue. Configure your bundler to alias "vue" to "vue/dist/vue.esm-bundler.js". 
  at <Anonymous size=14 > 
  at <RepoCard key=559 repo= {id: 559, full_name: virattt/dexter, owner: virattt, repo_name: dexter, name_zh: null} style= {animationDelay: 240ms}  ... > 
  at <HomeView onVnodeUnmounted=fn<onVnodeUnmounted> ref=Ref< null > > 
  at <RouterView > 
  at <App> @ http://localhost:5173/node_modules/.vite/deps/vue.runtime.esm-bundler-CMLZRQMs.js?v=b93762a9:1752
[ 3007403ms] [WARNING] [Vue warn]: Component provided template option but runtime compilation is not supported in this build of Vue. Configure your bundler to alias "vue" to "vue/dist/vue.esm-bundler.js". 
  at <Anonymous size=14 > 
  at <RepoCard key=9 repo= {id: 9, full_name: NousResearch/hermes-agent, owner: NousResearch, repo_name: hermes-agent, name_zh: null} style= {animationDelay: 270ms}  ... > 
  at <HomeView onVnodeUnmounted=fn<onVnodeUnmounted> ref=Ref< null > > 
  at <RouterView > 
  at <App> @ http://localhost:5173/node_modules/.vite/deps/vue.runtime.esm-bundler-CMLZRQMs.js?v=b93762a9:1752
[ 3007404ms] [WARNING] [Vue warn]: Component provided template option but runtime compilation is not supported in this build of Vue. Configure your bundler to alias "vue" to "vue/dist/vue.esm-bundler.js". 
  at <Anonymous size=14 > 
  at <RepoCard key=563 repo= {id: 563, full_name: 1jehuang/jcode, owner: 1jehuang, repo_name: jcode, name_zh: null} style= {animationDelay: 300ms}  ... > 
  at <HomeView onVnodeUnmounted=fn<onVnodeUnmounted> ref=Ref< null > > 
  at <RouterView > 
  at <App> @ http://localhost:5173/node_modules/.vite/deps/vue.runtime.esm-bundler-CMLZRQMs.js?v=b93762a9:1752
[ 3007404ms] [WARNING] [Vue warn]: Component provided template option but runtime compilation is not supported in this build of Vue. Configure your bundler to alias "vue" to "vue/dist/vue.esm-bundler.js". 
  at <Anonymous size=14 > 
  at <RepoCard key=339 repo= {id: 339, full_name: cocoindex-io/cocoindex, owner: cocoindex-io, repo_name: cocoindex, name_zh: null} style= {animationDelay: 330ms}  ... > 
  at <HomeView onVnodeUnmounted=fn<onVnodeUnmounted> ref=Ref< null > > 
  at <RouterView > 
  at <App> @ http://localhost:5173/node_modules/.vite/deps/vue.runtime.esm-bundler-CMLZRQMs.js?v=b93762a9:1752
[ 3007405ms] [WARNING] [Vue warn]: Component provided template option but runtime compilation is not supported in this build of Vue. Configure your bundler to alias "vue" to "vue/dist/vue.esm-bundler.js". 
  at <Anonymous size=14 > 
  at <RepoCard key=561 repo= {id: 561, full_name: InsForge/InsForge, owner: InsForge, repo_name: InsForge, name_zh: null} style= {animationDelay: 360ms}  ... > 
  at <HomeView onVnodeUnmounted=fn<onVnodeUnmounted> ref=Ref< null > > 
  at <RouterView > 
  at <App> @ http://localhost:5173/node_modules/.vite/deps/vue.runtime.esm-bundler-CMLZRQMs.js?v=b93762a9:1752
[ 3007405ms] [WARNING] [Vue warn]: Component provided template option but runtime compilation is not supported in this build of Vue. Configure your bundler to alias "vue" to "vue/dist/vue.esm-bundler.js". 
  at <Anonymous size=14 > 
  at <RepoCard key=558 repo= {id: 558, full_name: bwya77/vscode-dark-islands, owner: bwya77, repo_name: vscode-dark-islands, name_zh: null} style= {animationDelay: 390ms}  ... > 
  at <HomeView onVnodeUnmounted=fn<onVnodeUnmounted> ref=Ref< null > > 
  at <RouterView > 
  at <App> @ http://localhost:5173/node_modules/.vite/deps/vue.runtime.esm-bundler-CMLZRQMs.js?v=b93762a9:1752
[ 3007406ms] [WARNING] [Vue warn]: Component provided template option but runtime compilation is not supported in this build of Vue. Configure your bundler to alias "vue" to "vue/dist/vue.esm-bundler.js". 
  at <Anonymous size=14 > 
  at <RepoCard key=1 repo= {id: 1, full_name: bytedance/UI-TARS-desktop, owner: bytedance, repo_name: UI-TARS-desktop, name_zh: null} style= {animationDelay: 420ms}  ... > 
  at <HomeView onVnodeUnmounted=fn<onVnodeUnmounted> ref=Ref< null > > 
  at <RouterView > 
  at <App> @ http://localhost:5173/node_modules/.vite/deps/vue.runtime.esm-bundler-CMLZRQMs.js?v=b93762a9:1752
[ 3007406ms] [WARNING] [Vue warn]: Component provided template option but runtime compilation is not supported in this build of Vue. Configure your bundler to alias "vue" to "vue/dist/vue.esm-bundler.js". 
  at <Anonymous size=14 > 
  at <RepoCard key=3 repo= {id: 3, full_name: decolua/9router, owner: decolua, repo_name: 9router, name_zh: null} style= {animationDelay: 450ms}  ... > 
  at <HomeView onVnodeUnmounted=fn<onVnodeUnmounted> ref=Ref< null > > 
  at <RouterView > 
  at <App> @ http://localhost:5173/node_modules/.vite/deps/vue.runtime.esm-bundler-CMLZRQMs.js?v=b93762a9:1752
[ 3007406ms] [WARNING] [Vue warn]: Component provided template option but runtime compilation is not supported in this build of Vue. Configure your bundler to alias "vue" to "vue/dist/vue.esm-bundler.js". 
  at <Anonymous size=14 > 
  at <RepoCard key=556 repo= {id: 556, full_name: datawhalechina/easy-vibe, owner: datawhalechina, repo_name: easy-vibe, name_zh: null} style= {animationDelay: 480ms}  ... > 
  at <HomeView onVnodeUnmounted=fn<onVnodeUnmounted> ref=Ref< null > > 
  at <RouterView > 
  at <App> @ http://localhost:5173/node_modules/.vite/deps/vue.runtime.esm-bundler-CMLZRQMs.js?v=b93762a9:1752
[ 3007407ms] [WARNING] [Vue warn]: Component provided template option but runtime compilation is not supported in this build of Vue. Configure your bundler to alias "vue" to "vue/dist/vue.esm-bundler.js". 
  at <Anonymous size=14 > 
  at <RepoCard key=562 repo= {id: 562, full_name: PriorLabs/TabPFN, owner: PriorLabs, repo_name: TabPFN, name_zh: null} style= {animationDelay: 510ms}  ... > 
  at <HomeView onVnodeUnmounted=fn<onVnodeUnmounted> ref=Ref< null > > 
  at <RouterView > 
  at <App> @ http://localhost:5173/node_modules/.vite/deps/vue.runtime.esm-bundler-CMLZRQMs.js?v=b93762a9:1752
[ 3007407ms] [WARNING] [Vue warn]: Component provided template option but runtime compilation is not supported in this build of Vue. Configure your bundler to alias "vue" to "vue/dist/vue.esm-bundler.js". 
  at <Anonymous size=14 > 
  at <RepoCard key=10 repo= {id: 10, full_name: rohitg00/agentmemory, owner: rohitg00, repo_name: agentmemory, name_zh: null} style= {animationDelay: 540ms}  ... > 
  at <HomeView onVnodeUnmounted=fn<onVnodeUnmounted> ref=Ref< null > > 
  at <RouterView > 
  at <App> @ http://localhost:5173/node_modules/.vite/deps/vue.runtime.esm-bundler-CMLZRQMs.js?v=b93762a9:1752
[ 3007408ms] [WARNING] [Vue warn]: Component provided template option but runtime compilation is not supported in this build of Vue. Configure your bundler to alias "vue" to "vue/dist/vue.esm-bundler.js". 
  at <Anonymous size=14 > 
  at <RepoCard key=2 repo= {id: 2, full_name: yikart/AiToEarn, owner: yikart, repo_name: AiToEarn, name_zh: null} style= {animationDelay: 570ms}  ... > 
  at <HomeView onVnodeUnmounted=fn<onVnodeUnmounted> ref=Ref< null > > 
  at <RouterView > 
  at <App> @ http://localhost:5173/node_modules/.vite/deps/vue.runtime.esm-bundler-CMLZRQMs.js?v=b93762a9:1752
[ 3007749ms] [WARNING] [Vue warn]: Component provided template option but runtime compilation is not supported in this build of Vue. Configure your bundler to alias "vue" to "vue/dist/vue.esm-bundler.js". 
  at <Anonymous size=14 > 
  at <RepoCard key=6 repo= {id: 6, full_name: Lordog/dive-into-llms, owner: Lordog, repo_name: dive-into-llms, name_zh: null} style= {animationDelay: 600ms}  ... > 
  at <HomeView onVnodeUnmounted=fn<onVnodeUnmounted> ref=Ref< Proxy(Object) > > 
  at <RouterView > 
  at <App> @ http://localhost:5173/node_modules/.vite/deps/vue.runtime.esm-bundler-CMLZRQMs.js?v=b93762a9:1752
[ 3007750ms] [WARNING] [Vue warn]: Component provided template option but runtime compilation is not supported in this build of Vue. Configure your bundler to alias "vue" to "vue/dist/vue.esm-bundler.js". 
  at <Anonymous size=14 > 
  at <RepoCard key=4 repo= {id: 4, full_name: tinyhumansai/openhuman, owner: tinyhumansai, repo_name: openhuman, name_zh: null} style= {animationDelay: 600ms}  ... > 
  at <HomeView onVnodeUnmounted=fn<onVnodeUnmounted> ref=Ref< Proxy(Object) > > 
  at <RouterView > 
  at <App> @ http://localhost:5173/node_modules/.vite/deps/vue.runtime.esm-bundler-CMLZRQMs.js?v=b93762a9:1752
[ 3007750ms] [WARNING] [Vue warn]: Component provided template option but runtime compilation is not supported in this build of Vue. Configure your bundler to alias "vue" to "vue/dist/vue.esm-bundler.js". 
  at <Anonymous size=14 > 
  at <RepoCard key=8 repo= {id: 8, full_name: rasbt/LLMs-from-scratch, owner: rasbt, repo_name: LLMs-from-scratch, name_zh: null} style= {animationDelay: 600ms}  ... > 
  at <HomeView onVnodeUnmounted=fn<onVnodeUnmounted> ref=Ref< Proxy(Object) > > 
  at <RouterView > 
  at <App> @ http://localhost:5173/node_modules/.vite/deps/vue.runtime.esm-bundler-CMLZRQMs.js?v=b93762a9:1752
[ 3007751ms] [WARNING] [Vue warn]: Component provided template option but runtime compilation is not supported in this build of Vue. Configure your bundler to alias "vue" to "vue/dist/vue.esm-bundler.js". 
  at <Anonymous size=14 > 
  at <RepoCard key=5 repo= {id: 5, full_name: millionco/react-doctor, owner: millionco, repo_name: react-doctor, name_zh: null} style= {animationDelay: 600ms}  ... > 
  at <HomeView onVnodeUnmounted=fn<onVnodeUnmounted> ref=Ref< Proxy(Object) > > 
  at <RouterView > 
  at <App> @ http://localhost:5173/node_modules/.vite/deps/vue.runtime.esm-bundler-CMLZRQMs.js?v=b93762a9:1752
[ 3007752ms] [WARNING] [Vue warn]: Component provided template option but runtime compilation is not supported in this build of Vue. Configure your bundler to alias "vue" to "vue/dist/vue.esm-bundler.js". 
  at <Anonymous size=14 > 
  at <RepoCard key=7 repo= {id: 7, full_name: AUTOMATIC1111/stable-diffusion-webui, owner: AUTOMATIC1111, repo_name: stable-diffusion-webui, name_zh: null} style= {animationDelay: 600ms}  ... > 
  at <HomeView onVnodeUnmounted=fn<onVnodeUnmounted> ref=Ref< Proxy(Object) > > 
  at <RouterView > 
  at <App> @ http://localhost:5173/node_modules/.vite/deps/vue.runtime.esm-bundler-CMLZRQMs.js?v=b93762a9:1752
[ 3243860ms] [WARNING] [Vue warn]: Property "trackCount" was accessed during render but is not defined on instance. 
  at <HomeView onVnodeUnmounted=fn<onVnodeUnmounted> ref=Ref< Proxy(Object) > > 
  at <RouterView > 
  at <App> @ http://localhost:5173/node_modules/.vite/deps/vue.runtime.esm-bundler-CMLZRQMs.js?v=b93762a9:1752
[ 3243862ms] [WARNING] [Vue warn]: Invalid prop: type check failed for prop "trackCount". Expected Number with value NaN, got Undefined  
  at <AppSidebar active-view="home" track-count=undefined onNavigate=fn<onNavigate> > 
  at <HomeView onVnodeUnmounted=fn<onVnodeUnmounted> ref=Ref< Proxy(Object) > > 
  at <RouterView > 
  at <App> @ http://localhost:5173/node_modules/.vite/deps/vue.runtime.esm-bundler-CMLZRQMs.js?v=b93762a9:1752
[ 3276100ms] [WARNING] [Vue warn]: Component provided template option but runtime compilation is not supported in this build of Vue. Configure your bundler to alias "vue" to "vue/dist/vue.esm-bundler.js". 
  at <Anonymous size=14 > 
  at <RepoCard key=557 repo= {id: 557, full_name: Hmbown/DeepSeek-TUI, owner: Hmbown, repo_name: DeepSeek-TUI, name_zh: null} style= {animationDelay: 0ms}  ... > 
  at <HomeView onVnodeUnmounted=fn<onVnodeUnmounted> ref=Ref< null > > 
  at <RouterView > 
  at <App> @ http://localhost:5173/node_modules/.vite/deps/vue.runtime.esm-bundler-CMLZRQMs.js?v=b93762a9:1752
[ 3276102ms] [WARNING] [Vue warn]: Component provided template option but runtime compilation is not supported in this build of Vue. Configure your bundler to alias "vue" to "vue/dist/vue.esm-bundler.js". 
  at <Anonymous size=14 > 
  at <RepoCard key=564 repo= {id: 564, full_name: mattpocock/skills, owner: mattpocock, repo_name: skills, name_zh: null} style= {animationDelay: 30ms}  ... > 
  at <HomeView onVnodeUnmounted=fn<onVnodeUnmounted> ref=Ref< null > > 
  at <RouterView > 
  at <App> @ http://localhost:5173/node_modules/.vite/deps/vue.runtime.esm-bundler-CMLZRQMs.js?v=b93762a9:1752
[ 3276103ms] [WARNING] [Vue warn]: Component provided template option but runtime compilation is not supported in this build of Vue. Configure your bundler to alias "vue" to "vue/dist/vue.esm-bundler.js". 
  at <Anonymous size=14 > 
  at <RepoCard key=560 repo= {id: 560, full_name: addyosmani/agent-skills, owner: addyosmani, repo_name: agent-skills, name_zh: null} style= {animationDelay: 60ms}  ... > 
  at <HomeView onVnodeUnmounted=fn<onVnodeUnmounted> ref=Ref< null > > 
  at <RouterView > 
  at <App> @ http://localhost:5173/node_modules/.vite/deps/vue.runtime.esm-bundler-CMLZRQMs.js?v=b93762a9:1752
[ 3276105ms] [WARNING] [Vue warn]: Component provided template option but runtime compilation is not supported in this build of Vue. Configure your bundler to alias "vue" to "vue/dist/vue.esm-bundler.js". 
  at <Anonymous size=14 > 
  at <RepoCard key=132 repo= {id: 132, full_name: ruvnet/ruflo, owner: ruvnet, repo_name: ruflo, name_zh: null} style= {animationDelay: 90ms}  ... > 
  at <HomeView onVnodeUnmounted=fn<onVnodeUnmounted> ref=Ref< null > > 
  at <RouterView > 
  at <App> @ http://localhost:5173/node_modules/.vite/deps/vue.runtime.esm-bundler-CMLZRQMs.js?v=b93762a9:1752
[ 3276106ms] [WARNING] [Vue warn]: Component provided template option but runtime compilation is not supported in this build of Vue. Configure your bundler to alias "vue" to "vue/dist/vue.esm-bundler.js". 
  at <Anonymous size=14 > 
  at <RepoCard key=24 repo= {id: 24, full_name: TauricResearch/TradingAgents, owner: TauricResearch, repo_name: TradingAgents, name_zh: null} style= {animationDelay: 120ms}  ... > 
  at <HomeView onVnodeUnmounted=fn<onVnodeUnmounted> ref=Ref< null > > 
  at <RouterView > 
  at <App> @ http://localhost:5173/node_modules/.vite/deps/vue.runtime.esm-bundler-CMLZRQMs.js?v=b93762a9:1752
[ 3276107ms] [WARNING] [Vue warn]: Component provided template option but runtime compilation is not supported in this build of Vue. Configure your bundler to alias "vue" to "vue/dist/vue.esm-bundler.js". 
  at <Anonymous size=14 > 
  at <RepoCard key=117 repo= {id: 117, full_name: VectifyAI/PageIndex, owner: VectifyAI, repo_name: PageIndex, name_zh: null} style= {animationDelay: 150ms}  ... > 
  at <HomeView onVnodeUnmounted=fn<onVnodeUnmounted> ref=Ref< null > > 
  at <RouterView > 
  at <App> @ http://localhost:5173/node_modules/.vite/deps/vue.runtime.esm-bundler-CMLZRQMs.js?v=b93762a9:1752
[ 3276109ms] [WARNING] [Vue warn]: Component provided template option but runtime compilation is not supported in this build of Vue. Configure your bundler to alias "vue" to "vue/dist/vue.esm-bundler.js". 
  at <Anonymous size=14 > 
  at <RepoCard key=214 repo= {id: 214, full_name: AIDC-AI/Pixelle-Video, owner: AIDC-AI, repo_name: Pixelle-Video, name_zh: null} style= {animationDelay: 180ms}  ... > 
  at <HomeView onVnodeUnmounted=fn<onVnodeUnmounted> ref=Ref< null > > 
  at <RouterView > 
  at <App> @ http://localhost:5173/node_modules/.vite/deps/vue.runtime.esm-bundler-CMLZRQMs.js?v=b93762a9:1752
[ 3276111ms] [WARNING] [Vue warn]: Component provided template option but runtime compilation is not supported in this build of Vue. Configure your bundler to alias "vue" to "vue/dist/vue.esm-bundler.js". 
  at <Anonymous size=14 > 
  at <RepoCard key=129 repo= {id: 129, full_name: LearningCircuit/local-deep-research, owner: LearningCircuit, repo_name: local-deep-research, name_zh: null} style= {animationDelay: 210ms}  ... > 
  at <HomeView onVnodeUnmounted=fn<onVnodeUnmounted> ref=Ref< null > > 
  at <RouterView > 
  at <App> @ http://localhost:5173/node_modules/.vite/deps/vue.runtime.esm-bundler-CMLZRQMs.js?v=b93762a9:1752
[ 3276112ms] [WARNING] [Vue warn]: Component provided template option but runtime compilation is not supported in this build of Vue. Configure your bundler to alias "vue" to "vue/dist/vue.esm-bundler.js". 
  at <Anonymous size=14 > 
  at <RepoCard key=559 repo= {id: 559, full_name: virattt/dexter, owner: virattt, repo_name: dexter, name_zh: null} style= {animationDelay: 240ms}  ... > 
  at <HomeView onVnodeUnmounted=fn<onVnodeUnmounted> ref=Ref< null > > 
  at <RouterView > 
  at <App> @ http://localhost:5173/node_modules/.vite/deps/vue.runtime.esm-bundler-CMLZRQMs.js?v=b93762a9:1752
[ 3276113ms] [WARNING] [Vue warn]: Component provided template option but runtime compilation is not supported in this build of Vue. Configure your bundler to alias "vue" to "vue/dist/vue.esm-bundler.js". 
  at <Anonymous size=14 > 
  at <RepoCard key=9 repo= {id: 9, full_name: NousResearch/hermes-agent, owner: NousResearch, repo_name: hermes-agent, name_zh: null} style= {animationDelay: 270ms}  ... > 
  at <HomeView onVnodeUnmounted=fn<onVnodeUnmounted> ref=Ref< null > > 
  at <RouterView > 
  at <App> @ http://localhost:5173/node_modules/.vite/deps/vue.runtime.esm-bundler-CMLZRQMs.js?v=b93762a9:1752
[ 3276114ms] [WARNING] [Vue warn]: Component provided template option but runtime compilation is not supported in this build of Vue. Configure your bundler to alias "vue" to "vue/dist/vue.esm-bundler.js". 
  at <Anonymous size=14 > 
  at <RepoCard key=563 repo= {id: 563, full_name: 1jehuang/jcode, owner: 1jehuang, repo_name: jcode, name_zh: null} style= {animationDelay: 300ms}  ... > 
  at <HomeView onVnodeUnmounted=fn<onVnodeUnmounted> ref=Ref< null > > 
  at <RouterView > 
  at <App> @ http://localhost:5173/node_modules/.vite/deps/vue.runtime.esm-bundler-CMLZRQMs.js?v=b93762a9:1752
[ 3276115ms] [WARNING] [Vue warn]: Component provided template option but runtime compilation is not supported in this build of Vue. Configure your bundler to alias "vue" to "vue/dist/vue.esm-bundler.js". 
  at <Anonymous size=14 > 
  at <RepoCard key=339 repo= {id: 339, full_name: cocoindex-io/cocoindex, owner: cocoindex-io, repo_name: cocoindex, name_zh: null} style= {animationDelay: 330ms}  ... > 
  at <HomeView onVnodeUnmounted=fn<onVnodeUnmounted> ref=Ref< null > > 
  at <RouterView > 
  at <App> @ http://localhost:5173/node_modules/.vite/deps/vue.runtime.esm-bundler-CMLZRQMs.js?v=b93762a9:1752
[ 3276117ms] [WARNING] [Vue warn]: Component provided template option but runtime compilation is not supported in this build of Vue. Configure your bundler to alias "vue" to "vue/dist/vue.esm-bundler.js". 
  at <Anonymous size=14 > 
  at <RepoCard key=561 repo= {id: 561, full_name: InsForge/InsForge, owner: InsForge, repo_name: InsForge, name_zh: null} style= {animationDelay: 360ms}  ... > 
  at <HomeView onVnodeUnmounted=fn<onVnodeUnmounted> ref=Ref< null > > 
  at <RouterView > 
  at <App> @ http://localhost:5173/node_modules/.vite/deps/vue.runtime.esm-bundler-CMLZRQMs.js?v=b93762a9:1752
[ 3276118ms] [WARNING] [Vue warn]: Component provided template option but runtime compilation is not supported in this build of Vue. Configure your bundler to alias "vue" to "vue/dist/vue.esm-bundler.js". 
  at <Anonymous size=14 > 
  at <RepoCard key=558 repo= {id: 558, full_name: bwya77/vscode-dark-islands, owner: bwya77, repo_name: vscode-dark-islands, name_zh: null} style= {animationDelay: 390ms}  ... > 
  at <HomeView onVnodeUnmounted=fn<onVnodeUnmounted> ref=Ref< null > > 
  at <RouterView > 
  at <App> @ http://localhost:5173/node_modules/.vite/deps/vue.runtime.esm-bundler-CMLZRQMs.js?v=b93762a9:1752
[ 3276119ms] [WARNING] [Vue warn]: Component provided template option but runtime compilation is not supported in this build of Vue. Configure your bundler to alias "vue" to "vue/dist/vue.esm-bundler.js". 
  at <Anonymous size=14 > 
  at <RepoCard key=1 repo= {id: 1, full_name: bytedance/UI-TARS-desktop, owner: bytedance, repo_name: UI-TARS-desktop, name_zh: null} style= {animationDelay: 420ms}  ... > 
  at <HomeView onVnodeUnmounted=fn<onVnodeUnmounted> ref=Ref< null > > 
  at <RouterView > 
  at <App> @ http://localhost:5173/node_modules/.vite/deps/vue.runtime.esm-bundler-CMLZRQMs.js?v=b93762a9:1752
[ 3276119ms] [WARNING] [Vue warn]: Component provided template option but runtime compilation is not supported in this build of Vue. Configure your bundler to alias "vue" to "vue/dist/vue.esm-bundler.js". 
  at <Anonymous size=14 > 
  at <RepoCard key=3 repo= {id: 3, full_name: decolua/9router, owner: decolua, repo_name: 9router, name_zh: null} style= {animationDelay: 450ms}  ... > 
  at <HomeView onVnodeUnmounted=fn<onVnodeUnmounted> ref=Ref< null > > 
  at <RouterView > 
  at <App> @ http://localhost:5173/node_modules/.vite/deps/vue.runtime.esm-bundler-CMLZRQMs.js?v=b93762a9:1752
[ 3276120ms] [WARNING] [Vue warn]: Component provided template option but runtime compilation is not supported in this build of Vue. Configure your bundler to alias "vue" to "vue/dist/vue.esm-bundler.js". 
  at <Anonymous size=14 > 
  at <RepoCard key=556 repo= {id: 556, full_name: datawhalechina/easy-vibe, owner: datawhalechina, repo_name: easy-vibe, name_zh: null} style= {animationDelay: 480ms}  ... > 
  at <HomeView onVnodeUnmounted=fn<onVnodeUnmounted> ref=Ref< null > > 
  at <RouterView > 
  at <App> @ http://localhost:5173/node_modules/.vite/deps/vue.runtime.esm-bundler-CMLZRQMs.js?v=b93762a9:1752
[ 3276121ms] [WARNING] [Vue warn]: Component provided template option but runtime compilation is not supported in this build of Vue. Configure your bundler to alias "vue" to "vue/dist/vue.esm-bundler.js". 
  at <Anonymous size=14 > 
  at <RepoCard key=562 repo= {id: 562, full_name: PriorLabs/TabPFN, owner: PriorLabs, repo_name: TabPFN, name_zh: null} style= {animationDelay: 510ms}  ... > 
  at <HomeView onVnodeUnmounted=fn<onVnodeUnmounted> ref=Ref< null > > 
  at <RouterView > 
  at <App> @ http://localhost:5173/node_modules/.vite/deps/vue.runtime.esm-bundler-CMLZRQMs.js?v=b93762a9:1752
[ 3276122ms] [WARNING] [Vue warn]: Component provided template option but runtime compilation is not supported in this build of Vue. Configure your bundler to alias "vue" to "vue/dist/vue.esm-bundler.js". 
  at <Anonymous size=14 > 
  at <RepoCard key=10 repo= {id: 10, full_name: rohitg00/agentmemory, owner: rohitg00, repo_name: agentmemory, name_zh: null} style= {animationDelay: 540ms}  ... > 
  at <HomeView onVnodeUnmounted=fn<onVnodeUnmounted> ref=Ref< null > > 
  at <RouterView > 
  at <App> @ http://localhost:5173/node_modules/.vite/deps/vue.runtime.esm-bundler-CMLZRQMs.js?v=b93762a9:1752
[ 3276123ms] [WARNING] [Vue warn]: Component provided template option but runtime compilation is not supported in this build of Vue. Configure your bundler to alias "vue" to "vue/dist/vue.esm-bundler.js". 
  at <Anonymous size=14 > 
  at <RepoCard key=2 repo= {id: 2, full_name: yikart/AiToEarn, owner: yikart, repo_name: AiToEarn, name_zh: null} style= {animationDelay: 570ms}  ... > 
  at <HomeView onVnodeUnmounted=fn<onVnodeUnmounted> ref=Ref< null > > 
  at <RouterView > 
  at <App> @ http://localhost:5173/node_modules/.vite/deps/vue.runtime.esm-bundler-CMLZRQMs.js?v=b93762a9:1752
[ 3276463ms] [WARNING] [Vue warn]: Component provided template option but runtime compilation is not supported in this build of Vue. Configure your bundler to alias "vue" to "vue/dist/vue.esm-bundler.js". 
  at <Anonymous size=14 > 
  at <RepoCard key=6 repo= {id: 6, full_name: Lordog/dive-into-llms, owner: Lordog, repo_name: dive-into-llms, name_zh: null} style= {animationDelay: 600ms}  ... > 
  at <HomeView onVnodeUnmounted=fn<onVnodeUnmounted> ref=Ref< Proxy(Object) > > 
  at <RouterView > 
  at <App> @ http://localhost:5173/node_modules/.vite/deps/vue.runtime.esm-bundler-CMLZRQMs.js?v=b93762a9:1752
[ 3276465ms] [WARNING] [Vue warn]: Component provided template option but runtime compilation is not supported in this build of Vue. Configure your bundler to alias "vue" to "vue/dist/vue.esm-bundler.js". 
  at <Anonymous size=14 > 
  at <RepoCard key=4 repo= {id: 4, full_name: tinyhumansai/openhuman, owner: tinyhumansai, repo_name: openhuman, name_zh: null} style= {animationDelay: 600ms}  ... > 
  at <HomeView onVnodeUnmounted=fn<onVnodeUnmounted> ref=Ref< Proxy(Object) > > 
  at <RouterView > 
  at <App> @ http://localhost:5173/node_modules/.vite/deps/vue.runtime.esm-bundler-CMLZRQMs.js?v=b93762a9:1752
[ 3276466ms] [WARNING] [Vue warn]: Component provided template option but runtime compilation is not supported in this build of Vue. Configure your bundler to alias "vue" to "vue/dist/vue.esm-bundler.js". 
  at <Anonymous size=14 > 
  at <RepoCard key=8 repo= {id: 8, full_name: rasbt/LLMs-from-scratch, owner: rasbt, repo_name: LLMs-from-scratch, name_zh: null} style= {animationDelay: 600ms}  ... > 
  at <HomeView onVnodeUnmounted=fn<onVnodeUnmounted> ref=Ref< Proxy(Object) > > 
  at <RouterView > 
  at <App> @ http://localhost:5173/node_modules/.vite/deps/vue.runtime.esm-bundler-CMLZRQMs.js?v=b93762a9:1752
[ 3276468ms] [WARNING] [Vue warn]: Component provided template option but runtime compilation is not supported in this build of Vue. Configure your bundler to alias "vue" to "vue/dist/vue.esm-bundler.js". 
  at <Anonymous size=14 > 
  at <RepoCard key=5 repo= {id: 5, full_name: millionco/react-doctor, owner: millionco, repo_name: react-doctor, name_zh: null} style= {animationDelay: 600ms}  ... > 
  at <HomeView onVnodeUnmounted=fn<onVnodeUnmounted> ref=Ref< Proxy(Object) > > 
  at <RouterView > 
  at <App> @ http://localhost:5173/node_modules/.vite/deps/vue.runtime.esm-bundler-CMLZRQMs.js?v=b93762a9:1752
[ 3276469ms] [WARNING] [Vue warn]: Component provided template option but runtime compilation is not supported in this build of Vue. Configure your bundler to alias "vue" to "vue/dist/vue.esm-bundler.js". 
  at <Anonymous size=14 > 
  at <RepoCard key=7 repo= {id: 7, full_name: AUTOMATIC1111/stable-diffusion-webui, owner: AUTOMATIC1111, repo_name: stable-diffusion-webui, name_zh: null} style= {animationDelay: 600ms}  ... > 
  at <HomeView onVnodeUnmounted=fn<onVnodeUnmounted> ref=Ref< Proxy(Object) > > 
  at <RouterView > 
  at <App> @ http://localhost:5173/node_modules/.vite/deps/vue.runtime.esm-bundler-CMLZRQMs.js?v=b93762a9:1752
[ 3286588ms] [WARNING] [Vue warn]: Component provided template option but runtime compilation is not supported in this build of Vue. Configure your bundler to alias "vue" to "vue/dist/vue.esm-bundler.js". 
  at <Anonymous size=14 > 
  at <RepoCard key=557 repo= {id: 557, full_name: Hmbown/DeepSeek-TUI, owner: Hmbown, repo_name: DeepSeek-TUI, name_zh: null} style= {animationDelay: 0ms}  ... > 
  at <HomeView onVnodeUnmounted=fn<onVnodeUnmounted> ref=Ref< null > > 
  at <RouterView > 
  at <App> @ http://localhost:5173/node_modules/.vite/deps/vue.runtime.esm-bundler-CMLZRQMs.js?v=b93762a9:1752
[ 3286588ms] [WARNING] [Vue warn]: Component provided template option but runtime compilation is not supported in this build of Vue. Configure your bundler to alias "vue" to "vue/dist/vue.esm-bundler.js". 
  at <Anonymous size=14 > 
  at <RepoCard key=564 repo= {id: 564, full_name: mattpocock/skills, owner: mattpocock, repo_name: skills, name_zh: null} style= {animationDelay: 30ms}  ... > 
  at <HomeView onVnodeUnmounted=fn<onVnodeUnmounted> ref=Ref< null > > 
  at <RouterView > 
  at <App> @ http://localhost:5173/node_modules/.vite/deps/vue.runtime.esm-bundler-CMLZRQMs.js?v=b93762a9:1752
[ 3286589ms] [WARNING] [Vue warn]: Component provided template option but runtime compilation is not supported in this build of Vue. Configure your bundler to alias "vue" to "vue/dist/vue.esm-bundler.js". 
  at <Anonymous size=14 > 
  at <RepoCard key=560 repo= {id: 560, full_name: addyosmani/agent-skills, owner: addyosmani, repo_name: agent-skills, name_zh: null} style= {animationDelay: 60ms}  ... > 
  at <HomeView onVnodeUnmounted=fn<onVnodeUnmounted> ref=Ref< null > > 
  at <RouterView > 
  at <App> @ http://localhost:5173/node_modules/.vite/deps/vue.runtime.esm-bundler-CMLZRQMs.js?v=b93762a9:1752
[ 3286590ms] [WARNING] [Vue warn]: Component provided template option but runtime compilation is not supported in this build of Vue. Configure your bundler to alias "vue" to "vue/dist/vue.esm-bundler.js". 
  at <Anonymous size=14 > 
  at <RepoCard key=132 repo= {id: 132, full_name: ruvnet/ruflo, owner: ruvnet, repo_name: ruflo, name_zh: null} style= {animationDelay: 90ms}  ... > 
  at <HomeView onVnodeUnmounted=fn<onVnodeUnmounted> ref=Ref< null > > 
  at <RouterView > 
  at <App> @ http://localhost:5173/node_modules/.vite/deps/vue.runtime.esm-bundler-CMLZRQMs.js?v=b93762a9:1752
[ 3286591ms] [WARNING] [Vue warn]: Component provided template option but runtime compilation is not supported in this build of Vue. Configure your bundler to alias "vue" to "vue/dist/vue.esm-bundler.js". 
  at <Anonymous size=14 > 
  at <RepoCard key=24 repo= {id: 24, full_name: TauricResearch/TradingAgents, owner: TauricResearch, repo_name: TradingAgents, name_zh: null} style= {animationDelay: 120ms}  ... > 
  at <HomeView onVnodeUnmounted=fn<onVnodeUnmounted> ref=Ref< null > > 
  at <RouterView > 
  at <App> @ http://localhost:5173/node_modules/.vite/deps/vue.runtime.esm-bundler-CMLZRQMs.js?v=b93762a9:1752
[ 3286592ms] [WARNING] [Vue warn]: Component provided template option but runtime compilation is not supported in this build of Vue. Configure your bundler to alias "vue" to "vue/dist/vue.esm-bundler.js". 
  at <Anonymous size=14 > 
  at <RepoCard key=117 repo= {id: 117, full_name: VectifyAI/PageIndex, owner: VectifyAI, repo_name: PageIndex, name_zh: null} style= {animationDelay: 150ms}  ... > 
  at <HomeView onVnodeUnmounted=fn<onVnodeUnmounted> ref=Ref< null > > 
  at <RouterView > 
  at <App> @ http://localhost:5173/node_modules/.vite/deps/vue.runtime.esm-bundler-CMLZRQMs.js?v=b93762a9:1752
[ 3286593ms] [WARNING] [Vue warn]: Component provided template option but runtime compilation is not supported in this build of Vue. Configure your bundler to alias "vue" to "vue/dist/vue.esm-bundler.js". 
  at <Anonymous size=14 > 
  at <RepoCard key=214 repo= {id: 214, full_name: AIDC-AI/Pixelle-Video, owner: AIDC-AI, repo_name: Pixelle-Video, name_zh: null} style= {animationDelay: 180ms}  ... > 
  at <HomeView onVnodeUnmounted=fn<onVnodeUnmounted> ref=Ref< null > > 
  at <RouterView > 
  at <App> @ http://localhost:5173/node_modules/.vite/deps/vue.runtime.esm-bundler-CMLZRQMs.js?v=b93762a9:1752
[ 3286594ms] [WARNING] [Vue warn]: Component provided template option but runtime compilation is not supported in this build of Vue. Configure your bundler to alias "vue" to "vue/dist/vue.esm-bundler.js". 
  at <Anonymous size=14 > 
  at <RepoCard key=129 repo= {id: 129, full_name: LearningCircuit/local-deep-research, owner: LearningCircuit, repo_name: local-deep-research, name_zh: null} style= {animationDelay: 210ms}  ... > 
  at <HomeView onVnodeUnmounted=fn<onVnodeUnmounted> ref=Ref< null > > 
  at <RouterView > 
  at <App> @ http://localhost:5173/node_modules/.vite/deps/vue.runtime.esm-bundler-CMLZRQMs.js?v=b93762a9:1752
[ 3286594ms] [WARNING] [Vue warn]: Component provided template option but runtime compilation is not supported in this build of Vue. Configure your bundler to alias "vue" to "vue/dist/vue.esm-bundler.js". 
  at <Anonymous size=14 > 
  at <RepoCard key=559 repo= {id: 559, full_name: virattt/dexter, owner: virattt, repo_name: dexter, name_zh: null} style= {animationDelay: 240ms}  ... > 
  at <HomeView onVnodeUnmounted=fn<onVnodeUnmounted> ref=Ref< null > > 
  at <RouterView > 
  at <App> @ http://localhost:5173/node_modules/.vite/deps/vue.runtime.esm-bundler-CMLZRQMs.js?v=b93762a9:1752
[ 3286595ms] [WARNING] [Vue warn]: Component provided template option but runtime compilation is not supported in this build of Vue. Configure your bundler to alias "vue" to "vue/dist/vue.esm-bundler.js". 
  at <Anonymous size=14 > 
  at <RepoCard key=9 repo= {id: 9, full_name: NousResearch/hermes-agent, owner: NousResearch, repo_name: hermes-agent, name_zh: null} style= {animationDelay: 270ms}  ... > 
  at <HomeView onVnodeUnmounted=fn<onVnodeUnmounted> ref=Ref< null > > 
  at <RouterView > 
  at <App> @ http://localhost:5173/node_modules/.vite/deps/vue.runtime.esm-bundler-CMLZRQMs.js?v=b93762a9:1752
[ 3286596ms] [WARNING] [Vue warn]: Component provided template option but runtime compilation is not supported in this build of Vue. Configure your bundler to alias "vue" to "vue/dist/vue.esm-bundler.js". 
  at <Anonymous size=14 > 
  at <RepoCard key=563 repo= {id: 563, full_name: 1jehuang/jcode, owner: 1jehuang, repo_name: jcode, name_zh: null} style= {animationDelay: 300ms}  ... > 
  at <HomeView onVnodeUnmounted=fn<onVnodeUnmounted> ref=Ref< null > > 
  at <RouterView > 
  at <App> @ http://localhost:5173/node_modules/.vite/deps/vue.runtime.esm-bundler-CMLZRQMs.js?v=b93762a9:1752
[ 3286597ms] [WARNING] [Vue warn]: Component provided template option but runtime compilation is not supported in this build of Vue. Configure your bundler to alias "vue" to "vue/dist/vue.esm-bundler.js". 
  at <Anonymous size=14 > 
  at <RepoCard key=339 repo= {id: 339, full_name: cocoindex-io/cocoindex, owner: cocoindex-io, repo_name: cocoindex, name_zh: null} style= {animationDelay: 330ms}  ... > 
  at <HomeView onVnodeUnmounted=fn<onVnodeUnmounted> ref=Ref< null > > 
  at <RouterView > 
  at <App> @ http://localhost:5173/node_modules/.vite/deps/vue.runtime.esm-bundler-CMLZRQMs.js?v=b93762a9:1752
[ 3286599ms] [WARNING] [Vue warn]: Component provided template option but runtime compilation is not supported in this build of Vue. Configure your bundler to alias "vue" to "vue/dist/vue.esm-bundler.js". 
  at <Anonymous size=14 > 
  at <RepoCard key=561 repo= {id: 561, full_name: InsForge/InsForge, owner: InsForge, repo_name: InsForge, name_zh: null} style= {animationDelay: 360ms}  ... > 
  at <HomeView onVnodeUnmounted=fn<onVnodeUnmounted> ref=Ref< null > > 
  at <RouterView > 
  at <App> @ http://localhost:5173/node_modules/.vite/deps/vue.runtime.esm-bundler-CMLZRQMs.js?v=b93762a9:1752
[ 3286600ms] [WARNING] [Vue warn]: Component provided template option but runtime compilation is not supported in this build of Vue. Configure your bundler to alias "vue" to "vue/dist/vue.esm-bundler.js". 
  at <Anonymous size=14 > 
  at <RepoCard key=558 repo= {id: 558, full_name: bwya77/vscode-dark-islands, owner: bwya77, repo_name: vscode-dark-islands, name_zh: null} style= {animationDelay: 390ms}  ... > 
  at <HomeView onVnodeUnmounted=fn<onVnodeUnmounted> ref=Ref< null > > 
  at <RouterView > 
  at <App> @ http://localhost:5173/node_modules/.vite/deps/vue.runtime.esm-bundler-CMLZRQMs.js?v=b93762a9:1752
[ 3286601ms] [WARNING] [Vue warn]: Component provided template option but runtime compilation is not supported in this build of Vue. Configure your bundler to alias "vue" to "vue/dist/vue.esm-bundler.js". 
  at <Anonymous size=14 > 
  at <RepoCard key=1 repo= {id: 1, full_name: bytedance/UI-TARS-desktop, owner: bytedance, repo_name: UI-TARS-desktop, name_zh: null} style= {animationDelay: 420ms}  ... > 
  at <HomeView onVnodeUnmounted=fn<onVnodeUnmounted> ref=Ref< null > > 
  at <RouterView > 
  at <App> @ http://localhost:5173/node_modules/.vite/deps/vue.runtime.esm-bundler-CMLZRQMs.js?v=b93762a9:1752
[ 3286602ms] [WARNING] [Vue warn]: Component provided template option but runtime compilation is not supported in this build of Vue. Configure your bundler to alias "vue" to "vue/dist/vue.esm-bundler.js". 
  at <Anonymous size=14 > 
  at <RepoCard key=3 repo= {id: 3, full_name: decolua/9router, owner: decolua, repo_name: 9router, name_zh: null} style= {animationDelay: 450ms}  ... > 
  at <HomeView onVnodeUnmounted=fn<onVnodeUnmounted> ref=Ref< null > > 
  at <RouterView > 
  at <App> @ http://localhost:5173/node_modules/.vite/deps/vue.runtime.esm-bundler-CMLZRQMs.js?v=b93762a9:1752
[ 3286603ms] [WARNING] [Vue warn]: Component provided template option but runtime compilation is not supported in this build of Vue. Configure your bundler to alias "vue" to "vue/dist/vue.esm-bundler.js". 
  at <Anonymous size=14 > 
  at <RepoCard key=556 repo= {id: 556, full_name: datawhalechina/easy-vibe, owner: datawhalechina, repo_name: easy-vibe, name_zh: null} style= {animationDelay: 480ms}  ... > 
  at <HomeView onVnodeUnmounted=fn<onVnodeUnmounted> ref=Ref< null > > 
  at <RouterView > 
  at <App> @ http://localhost:5173/node_modules/.vite/deps/vue.runtime.esm-bundler-CMLZRQMs.js?v=b93762a9:1752
[ 3286604ms] [WARNING] [Vue warn]: Component provided template option but runtime compilation is not supported in this build of Vue. Configure your bundler to alias "vue" to "vue/dist/vue.esm-bundler.js". 
  at <Anonymous size=14 > 
  at <RepoCard key=562 repo= {id: 562, full_name: PriorLabs/TabPFN, owner: PriorLabs, repo_name: TabPFN, name_zh: null} style= {animationDelay: 510ms}  ... > 
  at <HomeView onVnodeUnmounted=fn<onVnodeUnmounted> ref=Ref< null > > 
  at <RouterView > 
  at <App> @ http://localhost:5173/node_modules/.vite/deps/vue.runtime.esm-bundler-CMLZRQMs.js?v=b93762a9:1752
[ 3286605ms] [WARNING] [Vue warn]: Component provided template option but runtime compilation is not supported in this build of Vue. Configure your bundler to alias "vue" to "vue/dist/vue.esm-bundler.js". 
  at <Anonymous size=14 > 
  at <RepoCard key=10 repo= {id: 10, full_name: rohitg00/agentmemory, owner: rohitg00, repo_name: agentmemory, name_zh: null} style= {animationDelay: 540ms}  ... > 
  at <HomeView onVnodeUnmounted=fn<onVnodeUnmounted> ref=Ref< null > > 
  at <RouterView > 
  at <App> @ http://localhost:5173/node_modules/.vite/deps/vue.runtime.esm-bundler-CMLZRQMs.js?v=b93762a9:1752
[ 3286606ms] [WARNING] [Vue warn]: Component provided template option but runtime compilation is not supported in this build of Vue. Configure your bundler to alias "vue" to "vue/dist/vue.esm-bundler.js". 
  at <Anonymous size=14 > 
  at <RepoCard key=2 repo= {id: 2, full_name: yikart/AiToEarn, owner: yikart, repo_name: AiToEarn, name_zh: null} style= {animationDelay: 570ms}  ... > 
  at <HomeView onVnodeUnmounted=fn<onVnodeUnmounted> ref=Ref< null > > 
  at <RouterView > 
  at <App> @ http://localhost:5173/node_modules/.vite/deps/vue.runtime.esm-bundler-CMLZRQMs.js?v=b93762a9:1752
[ 3287514ms] [WARNING] [Vue warn]: Component provided template option but runtime compilation is not supported in this build of Vue. Configure your bundler to alias "vue" to "vue/dist/vue.esm-bundler.js". 
  at <Anonymous size=14 > 
  at <RepoCard key=6 repo= {id: 6, full_name: Lordog/dive-into-llms, owner: Lordog, repo_name: dive-into-llms, name_zh: null} style= {animationDelay: 600ms}  ... > 
  at <HomeView onVnodeUnmounted=fn<onVnodeUnmounted> ref=Ref< Proxy(Object) > > 
  at <RouterView > 
  at <App> @ http://localhost:5173/node_modules/.vite/deps/vue.runtime.esm-bundler-CMLZRQMs.js?v=b93762a9:1752
[ 3287515ms] [WARNING] [Vue warn]: Component provided template option but runtime compilation is not supported in this build of Vue. Configure your bundler to alias "vue" to "vue/dist/vue.esm-bundler.js". 
  at <Anonymous size=14 > 
  at <RepoCard key=4 repo= {id: 4, full_name: tinyhumansai/openhuman, owner: tinyhumansai, repo_name: openhuman, name_zh: null} style= {animationDelay: 600ms}  ... > 
  at <HomeView onVnodeUnmounted=fn<onVnodeUnmounted> ref=Ref< Proxy(Object) > > 
  at <RouterView > 
  at <App> @ http://localhost:5173/node_modules/.vite/deps/vue.runtime.esm-bundler-CMLZRQMs.js?v=b93762a9:1752
[ 3287516ms] [WARNING] [Vue warn]: Component provided template option but runtime compilation is not supported in this build of Vue. Configure your bundler to alias "vue" to "vue/dist/vue.esm-bundler.js". 
  at <Anonymous size=14 > 
  at <RepoCard key=8 repo= {id: 8, full_name: rasbt/LLMs-from-scratch, owner: rasbt, repo_name: LLMs-from-scratch, name_zh: null} style= {animationDelay: 600ms}  ... > 
  at <HomeView onVnodeUnmounted=fn<onVnodeUnmounted> ref=Ref< Proxy(Object) > > 
  at <RouterView > 
  at <App> @ http://localhost:5173/node_modules/.vite/deps/vue.runtime.esm-bundler-CMLZRQMs.js?v=b93762a9:1752
[ 3287517ms] [WARNING] [Vue warn]: Component provided template option but runtime compilation is not supported in this build of Vue. Configure your bundler to alias "vue" to "vue/dist/vue.esm-bundler.js". 
  at <Anonymous size=14 > 
  at <RepoCard key=5 repo= {id: 5, full_name: millionco/react-doctor, owner: millionco, repo_name: react-doctor, name_zh: null} style= {animationDelay: 600ms}  ... > 
  at <HomeView onVnodeUnmounted=fn<onVnodeUnmounted> ref=Ref< Proxy(Object) > > 
  at <RouterView > 
  at <App> @ http://localhost:5173/node_modules/.vite/deps/vue.runtime.esm-bundler-CMLZRQMs.js?v=b93762a9:1752
[ 3287518ms] [WARNING] [Vue warn]: Component provided template option but runtime compilation is not supported in this build of Vue. Configure your bundler to alias "vue" to "vue/dist/vue.esm-bundler.js". 
  at <Anonymous size=14 > 
  at <RepoCard key=7 repo= {id: 7, full_name: AUTOMATIC1111/stable-diffusion-webui, owner: AUTOMATIC1111, repo_name: stable-diffusion-webui, name_zh: null} style= {animationDelay: 600ms}  ... > 
  at <HomeView onVnodeUnmounted=fn<onVnodeUnmounted> ref=Ref< Proxy(Object) > > 
  at <RouterView > 
  at <App> @ http://localhost:5173/node_modules/.vite/deps/vue.runtime.esm-bundler-CMLZRQMs.js?v=b93762a9:1752
[ 3372323ms] [WARNING] [Vue warn]: Unhandled error during execution of setup function 
  at <HomeView onVnodeUnmounted=fn<onVnodeUnmounted> ref=Ref< null > > 
  at <RouterView > 
  at <App> @ http://localhost:5173/node_modules/.vite/deps/vue.runtime.esm-bundler-CMLZRQMs.js?v=b93762a9:1752
[ 3372324ms] [WARNING] [Vue warn]: Unhandled error during execution of scheduler flush 
  at <HomeView onVnodeUnmounted=fn<onVnodeUnmounted> ref=Ref< null > > 
  at <RouterView > 
  at <App> @ http://localhost:5173/node_modules/.vite/deps/vue.runtime.esm-bundler-CMLZRQMs.js?v=b93762a9:1752
[ 3372326ms] ReferenceError: watch is not defined
    at setup (http://localhost:5173/src/views/HomeView.vue?t=1778551711767:50:3)
    at callWithErrorHandling (http://localhost:5173/node_modules/.vite/deps/vue.runtime.esm-bundler-CMLZRQMs.js?v=b93762a9:1890:17)
    at setupStatefulComponent (http://localhost:5173/node_modules/.vite/deps/vue.runtime.esm-bundler-CMLZRQMs.js?v=b93762a9:6737:23)
    at setupComponent (http://localhost:5173/node_modules/.vite/deps/vue.runtime.esm-bundler-CMLZRQMs.js?v=b93762a9:6713:35)
    at mountComponent (http://localhost:5173/node_modules/.vite/deps/vue.runtime.esm-bundler-CMLZRQMs.js?v=b93762a9:5509:3)
    at processComponent (http://localhost:5173/node_modules/.vite/deps/vue.runtime.esm-bundler-CMLZRQMs.js?v=b93762a9:5499:8)
    at patch (http://localhost:5173/node_modules/.vite/deps/vue.runtime.esm-bundler-CMLZRQMs.js?v=b93762a9:5294:28)
    at ReactiveEffect.componentUpdateFn [as fn] (http://localhost:5173/node_modules/.vite/deps/vue.runtime.esm-bundler-CMLZRQMs.js?v=b93762a9:5614:5)
    at ReactiveEffect.run (http://localhost:5173/node_modules/.vite/deps/vue.runtime.esm-bundler-CMLZRQMs.js?v=b93762a9:426:16)
    at http://localhost:5173/node_modules/.vite/deps/vue.runtime.esm-bundler-CMLZRQMs.js?v=b93762a9:2144:21
[ 3385692ms] [ERROR] TypeError: Cannot read properties of null (reading 'flags')
    at http://localhost:5173/node_modules/.vite/deps/vue.runtime.esm-bundler-CMLZRQMs.js?v=b93762a9:2115:22
    at Array.forEach (<anonymous>)
    at rerender (http://localhost:5173/node_modules/.vite/deps/vue.runtime.esm-bundler-CMLZRQMs.js?v=b93762a9:2108:24)
    at Object.rerender (http://localhost:5173/node_modules/.vite/deps/vue.runtime.esm-bundler-CMLZRQMs.js?v=b93762a9:2165:11)
    at http://localhost:5173/src/views/HomeView.vue?t=1778551711767:545:23
    at http://localhost:5173/@vite/client:70:95
    at http://localhost:5173/@vite/client:222:52
    at http://localhost:5173/@vite/client:200:55
    at Array.forEach (<anonymous>)
    at HMRClient.queueUpdate (http://localhost:5173/@vite/client:200:33) @ http://localhost:5173/node_modules/.vite/deps/vue.runtime.esm-bundler-CMLZRQMs.js?v=b93762a9:2166
[ 3385692ms] [WARNING] [HMR] Something went wrong during Vue component hot-reload. Full reload required. @ http://localhost:5173/node_modules/.vite/deps/vue.runtime.esm-bundler-CMLZRQMs.js?v=b93762a9:2167
[ 3400316ms] [ERROR] TypeError: Cannot read properties of null (reading 'flags')
    at http://localhost:5173/node_modules/.vite/deps/vue.runtime.esm-bundler-CMLZRQMs.js?v=b93762a9:2115:22
    at Array.forEach (<anonymous>)
    at rerender (http://localhost:5173/node_modules/.vite/deps/vue.runtime.esm-bundler-CMLZRQMs.js?v=b93762a9:2108:24)
    at Object.rerender (http://localhost:5173/node_modules/.vite/deps/vue.runtime.esm-bundler-CMLZRQMs.js?v=b93762a9:2165:11)
    at http://localhost:5173/src/views/HomeView.vue?t=1778551725391:546:23
    at http://localhost:5173/@vite/client:70:95
    at http://localhost:5173/@vite/client:222:52
    at http://localhost:5173/@vite/client:200:55
    at Array.forEach (<anonymous>)
    at HMRClient.queueUpdate (http://localhost:5173/@vite/client:200:33) @ http://localhost:5173/node_modules/.vite/deps/vue.runtime.esm-bundler-CMLZRQMs.js?v=b93762a9:2166
[ 3400316ms] [WARNING] [HMR] Something went wrong during Vue component hot-reload. Full reload required. @ http://localhost:5173/node_modules/.vite/deps/vue.runtime.esm-bundler-CMLZRQMs.js?v=b93762a9:2167
[ 3428772ms] [WARNING] [Vue warn]: Unhandled error during execution of scheduler flush 
  at <HomeView onVnodeUnmounted=fn<onVnodeUnmounted> ref=Ref< null > > 
  at <RouterView > 
  at <App> @ http://localhost:5173/node_modules/.vite/deps/vue.runtime.esm-bundler-CMLZRQMs.js?v=b93762a9:1752
[ 3428772ms] TypeError: Cannot read properties of null (reading 'flags')
    at http://localhost:5173/node_modules/.vite/deps/vue.runtime.esm-bundler-CMLZRQMs.js?v=b93762a9:2142:23
    at callWithErrorHandling (http://localhost:5173/node_modules/.vite/deps/vue.runtime.esm-bundler-CMLZRQMs.js?v=b93762a9:1890:31)
    at flushJobs (http://localhost:5173/node_modules/.vite/deps/vue.runtime.esm-bundler-CMLZRQMs.js?v=b93762a9:2039:5)
[ 3437637ms] [WARNING] [Vue warn]: Unhandled error during execution of scheduler flush 
  at <HomeView onVnodeUnmounted=fn<onVnodeUnmounted> ref=Ref< null > > 
  at <RouterView > 
  at <App> @ http://localhost:5173/node_modules/.vite/deps/vue.runtime.esm-bundler-CMLZRQMs.js?v=b93762a9:1752
[ 3437638ms] TypeError: Cannot read properties of null (reading 'flags')
    at http://localhost:5173/node_modules/.vite/deps/vue.runtime.esm-bundler-CMLZRQMs.js?v=b93762a9:2142:23
    at callWithErrorHandling (http://localhost:5173/node_modules/.vite/deps/vue.runtime.esm-bundler-CMLZRQMs.js?v=b93762a9:1890:31)
    at flushJobs (http://localhost:5173/node_modules/.vite/deps/vue.runtime.esm-bundler-CMLZRQMs.js?v=b93762a9:2039:5)
[ 3499507ms] [LOG] 🍍 "app" store installed 🆕 @ http://localhost:5173/node_modules/.vite/deps/pinia.js?v=01275b44:3788
[ 3499718ms] [WARNING] [Vue warn]: Component provided template option but runtime compilation is not supported in this build of Vue. Configure your bundler to alias "vue" to "vue/dist/vue.esm-bundler.js". 
  at <Anonymous size=14 > 
  at <RepoCard key=557 repo= {id: 557, full_name: Hmbown/DeepSeek-TUI, owner: Hmbown, repo_name: DeepSeek-TUI, name_zh: null} style= {animationDelay: 0ms}  ... > 
  at <HomeView onVnodeUnmounted=fn<onVnodeUnmounted> ref=Ref< Proxy(Object) > > 
  at <RouterView > 
  at <App> @ http://localhost:5173/node_modules/.vite/deps/vue.runtime.esm-bundler-CMLZRQMs.js?v=b93762a9:1752
[ 3499719ms] [WARNING] [Vue warn]: Component provided template option but runtime compilation is not supported in this build of Vue. Configure your bundler to alias "vue" to "vue/dist/vue.esm-bundler.js". 
  at <Anonymous size=14 > 
  at <RepoCard key=564 repo= {id: 564, full_name: mattpocock/skills, owner: mattpocock, repo_name: skills, name_zh: null} style= {animationDelay: 30ms}  ... > 
  at <HomeView onVnodeUnmounted=fn<onVnodeUnmounted> ref=Ref< Proxy(Object) > > 
  at <RouterView > 
  at <App> @ http://localhost:5173/node_modules/.vite/deps/vue.runtime.esm-bundler-CMLZRQMs.js?v=b93762a9:1752
[ 3499719ms] [WARNING] [Vue warn]: Component provided template option but runtime compilation is not supported in this build of Vue. Configure your bundler to alias "vue" to "vue/dist/vue.esm-bundler.js". 
  at <Anonymous size=14 > 
  at <RepoCard key=560 repo= {id: 560, full_name: addyosmani/agent-skills, owner: addyosmani, repo_name: agent-skills, name_zh: null} style= {animationDelay: 60ms}  ... > 
  at <HomeView onVnodeUnmounted=fn<onVnodeUnmounted> ref=Ref< Proxy(Object) > > 
  at <RouterView > 
  at <App> @ http://localhost:5173/node_modules/.vite/deps/vue.runtime.esm-bundler-CMLZRQMs.js?v=b93762a9:1752
[ 3499720ms] [WARNING] [Vue warn]: Component provided template option but runtime compilation is not supported in this build of Vue. Configure your bundler to alias "vue" to "vue/dist/vue.esm-bundler.js". 
  at <Anonymous size=14 > 
  at <RepoCard key=132 repo= {id: 132, full_name: ruvnet/ruflo, owner: ruvnet, repo_name: ruflo, name_zh: null} style= {animationDelay: 90ms}  ... > 
  at <HomeView onVnodeUnmounted=fn<onVnodeUnmounted> ref=Ref< Proxy(Object) > > 
  at <RouterView > 
  at <App> @ http://localhost:5173/node_modules/.vite/deps/vue.runtime.esm-bundler-CMLZRQMs.js?v=b93762a9:1752
[ 3499720ms] [WARNING] [Vue warn]: Component provided template option but runtime compilation is not supported in this build of Vue. Configure your bundler to alias "vue" to "vue/dist/vue.esm-bundler.js". 
  at <Anonymous size=14 > 
  at <RepoCard key=24 repo= {id: 24, full_name: TauricResearch/TradingAgents, owner: TauricResearch, repo_name: TradingAgents, name_zh: null} style= {animationDelay: 120ms}  ... > 
  at <HomeView onVnodeUnmounted=fn<onVnodeUnmounted> ref=Ref< Proxy(Object) > > 
  at <RouterView > 
  at <App> @ http://localhost:5173/node_modules/.vite/deps/vue.runtime.esm-bundler-CMLZRQMs.js?v=b93762a9:1752
[ 3499721ms] [WARNING] [Vue warn]: Component provided template option but runtime compilation is not supported in this build of Vue. Configure your bundler to alias "vue" to "vue/dist/vue.esm-bundler.js". 
  at <Anonymous size=14 > 
  at <RepoCard key=117 repo= {id: 117, full_name: VectifyAI/PageIndex, owner: VectifyAI, repo_name: PageIndex, name_zh: null} style= {animationDelay: 150ms}  ... > 
  at <HomeView onVnodeUnmounted=fn<onVnodeUnmounted> ref=Ref< Proxy(Object) > > 
  at <RouterView > 
  at <App> @ http://localhost:5173/node_modules/.vite/deps/vue.runtime.esm-bundler-CMLZRQMs.js?v=b93762a9:1752
[ 3499721ms] [WARNING] [Vue warn]: Component provided template option but runtime compilation is not supported in this build of Vue. Configure your bundler to alias "vue" to "vue/dist/vue.esm-bundler.js". 
  at <Anonymous size=14 > 
  at <RepoCard key=214 repo= {id: 214, full_name: AIDC-AI/Pixelle-Video, owner: AIDC-AI, repo_name: Pixelle-Video, name_zh: null} style= {animationDelay: 180ms}  ... > 
  at <HomeView onVnodeUnmounted=fn<onVnodeUnmounted> ref=Ref< Proxy(Object) > > 
  at <RouterView > 
  at <App> @ http://localhost:5173/node_modules/.vite/deps/vue.runtime.esm-bundler-CMLZRQMs.js?v=b93762a9:1752
[ 3499722ms] [WARNING] [Vue warn]: Component provided template option but runtime compilation is not supported in this build of Vue. Configure your bundler to alias "vue" to "vue/dist/vue.esm-bundler.js". 
  at <Anonymous size=14 > 
  at <RepoCard key=129 repo= {id: 129, full_name: LearningCircuit/local-deep-research, owner: LearningCircuit, repo_name: local-deep-research, name_zh: null} style= {animationDelay: 210ms}  ... > 
  at <HomeView onVnodeUnmounted=fn<onVnodeUnmounted> ref=Ref< Proxy(Object) > > 
  at <RouterView > 
  at <App> @ http://localhost:5173/node_modules/.vite/deps/vue.runtime.esm-bundler-CMLZRQMs.js?v=b93762a9:1752
[ 3499723ms] [WARNING] [Vue warn]: Component provided template option but runtime compilation is not supported in this build of Vue. Configure your bundler to alias "vue" to "vue/dist/vue.esm-bundler.js". 
  at <Anonymous size=14 > 
  at <RepoCard key=559 repo= {id: 559, full_name: virattt/dexter, owner: virattt, repo_name: dexter, name_zh: null} style= {animationDelay: 240ms}  ... > 
  at <HomeView onVnodeUnmounted=fn<onVnodeUnmounted> ref=Ref< Proxy(Object) > > 
  at <RouterView > 
  at <App> @ http://localhost:5173/node_modules/.vite/deps/vue.runtime.esm-bundler-CMLZRQMs.js?v=b93762a9:1752
[ 3499724ms] [WARNING] [Vue warn]: Component provided template option but runtime compilation is not supported in this build of Vue. Configure your bundler to alias "vue" to "vue/dist/vue.esm-bundler.js". 
  at <Anonymous size=14 > 
  at <RepoCard key=9 repo= {id: 9, full_name: NousResearch/hermes-agent, owner: NousResearch, repo_name: hermes-agent, name_zh: null} style= {animationDelay: 270ms}  ... > 
  at <HomeView onVnodeUnmounted=fn<onVnodeUnmounted> ref=Ref< Proxy(Object) > > 
  at <RouterView > 
  at <App> @ http://localhost:5173/node_modules/.vite/deps/vue.runtime.esm-bundler-CMLZRQMs.js?v=b93762a9:1752
[ 3499724ms] [WARNING] [Vue warn]: Component provided template option but runtime compilation is not supported in this build of Vue. Configure your bundler to alias "vue" to "vue/dist/vue.esm-bundler.js". 
  at <Anonymous size=14 > 
  at <RepoCard key=563 repo= {id: 563, full_name: 1jehuang/jcode, owner: 1jehuang, repo_name: jcode, name_zh: null} style= {animationDelay: 300ms}  ... > 
  at <HomeView onVnodeUnmounted=fn<onVnodeUnmounted> ref=Ref< Proxy(Object) > > 
  at <RouterView > 
  at <App> @ http://localhost:5173/node_modules/.vite/deps/vue.runtime.esm-bundler-CMLZRQMs.js?v=b93762a9:1752
[ 3499724ms] [WARNING] [Vue warn]: Component provided template option but runtime compilation is not supported in this build of Vue. Configure your bundler to alias "vue" to "vue/dist/vue.esm-bundler.js". 
  at <Anonymous size=14 > 
  at <RepoCard key=339 repo= {id: 339, full_name: cocoindex-io/cocoindex, owner: cocoindex-io, repo_name: cocoindex, name_zh: null} style= {animationDelay: 330ms}  ... > 
  at <HomeView onVnodeUnmounted=fn<onVnodeUnmounted> ref=Ref< Proxy(Object) > > 
  at <RouterView > 
  at <App> @ http://localhost:5173/node_modules/.vite/deps/vue.runtime.esm-bundler-CMLZRQMs.js?v=b93762a9:1752
[ 3499725ms] [WARNING] [Vue warn]: Component provided template option but runtime compilation is not supported in this build of Vue. Configure your bundler to alias "vue" to "vue/dist/vue.esm-bundler.js". 
  at <Anonymous size=14 > 
  at <RepoCard key=561 repo= {id: 561, full_name: InsForge/InsForge, owner: InsForge, repo_name: InsForge, name_zh: null} style= {animationDelay: 360ms}  ... > 
  at <HomeView onVnodeUnmounted=fn<onVnodeUnmounted> ref=Ref< Proxy(Object) > > 
  at <RouterView > 
  at <App> @ http://localhost:5173/node_modules/.vite/deps/vue.runtime.esm-bundler-CMLZRQMs.js?v=b93762a9:1752
[ 3499725ms] [WARNING] [Vue warn]: Component provided template option but runtime compilation is not supported in this build of Vue. Configure your bundler to alias "vue" to "vue/dist/vue.esm-bundler.js". 
  at <Anonymous size=14 > 
  at <RepoCard key=558 repo= {id: 558, full_name: bwya77/vscode-dark-islands, owner: bwya77, repo_name: vscode-dark-islands, name_zh: null} style= {animationDelay: 390ms}  ... > 
  at <HomeView onVnodeUnmounted=fn<onVnodeUnmounted> ref=Ref< Proxy(Object) > > 
  at <RouterView > 
  at <App> @ http://localhost:5173/node_modules/.vite/deps/vue.runtime.esm-bundler-CMLZRQMs.js?v=b93762a9:1752
[ 3499726ms] [WARNING] [Vue warn]: Component provided template option but runtime compilation is not supported in this build of Vue. Configure your bundler to alias "vue" to "vue/dist/vue.esm-bundler.js". 
  at <Anonymous size=14 > 
  at <RepoCard key=1 repo= {id: 1, full_name: bytedance/UI-TARS-desktop, owner: bytedance, repo_name: UI-TARS-desktop, name_zh: null} style= {animationDelay: 420ms}  ... > 
  at <HomeView onVnodeUnmounted=fn<onVnodeUnmounted> ref=Ref< Proxy(Object) > > 
  at <RouterView > 
  at <App> @ http://localhost:5173/node_modules/.vite/deps/vue.runtime.esm-bundler-CMLZRQMs.js?v=b93762a9:1752
[ 3499726ms] [WARNING] [Vue warn]: Component provided template option but runtime compilation is not supported in this build of Vue. Configure your bundler to alias "vue" to "vue/dist/vue.esm-bundler.js". 
  at <Anonymous size=14 > 
  at <RepoCard key=3 repo= {id: 3, full_name: decolua/9router, owner: decolua, repo_name: 9router, name_zh: null} style= {animationDelay: 450ms}  ... > 
  at <HomeView onVnodeUnmounted=fn<onVnodeUnmounted> ref=Ref< Proxy(Object) > > 
  at <RouterView > 
  at <App> @ http://localhost:5173/node_modules/.vite/deps/vue.runtime.esm-bundler-CMLZRQMs.js?v=b93762a9:1752
[ 3499727ms] [WARNING] [Vue warn]: Component provided template option but runtime compilation is not supported in this build of Vue. Configure your bundler to alias "vue" to "vue/dist/vue.esm-bundler.js". 
  at <Anonymous size=14 > 
  at <RepoCard key=556 repo= {id: 556, full_name: datawhalechina/easy-vibe, owner: datawhalechina, repo_name: easy-vibe, name_zh: null} style= {animationDelay: 480ms}  ... > 
  at <HomeView onVnodeUnmounted=fn<onVnodeUnmounted> ref=Ref< Proxy(Object) > > 
  at <RouterView > 
  at <App> @ http://localhost:5173/node_modules/.vite/deps/vue.runtime.esm-bundler-CMLZRQMs.js?v=b93762a9:1752
[ 3499727ms] [WARNING] [Vue warn]: Component provided template option but runtime compilation is not supported in this build of Vue. Configure your bundler to alias "vue" to "vue/dist/vue.esm-bundler.js". 
  at <Anonymous size=14 > 
  at <RepoCard key=562 repo= {id: 562, full_name: PriorLabs/TabPFN, owner: PriorLabs, repo_name: TabPFN, name_zh: null} style= {animationDelay: 510ms}  ... > 
  at <HomeView onVnodeUnmounted=fn<onVnodeUnmounted> ref=Ref< Proxy(Object) > > 
  at <RouterView > 
  at <App> @ http://localhost:5173/node_modules/.vite/deps/vue.runtime.esm-bundler-CMLZRQMs.js?v=b93762a9:1752
[ 3499728ms] [WARNING] [Vue warn]: Component provided template option but runtime compilation is not supported in this build of Vue. Configure your bundler to alias "vue" to "vue/dist/vue.esm-bundler.js". 
  at <Anonymous size=14 > 
  at <RepoCard key=10 repo= {id: 10, full_name: rohitg00/agentmemory, owner: rohitg00, repo_name: agentmemory, name_zh: null} style= {animationDelay: 540ms}  ... > 
  at <HomeView onVnodeUnmounted=fn<onVnodeUnmounted> ref=Ref< Proxy(Object) > > 
  at <RouterView > 
  at <App> @ http://localhost:5173/node_modules/.vite/deps/vue.runtime.esm-bundler-CMLZRQMs.js?v=b93762a9:1752
[ 3499728ms] [WARNING] [Vue warn]: Component provided template option but runtime compilation is not supported in this build of Vue. Configure your bundler to alias "vue" to "vue/dist/vue.esm-bundler.js". 
  at <Anonymous size=14 > 
  at <RepoCard key=2 repo= {id: 2, full_name: yikart/AiToEarn, owner: yikart, repo_name: AiToEarn, name_zh: null} style= {animationDelay: 570ms}  ... > 
  at <HomeView onVnodeUnmounted=fn<onVnodeUnmounted> ref=Ref< Proxy(Object) > > 
  at <RouterView > 
  at <App> @ http://localhost:5173/node_modules/.vite/deps/vue.runtime.esm-bundler-CMLZRQMs.js?v=b93762a9:1752
[ 3637507ms] [WARNING] [Vue warn]: Component provided template option but runtime compilation is not supported in this build of Vue. Configure your bundler to alias "vue" to "vue/dist/vue.esm-bundler.js". 
  at <Anonymous > 
  at <RepoDrawer key=0 repo-name="bytedance/UI-TARS-desktop" onClose=fn > 
  at <HomeView onVnodeUnmounted=fn<onVnodeUnmounted> ref=Ref< Proxy(Object) > > 
  at <RouterView > 
  at <App> @ http://localhost:5173/node_modules/.vite/deps/vue.runtime.esm-bundler-CMLZRQMs.js?v=b93762a9:1752
[ 3646223ms] [WARNING] [Vue warn]: Component provided template option but runtime compilation is not supported in this build of Vue. Configure your bundler to alias "vue" to "vue/dist/vue.esm-bundler.js". 
  at <Anonymous > 
  at <RepoDrawer key=0 repo-name="decolua/9router" onClose=fn > 
  at <HomeView onVnodeUnmounted=fn<onVnodeUnmounted> ref=Ref< Proxy(Object) > > 
  at <RouterView > 
  at <App> @ http://localhost:5173/node_modules/.vite/deps/vue.runtime.esm-bundler-CMLZRQMs.js?v=b93762a9:1752
[ 3665603ms] [WARNING] [Vue warn]: Component provided template option but runtime compilation is not supported in this build of Vue. Configure your bundler to alias "vue" to "vue/dist/vue.esm-bundler.js". 
  at <Anonymous > 
  at <RepoDrawer key=0 repo-name="mattpocock/skills" onClose=fn > 
  at <HomeView onVnodeUnmounted=fn<onVnodeUnmounted> ref=Ref< Proxy(Object) > > 
  at <RouterView > 
  at <App> @ http://localhost:5173/node_modules/.vite/deps/vue.runtime.esm-bundler-CMLZRQMs.js?v=b93762a9:1752
[ 3681454ms] [WARNING] [Vue warn]: Component provided template option but runtime compilation is not supported in this build of Vue. Configure your bundler to alias "vue" to "vue/dist/vue.esm-bundler.js". 
  at <Anonymous size=14 > 
  at <RepoCard key=7 repo= {id: 7, full_name: AUTOMATIC1111/stable-diffusion-webui, owner: AUTOMATIC1111, repo_name: stable-diffusion-webui, name_zh: null} style= {animationDelay: 0ms}  ... > 
  at <HomeView onVnodeUnmounted=fn<onVnodeUnmounted> ref=Ref< Proxy(Object) > > 
  at <RouterView > 
  at <App> @ http://localhost:5173/node_modules/.vite/deps/vue.runtime.esm-bundler-CMLZRQMs.js?v=b93762a9:1752
[ 3686256ms] [WARNING] [Vue warn]: Component provided template option but runtime compilation is not supported in this build of Vue. Configure your bundler to alias "vue" to "vue/dist/vue.esm-bundler.js". 
  at <Anonymous size=14 > 
  at <RepoCard key=5 repo= {id: 5, full_name: millionco/react-doctor, owner: millionco, repo_name: react-doctor, name_zh: null} style= {animationDelay: 330ms}  ... > 
  at <HomeView onVnodeUnmounted=fn<onVnodeUnmounted> ref=Ref< Proxy(Object) > > 
  at <RouterView > 
  at <App> @ http://localhost:5173/node_modules/.vite/deps/vue.runtime.esm-bundler-CMLZRQMs.js?v=b93762a9:1752
[ 3686258ms] [WARNING] [Vue warn]: Component provided template option but runtime compilation is not supported in this build of Vue. Configure your bundler to alias "vue" to "vue/dist/vue.esm-bundler.js". 
  at <Anonymous size=14 > 
  at <RepoCard key=10 repo= {id: 10, full_name: rohitg00/agentmemory, owner: rohitg00, repo_name: agentmemory, name_zh: null} style= {animationDelay: 300ms}  ... > 
  at <HomeView onVnodeUnmounted=fn<onVnodeUnmounted> ref=Ref< Proxy(Object) > > 
  at <RouterView > 
  at <App> @ http://localhost:5173/node_modules/.vite/deps/vue.runtime.esm-bundler-CMLZRQMs.js?v=b93762a9:1752
[ 3686259ms] [WARNING] [Vue warn]: Component provided template option but runtime compilation is not supported in this build of Vue. Configure your bundler to alias "vue" to "vue/dist/vue.esm-bundler.js". 
  at <Anonymous size=14 > 
  at <RepoCard key=1 repo= {id: 1, full_name: bytedance/UI-TARS-desktop, owner: bytedance, repo_name: UI-TARS-desktop, name_zh: null} style= {animationDelay: 270ms}  ... > 
  at <HomeView onVnodeUnmounted=fn<onVnodeUnmounted> ref=Ref< Proxy(Object) > > 
  at <RouterView > 
  at <App> @ http://localhost:5173/node_modules/.vite/deps/vue.runtime.esm-bundler-CMLZRQMs.js?v=b93762a9:1752
[ 3686260ms] [WARNING] [Vue warn]: Component provided template option but runtime compilation is not supported in this build of Vue. Configure your bundler to alias "vue" to "vue/dist/vue.esm-bundler.js". 
  at <Anonymous size=14 > 
  at <RepoCard key=561 repo= {id: 561, full_name: InsForge/InsForge, owner: InsForge, repo_name: InsForge, name_zh: null} style= {animationDelay: 240ms}  ... > 
  at <HomeView onVnodeUnmounted=fn<onVnodeUnmounted> ref=Ref< Proxy(Object) > > 
  at <RouterView > 
  at <App> @ http://localhost:5173/node_modules/.vite/deps/vue.runtime.esm-bundler-CMLZRQMs.js?v=b93762a9:1752
[ 3686261ms] [WARNING] [Vue warn]: Component provided template option but runtime compilation is not supported in this build of Vue. Configure your bundler to alias "vue" to "vue/dist/vue.esm-bundler.js". 
  at <Anonymous size=14 > 
  at <RepoCard key=339 repo= {id: 339, full_name: cocoindex-io/cocoindex, owner: cocoindex-io, repo_name: cocoindex, name_zh: null} style= {animationDelay: 210ms}  ... > 
  at <HomeView onVnodeUnmounted=fn<onVnodeUnmounted> ref=Ref< Proxy(Object) > > 
  at <RouterView > 
  at <App> @ http://localhost:5173/node_modules/.vite/deps/vue.runtime.esm-bundler-CMLZRQMs.js?v=b93762a9:1752
[ 3686261ms] [WARNING] [Vue warn]: Component provided template option but runtime compilation is not supported in this build of Vue. Configure your bundler to alias "vue" to "vue/dist/vue.esm-bundler.js". 
  at <Anonymous size=14 > 
  at <RepoCard key=563 repo= {id: 563, full_name: 1jehuang/jcode, owner: 1jehuang, repo_name: jcode, name_zh: null} style= {animationDelay: 180ms}  ... > 
  at <HomeView onVnodeUnmounted=fn<onVnodeUnmounted> ref=Ref< Proxy(Object) > > 
  at <RouterView > 
  at <App> @ http://localhost:5173/node_modules/.vite/deps/vue.runtime.esm-bundler-CMLZRQMs.js?v=b93762a9:1752
[ 3686262ms] [WARNING] [Vue warn]: Component provided template option but runtime compilation is not supported in this build of Vue. Configure your bundler to alias "vue" to "vue/dist/vue.esm-bundler.js". 
  at <Anonymous size=14 > 
  at <RepoCard key=9 repo= {id: 9, full_name: NousResearch/hermes-agent, owner: NousResearch, repo_name: hermes-agent, name_zh: null} style= {animationDelay: 150ms}  ... > 
  at <HomeView onVnodeUnmounted=fn<onVnodeUnmounted> ref=Ref< Proxy(Object) > > 
  at <RouterView > 
  at <App> @ http://localhost:5173/node_modules/.vite/deps/vue.runtime.esm-bundler-CMLZRQMs.js?v=b93762a9:1752
[ 3686263ms] [WARNING] [Vue warn]: Component provided template option but runtime compilation is not supported in this build of Vue. Configure your bundler to alias "vue" to "vue/dist/vue.esm-bundler.js". 
  at <Anonymous size=14 > 
  at <RepoCard key=559 repo= {id: 559, full_name: virattt/dexter, owner: virattt, repo_name: dexter, name_zh: null} style= {animationDelay: 120ms}  ... > 
  at <HomeView onVnodeUnmounted=fn<onVnodeUnmounted> ref=Ref< Proxy(Object) > > 
  at <RouterView > 
  at <App> @ http://localhost:5173/node_modules/.vite/deps/vue.runtime.esm-bundler-CMLZRQMs.js?v=b93762a9:1752
[ 3686264ms] [WARNING] [Vue warn]: Component provided template option but runtime compilation is not supported in this build of Vue. Configure your bundler to alias "vue" to "vue/dist/vue.esm-bundler.js". 
  at <Anonymous size=14 > 
  at <RepoCard key=24 repo= {id: 24, full_name: TauricResearch/TradingAgents, owner: TauricResearch, repo_name: TradingAgents, name_zh: null} style= {animationDelay: 90ms}  ... > 
  at <HomeView onVnodeUnmounted=fn<onVnodeUnmounted> ref=Ref< Proxy(Object) > > 
  at <RouterView > 
  at <App> @ http://localhost:5173/node_modules/.vite/deps/vue.runtime.esm-bundler-CMLZRQMs.js?v=b93762a9:1752
[ 3686264ms] [WARNING] [Vue warn]: Component provided template option but runtime compilation is not supported in this build of Vue. Configure your bundler to alias "vue" to "vue/dist/vue.esm-bundler.js". 
  at <Anonymous size=14 > 
  at <RepoCard key=132 repo= {id: 132, full_name: ruvnet/ruflo, owner: ruvnet, repo_name: ruflo, name_zh: null} style= {animationDelay: 60ms}  ... > 
  at <HomeView onVnodeUnmounted=fn<onVnodeUnmounted> ref=Ref< Proxy(Object) > > 
  at <RouterView > 
  at <App> @ http://localhost:5173/node_modules/.vite/deps/vue.runtime.esm-bundler-CMLZRQMs.js?v=b93762a9:1752
[ 3686264ms] [WARNING] [Vue warn]: Component provided template option but runtime compilation is not supported in this build of Vue. Configure your bundler to alias "vue" to "vue/dist/vue.esm-bundler.js". 
  at <Anonymous size=14 > 
  at <RepoCard key=560 repo= {id: 560, full_name: addyosmani/agent-skills, owner: addyosmani, repo_name: agent-skills, name_zh: null} style= {animationDelay: 30ms}  ... > 
  at <HomeView onVnodeUnmounted=fn<onVnodeUnmounted> ref=Ref< Proxy(Object) > > 
  at <RouterView > 
  at <App> @ http://localhost:5173/node_modules/.vite/deps/vue.runtime.esm-bundler-CMLZRQMs.js?v=b93762a9:1752
[ 3686265ms] [WARNING] [Vue warn]: Component provided template option but runtime compilation is not supported in this build of Vue. Configure your bundler to alias "vue" to "vue/dist/vue.esm-bundler.js". 
  at <Anonymous size=14 > 
  at <RepoCard key=557 repo= {id: 557, full_name: Hmbown/DeepSeek-TUI, owner: Hmbown, repo_name: DeepSeek-TUI, name_zh: null} style= {animationDelay: 0ms}  ... > 
  at <HomeView onVnodeUnmounted=fn<onVnodeUnmounted> ref=Ref< Proxy(Object) > > 
  at <RouterView > 
  at <App> @ http://localhost:5173/node_modules/.vite/deps/vue.runtime.esm-bundler-CMLZRQMs.js?v=b93762a9:1752
[ 3687587ms] [WARNING] [Vue warn]: Component provided template option but runtime compilation is not supported in this build of Vue. Configure your bundler to alias "vue" to "vue/dist/vue.esm-bundler.js". 
  at <Anonymous size=14 > 
  at <RepoCard key=2 repo= {id: 2, full_name: yikart/AiToEarn, owner: yikart, repo_name: AiToEarn, name_zh: null} style= {animationDelay: 570ms}  ... > 
  at <HomeView onVnodeUnmounted=fn<onVnodeUnmounted> ref=Ref< Proxy(Object) > > 
  at <RouterView > 
  at <App> @ http://localhost:5173/node_modules/.vite/deps/vue.runtime.esm-bundler-CMLZRQMs.js?v=b93762a9:1752
[ 3687587ms] [WARNING] [Vue warn]: Component provided template option but runtime compilation is not supported in this build of Vue. Configure your bundler to alias "vue" to "vue/dist/vue.esm-bundler.js". 
  at <Anonymous size=14 > 
  at <RepoCard key=562 repo= {id: 562, full_name: PriorLabs/TabPFN, owner: PriorLabs, repo_name: TabPFN, name_zh: null} style= {animationDelay: 510ms}  ... > 
  at <HomeView onVnodeUnmounted=fn<onVnodeUnmounted> ref=Ref< Proxy(Object) > > 
  at <RouterView > 
  at <App> @ http://localhost:5173/node_modules/.vite/deps/vue.runtime.esm-bundler-CMLZRQMs.js?v=b93762a9:1752
[ 3687588ms] [WARNING] [Vue warn]: Component provided template option but runtime compilation is not supported in this build of Vue. Configure your bundler to alias "vue" to "vue/dist/vue.esm-bundler.js". 
  at <Anonymous size=14 > 
  at <RepoCard key=556 repo= {id: 556, full_name: datawhalechina/easy-vibe, owner: datawhalechina, repo_name: easy-vibe, name_zh: null} style= {animationDelay: 480ms}  ... > 
  at <HomeView onVnodeUnmounted=fn<onVnodeUnmounted> ref=Ref< Proxy(Object) > > 
  at <RouterView > 
  at <App> @ http://localhost:5173/node_modules/.vite/deps/vue.runtime.esm-bundler-CMLZRQMs.js?v=b93762a9:1752
[ 3687588ms] [WARNING] [Vue warn]: Component provided template option but runtime compilation is not supported in this build of Vue. Configure your bundler to alias "vue" to "vue/dist/vue.esm-bundler.js". 
  at <Anonymous size=14 > 
  at <RepoCard key=3 repo= {id: 3, full_name: decolua/9router, owner: decolua, repo_name: 9router, name_zh: null} style= {animationDelay: 450ms}  ... > 
  at <HomeView onVnodeUnmounted=fn<onVnodeUnmounted> ref=Ref< Proxy(Object) > > 
  at <RouterView > 
  at <App> @ http://localhost:5173/node_modules/.vite/deps/vue.runtime.esm-bundler-CMLZRQMs.js?v=b93762a9:1752
[ 3687589ms] [WARNING] [Vue warn]: Component provided template option but runtime compilation is not supported in this build of Vue. Configure your bundler to alias "vue" to "vue/dist/vue.esm-bundler.js". 
  at <Anonymous size=14 > 
  at <RepoCard key=558 repo= {id: 558, full_name: bwya77/vscode-dark-islands, owner: bwya77, repo_name: vscode-dark-islands, name_zh: null} style= {animationDelay: 390ms}  ... > 
  at <HomeView onVnodeUnmounted=fn<onVnodeUnmounted> ref=Ref< Proxy(Object) > > 
  at <RouterView > 
  at <App> @ http://localhost:5173/node_modules/.vite/deps/vue.runtime.esm-bundler-CMLZRQMs.js?v=b93762a9:1752
[ 3687589ms] [WARNING] [Vue warn]: Component provided template option but runtime compilation is not supported in this build of Vue. Configure your bundler to alias "vue" to "vue/dist/vue.esm-bundler.js". 
  at <Anonymous size=14 > 
  at <RepoCard key=129 repo= {id: 129, full_name: LearningCircuit/local-deep-research, owner: LearningCircuit, repo_name: local-deep-research, name_zh: null} style= {animationDelay: 210ms}  ... > 
  at <HomeView onVnodeUnmounted=fn<onVnodeUnmounted> ref=Ref< Proxy(Object) > > 
  at <RouterView > 
  at <App> @ http://localhost:5173/node_modules/.vite/deps/vue.runtime.esm-bundler-CMLZRQMs.js?v=b93762a9:1752
[ 3687589ms] [WARNING] [Vue warn]: Component provided template option but runtime compilation is not supported in this build of Vue. Configure your bundler to alias "vue" to "vue/dist/vue.esm-bundler.js". 
  at <Anonymous size=14 > 
  at <RepoCard key=214 repo= {id: 214, full_name: AIDC-AI/Pixelle-Video, owner: AIDC-AI, repo_name: Pixelle-Video, name_zh: null} style= {animationDelay: 180ms}  ... > 
  at <HomeView onVnodeUnmounted=fn<onVnodeUnmounted> ref=Ref< Proxy(Object) > > 
  at <RouterView > 
  at <App> @ http://localhost:5173/node_modules/.vite/deps/vue.runtime.esm-bundler-CMLZRQMs.js?v=b93762a9:1752
[ 3687590ms] [WARNING] [Vue warn]: Component provided template option but runtime compilation is not supported in this build of Vue. Configure your bundler to alias "vue" to "vue/dist/vue.esm-bundler.js". 
  at <Anonymous size=14 > 
  at <RepoCard key=117 repo= {id: 117, full_name: VectifyAI/PageIndex, owner: VectifyAI, repo_name: PageIndex, name_zh: null} style= {animationDelay: 150ms}  ... > 
  at <HomeView onVnodeUnmounted=fn<onVnodeUnmounted> ref=Ref< Proxy(Object) > > 
  at <RouterView > 
  at <App> @ http://localhost:5173/node_modules/.vite/deps/vue.runtime.esm-bundler-CMLZRQMs.js?v=b93762a9:1752
[ 3687590ms] [WARNING] [Vue warn]: Component provided template option but runtime compilation is not supported in this build of Vue. Configure your bundler to alias "vue" to "vue/dist/vue.esm-bundler.js". 
  at <Anonymous size=14 > 
  at <RepoCard key=564 repo= {id: 564, full_name: mattpocock/skills, owner: mattpocock, repo_name: skills, name_zh: null} style= {animationDelay: 30ms}  ... > 
  at <HomeView onVnodeUnmounted=fn<onVnodeUnmounted> ref=Ref< Proxy(Object) > > 
  at <RouterView > 
  at <App> @ http://localhost:5173/node_modules/.vite/deps/vue.runtime.esm-bundler-CMLZRQMs.js?v=b93762a9:1752
[ 3690499ms] [LOG] 🍍 "app" store installed 🆕 @ http://localhost:5173/node_modules/.vite/deps/pinia.js?v=01275b44:3788
[ 3690670ms] [WARNING] [Vue warn]: Component provided template option but runtime compilation is not supported in this build of Vue. Configure your bundler to alias "vue" to "vue/dist/vue.esm-bundler.js". 
  at <Anonymous size=14 > 
  at <RepoCard key=557 repo= {id: 557, full_name: Hmbown/DeepSeek-TUI, owner: Hmbown, repo_name: DeepSeek-TUI, name_zh: null} style= {animationDelay: 0ms}  ... > 
  at <HomeView onVnodeUnmounted=fn<onVnodeUnmounted> ref=Ref< Proxy(Object) > > 
  at <RouterView > 
  at <App> @ http://localhost:5173/node_modules/.vite/deps/vue.runtime.esm-bundler-CMLZRQMs.js?v=b93762a9:1752
[ 3690671ms] [WARNING] [Vue warn]: Component provided template option but runtime compilation is not supported in this build of Vue. Configure your bundler to alias "vue" to "vue/dist/vue.esm-bundler.js". 
  at <Anonymous size=14 > 
  at <RepoCard key=564 repo= {id: 564, full_name: mattpocock/skills, owner: mattpocock, repo_name: skills, name_zh: null} style= {animationDelay: 30ms}  ... > 
  at <HomeView onVnodeUnmounted=fn<onVnodeUnmounted> ref=Ref< Proxy(Object) > > 
  at <RouterView > 
  at <App> @ http://localhost:5173/node_modules/.vite/deps/vue.runtime.esm-bundler-CMLZRQMs.js?v=b93762a9:1752
[ 3690672ms] [WARNING] [Vue warn]: Component provided template option but runtime compilation is not supported in this build of Vue. Configure your bundler to alias "vue" to "vue/dist/vue.esm-bundler.js". 
  at <Anonymous size=14 > 
  at <RepoCard key=560 repo= {id: 560, full_name: addyosmani/agent-skills, owner: addyosmani, repo_name: agent-skills, name_zh: null} style= {animationDelay: 60ms}  ... > 
  at <HomeView onVnodeUnmounted=fn<onVnodeUnmounted> ref=Ref< Proxy(Object) > > 
  at <RouterView > 
  at <App> @ http://localhost:5173/node_modules/.vite/deps/vue.runtime.esm-bundler-CMLZRQMs.js?v=b93762a9:1752
[ 3690672ms] [WARNING] [Vue warn]: Component provided template option but runtime compilation is not supported in this build of Vue. Configure your bundler to alias "vue" to "vue/dist/vue.esm-bundler.js". 
  at <Anonymous size=14 > 
  at <RepoCard key=132 repo= {id: 132, full_name: ruvnet/ruflo, owner: ruvnet, repo_name: ruflo, name_zh: null} style= {animationDelay: 90ms}  ... > 
  at <HomeView onVnodeUnmounted=fn<onVnodeUnmounted> ref=Ref< Proxy(Object) > > 
  at <RouterView > 
  at <App> @ http://localhost:5173/node_modules/.vite/deps/vue.runtime.esm-bundler-CMLZRQMs.js?v=b93762a9:1752
[ 3690673ms] [WARNING] [Vue warn]: Component provided template option but runtime compilation is not supported in this build of Vue. Configure your bundler to alias "vue" to "vue/dist/vue.esm-bundler.js". 
  at <Anonymous size=14 > 
  at <RepoCard key=24 repo= {id: 24, full_name: TauricResearch/TradingAgents, owner: TauricResearch, repo_name: TradingAgents, name_zh: null} style= {animationDelay: 120ms}  ... > 
  at <HomeView onVnodeUnmounted=fn<onVnodeUnmounted> ref=Ref< Proxy(Object) > > 
  at <RouterView > 
  at <App> @ http://localhost:5173/node_modules/.vite/deps/vue.runtime.esm-bundler-CMLZRQMs.js?v=b93762a9:1752
[ 3690673ms] [WARNING] [Vue warn]: Component provided template option but runtime compilation is not supported in this build of Vue. Configure your bundler to alias "vue" to "vue/dist/vue.esm-bundler.js". 
  at <Anonymous size=14 > 
  at <RepoCard key=117 repo= {id: 117, full_name: VectifyAI/PageIndex, owner: VectifyAI, repo_name: PageIndex, name_zh: null} style= {animationDelay: 150ms}  ... > 
  at <HomeView onVnodeUnmounted=fn<onVnodeUnmounted> ref=Ref< Proxy(Object) > > 
  at <RouterView > 
  at <App> @ http://localhost:5173/node_modules/.vite/deps/vue.runtime.esm-bundler-CMLZRQMs.js?v=b93762a9:1752
[ 3690674ms] [WARNING] [Vue warn]: Component provided template option but runtime compilation is not supported in this build of Vue. Configure your bundler to alias "vue" to "vue/dist/vue.esm-bundler.js". 
  at <Anonymous size=14 > 
  at <RepoCard key=214 repo= {id: 214, full_name: AIDC-AI/Pixelle-Video, owner: AIDC-AI, repo_name: Pixelle-Video, name_zh: null} style= {animationDelay: 180ms}  ... > 
  at <HomeView onVnodeUnmounted=fn<onVnodeUnmounted> ref=Ref< Proxy(Object) > > 
  at <RouterView > 
  at <App> @ http://localhost:5173/node_modules/.vite/deps/vue.runtime.esm-bundler-CMLZRQMs.js?v=b93762a9:1752
[ 3690674ms] [WARNING] [Vue warn]: Component provided template option but runtime compilation is not supported in this build of Vue. Configure your bundler to alias "vue" to "vue/dist/vue.esm-bundler.js". 
  at <Anonymous size=14 > 
  at <RepoCard key=129 repo= {id: 129, full_name: LearningCircuit/local-deep-research, owner: LearningCircuit, repo_name: local-deep-research, name_zh: null} style= {animationDelay: 210ms}  ... > 
  at <HomeView onVnodeUnmounted=fn<onVnodeUnmounted> ref=Ref< Proxy(Object) > > 
  at <RouterView > 
  at <App> @ http://localhost:5173/node_modules/.vite/deps/vue.runtime.esm-bundler-CMLZRQMs.js?v=b93762a9:1752
[ 3690674ms] [WARNING] [Vue warn]: Component provided template option but runtime compilation is not supported in this build of Vue. Configure your bundler to alias "vue" to "vue/dist/vue.esm-bundler.js". 
  at <Anonymous size=14 > 
  at <RepoCard key=559 repo= {id: 559, full_name: virattt/dexter, owner: virattt, repo_name: dexter, name_zh: null} style= {animationDelay: 240ms}  ... > 
  at <HomeView onVnodeUnmounted=fn<onVnodeUnmounted> ref=Ref< Proxy(Object) > > 
  at <RouterView > 
  at <App> @ http://localhost:5173/node_modules/.vite/deps/vue.runtime.esm-bundler-CMLZRQMs.js?v=b93762a9:1752
[ 3690675ms] [WARNING] [Vue warn]: Component provided template option but runtime compilation is not supported in this build of Vue. Configure your bundler to alias "vue" to "vue/dist/vue.esm-bundler.js". 
  at <Anonymous size=14 > 
  at <RepoCard key=9 repo= {id: 9, full_name: NousResearch/hermes-agent, owner: NousResearch, repo_name: hermes-agent, name_zh: null} style= {animationDelay: 270ms}  ... > 
  at <HomeView onVnodeUnmounted=fn<onVnodeUnmounted> ref=Ref< Proxy(Object) > > 
  at <RouterView > 
  at <App> @ http://localhost:5173/node_modules/.vite/deps/vue.runtime.esm-bundler-CMLZRQMs.js?v=b93762a9:1752
[ 3690675ms] [WARNING] [Vue warn]: Component provided template option but runtime compilation is not supported in this build of Vue. Configure your bundler to alias "vue" to "vue/dist/vue.esm-bundler.js". 
  at <Anonymous size=14 > 
  at <RepoCard key=563 repo= {id: 563, full_name: 1jehuang/jcode, owner: 1jehuang, repo_name: jcode, name_zh: null} style= {animationDelay: 300ms}  ... > 
  at <HomeView onVnodeUnmounted=fn<onVnodeUnmounted> ref=Ref< Proxy(Object) > > 
  at <RouterView > 
  at <App> @ http://localhost:5173/node_modules/.vite/deps/vue.runtime.esm-bundler-CMLZRQMs.js?v=b93762a9:1752
[ 3690676ms] [WARNING] [Vue warn]: Component provided template option but runtime compilation is not supported in this build of Vue. Configure your bundler to alias "vue" to "vue/dist/vue.esm-bundler.js". 
  at <Anonymous size=14 > 
  at <RepoCard key=339 repo= {id: 339, full_name: cocoindex-io/cocoindex, owner: cocoindex-io, repo_name: cocoindex, name_zh: null} style= {animationDelay: 330ms}  ... > 
  at <HomeView onVnodeUnmounted=fn<onVnodeUnmounted> ref=Ref< Proxy(Object) > > 
  at <RouterView > 
  at <App> @ http://localhost:5173/node_modules/.vite/deps/vue.runtime.esm-bundler-CMLZRQMs.js?v=b93762a9:1752
[ 3690676ms] [WARNING] [Vue warn]: Component provided template option but runtime compilation is not supported in this build of Vue. Configure your bundler to alias "vue" to "vue/dist/vue.esm-bundler.js". 
  at <Anonymous size=14 > 
  at <RepoCard key=561 repo= {id: 561, full_name: InsForge/InsForge, owner: InsForge, repo_name: InsForge, name_zh: null} style= {animationDelay: 360ms}  ... > 
  at <HomeView onVnodeUnmounted=fn<onVnodeUnmounted> ref=Ref< Proxy(Object) > > 
  at <RouterView > 
  at <App> @ http://localhost:5173/node_modules/.vite/deps/vue.runtime.esm-bundler-CMLZRQMs.js?v=b93762a9:1752
[ 3690677ms] [WARNING] [Vue warn]: Component provided template option but runtime compilation is not supported in this build of Vue. Configure your bundler to alias "vue" to "vue/dist/vue.esm-bundler.js". 
  at <Anonymous size=14 > 
  at <RepoCard key=558 repo= {id: 558, full_name: bwya77/vscode-dark-islands, owner: bwya77, repo_name: vscode-dark-islands, name_zh: null} style= {animationDelay: 390ms}  ... > 
  at <HomeView onVnodeUnmounted=fn<onVnodeUnmounted> ref=Ref< Proxy(Object) > > 
  at <RouterView > 
  at <App> @ http://localhost:5173/node_modules/.vite/deps/vue.runtime.esm-bundler-CMLZRQMs.js?v=b93762a9:1752
[ 3690677ms] [WARNING] [Vue warn]: Component provided template option but runtime compilation is not supported in this build of Vue. Configure your bundler to alias "vue" to "vue/dist/vue.esm-bundler.js". 
  at <Anonymous size=14 > 
  at <RepoCard key=1 repo= {id: 1, full_name: bytedance/UI-TARS-desktop, owner: bytedance, repo_name: UI-TARS-desktop, name_zh: null} style= {animationDelay: 420ms}  ... > 
  at <HomeView onVnodeUnmounted=fn<onVnodeUnmounted> ref=Ref< Proxy(Object) > > 
  at <RouterView > 
  at <App> @ http://localhost:5173/node_modules/.vite/deps/vue.runtime.esm-bundler-CMLZRQMs.js?v=b93762a9:1752
[ 3690678ms] [WARNING] [Vue warn]: Component provided template option but runtime compilation is not supported in this build of Vue. Configure your bundler to alias "vue" to "vue/dist/vue.esm-bundler.js". 
  at <Anonymous size=14 > 
  at <RepoCard key=3 repo= {id: 3, full_name: decolua/9router, owner: decolua, repo_name: 9router, name_zh: null} style= {animationDelay: 450ms}  ... > 
  at <HomeView onVnodeUnmounted=fn<onVnodeUnmounted> ref=Ref< Proxy(Object) > > 
  at <RouterView > 
  at <App> @ http://localhost:5173/node_modules/.vite/deps/vue.runtime.esm-bundler-CMLZRQMs.js?v=b93762a9:1752
[ 3690678ms] [WARNING] [Vue warn]: Component provided template option but runtime compilation is not supported in this build of Vue. Configure your bundler to alias "vue" to "vue/dist/vue.esm-bundler.js". 
  at <Anonymous size=14 > 
  at <RepoCard key=556 repo= {id: 556, full_name: datawhalechina/easy-vibe, owner: datawhalechina, repo_name: easy-vibe, name_zh: null} style= {animationDelay: 480ms}  ... > 
  at <HomeView onVnodeUnmounted=fn<onVnodeUnmounted> ref=Ref< Proxy(Object) > > 
  at <RouterView > 
  at <App> @ http://localhost:5173/node_modules/.vite/deps/vue.runtime.esm-bundler-CMLZRQMs.js?v=b93762a9:1752
[ 3690678ms] [WARNING] [Vue warn]: Component provided template option but runtime compilation is not supported in this build of Vue. Configure your bundler to alias "vue" to "vue/dist/vue.esm-bundler.js". 
  at <Anonymous size=14 > 
  at <RepoCard key=562 repo= {id: 562, full_name: PriorLabs/TabPFN, owner: PriorLabs, repo_name: TabPFN, name_zh: null} style= {animationDelay: 510ms}  ... > 
  at <HomeView onVnodeUnmounted=fn<onVnodeUnmounted> ref=Ref< Proxy(Object) > > 
  at <RouterView > 
  at <App> @ http://localhost:5173/node_modules/.vite/deps/vue.runtime.esm-bundler-CMLZRQMs.js?v=b93762a9:1752
[ 3690679ms] [WARNING] [Vue warn]: Component provided template option but runtime compilation is not supported in this build of Vue. Configure your bundler to alias "vue" to "vue/dist/vue.esm-bundler.js". 
  at <Anonymous size=14 > 
  at <RepoCard key=10 repo= {id: 10, full_name: rohitg00/agentmemory, owner: rohitg00, repo_name: agentmemory, name_zh: null} style= {animationDelay: 540ms}  ... > 
  at <HomeView onVnodeUnmounted=fn<onVnodeUnmounted> ref=Ref< Proxy(Object) > > 
  at <RouterView > 
  at <App> @ http://localhost:5173/node_modules/.vite/deps/vue.runtime.esm-bundler-CMLZRQMs.js?v=b93762a9:1752
[ 3690679ms] [WARNING] [Vue warn]: Component provided template option but runtime compilation is not supported in this build of Vue. Configure your bundler to alias "vue" to "vue/dist/vue.esm-bundler.js". 
  at <Anonymous size=14 > 
  at <RepoCard key=2 repo= {id: 2, full_name: yikart/AiToEarn, owner: yikart, repo_name: AiToEarn, name_zh: null} style= {animationDelay: 570ms}  ... > 
  at <HomeView onVnodeUnmounted=fn<onVnodeUnmounted> ref=Ref< Proxy(Object) > > 
  at <RouterView > 
  at <App> @ http://localhost:5173/node_modules/.vite/deps/vue.runtime.esm-bundler-CMLZRQMs.js?v=b93762a9:1752
[ 3694103ms] [WARNING] [Vue warn]: Component provided template option but runtime compilation is not supported in this build of Vue. Configure your bundler to alias "vue" to "vue/dist/vue.esm-bundler.js". 
  at <Anonymous size=14 > 
  at <RepoCard key=5 repo= {id: 5, full_name: millionco/react-doctor, owner: millionco, repo_name: react-doctor, name_zh: null} style= {animationDelay: 570ms}  ... > 
  at <HomeView onVnodeUnmounted=fn<onVnodeUnmounted> ref=Ref< Proxy(Object) > > 
  at <RouterView > 
  at <App> @ http://localhost:5173/node_modules/.vite/deps/vue.runtime.esm-bundler-CMLZRQMs.js?v=b93762a9:1752
[ 3694104ms] [WARNING] [Vue warn]: Component provided template option but runtime compilation is not supported in this build of Vue. Configure your bundler to alias "vue" to "vue/dist/vue.esm-bundler.js". 
  at <Anonymous size=14 > 
  at <RepoCard key=6 repo= {id: 6, full_name: Lordog/dive-into-llms, owner: Lordog, repo_name: dive-into-llms, name_zh: null} style= {animationDelay: 210ms}  ... > 
  at <HomeView onVnodeUnmounted=fn<onVnodeUnmounted> ref=Ref< Proxy(Object) > > 
  at <RouterView > 
  at <App> @ http://localhost:5173/node_modules/.vite/deps/vue.runtime.esm-bundler-CMLZRQMs.js?v=b93762a9:1752
[ 3694105ms] [WARNING] [Vue warn]: Component provided template option but runtime compilation is not supported in this build of Vue. Configure your bundler to alias "vue" to "vue/dist/vue.esm-bundler.js". 
  at <Anonymous size=14 > 
  at <RepoCard key=8 repo= {id: 8, full_name: rasbt/LLMs-from-scratch, owner: rasbt, repo_name: LLMs-from-scratch, name_zh: null} style= {animationDelay: 60ms}  ... > 
  at <HomeView onVnodeUnmounted=fn<onVnodeUnmounted> ref=Ref< Proxy(Object) > > 
  at <RouterView > 
  at <App> @ http://localhost:5173/node_modules/.vite/deps/vue.runtime.esm-bundler-CMLZRQMs.js?v=b93762a9:1752
[ 3694105ms] [WARNING] [Vue warn]: Component provided template option but runtime compilation is not supported in this build of Vue. Configure your bundler to alias "vue" to "vue/dist/vue.esm-bundler.js". 
  at <Anonymous size=14 > 
  at <RepoCard key=7 repo= {id: 7, full_name: AUTOMATIC1111/stable-diffusion-webui, owner: AUTOMATIC1111, repo_name: stable-diffusion-webui, name_zh: null} style= {animationDelay: 0ms}  ... > 
  at <HomeView onVnodeUnmounted=fn<onVnodeUnmounted> ref=Ref< Proxy(Object) > > 
  at <RouterView > 
  at <App> @ http://localhost:5173/node_modules/.vite/deps/vue.runtime.esm-bundler-CMLZRQMs.js?v=b93762a9:1752
[ 3715119ms] [LOG] 🍍 "app" store installed 🆕 @ http://localhost:5173/node_modules/.vite/deps/pinia.js?v=01275b44:3788
[ 3715148ms] [WARNING] [Vue warn]: Component provided template option but runtime compilation is not supported in this build of Vue. Configure your bundler to alias "vue" to "vue/dist/vue.esm-bundler.js". 
  at <Anonymous size=14 > 
  at <RepoCard key=557 repo= {id: 557, full_name: Hmbown/DeepSeek-TUI, owner: Hmbown, repo_name: DeepSeek-TUI, name_zh: null} style= {animationDelay: 0ms}  ... > 
  at <HomeView onVnodeUnmounted=fn<onVnodeUnmounted> ref=Ref< Proxy(Object) > > 
  at <RouterView > 
  at <App> @ http://localhost:5173/node_modules/.vite/deps/vue.runtime.esm-bundler-CMLZRQMs.js?v=b93762a9:1752
[ 3715149ms] [WARNING] [Vue warn]: Component provided template option but runtime compilation is not supported in this build of Vue. Configure your bundler to alias "vue" to "vue/dist/vue.esm-bundler.js". 
  at <Anonymous size=14 > 
  at <RepoCard key=564 repo= {id: 564, full_name: mattpocock/skills, owner: mattpocock, repo_name: skills, name_zh: null} style= {animationDelay: 30ms}  ... > 
  at <HomeView onVnodeUnmounted=fn<onVnodeUnmounted> ref=Ref< Proxy(Object) > > 
  at <RouterView > 
  at <App> @ http://localhost:5173/node_modules/.vite/deps/vue.runtime.esm-bundler-CMLZRQMs.js?v=b93762a9:1752
[ 3715149ms] [WARNING] [Vue warn]: Component provided template option but runtime compilation is not supported in this build of Vue. Configure your bundler to alias "vue" to "vue/dist/vue.esm-bundler.js". 
  at <Anonymous size=14 > 
  at <RepoCard key=560 repo= {id: 560, full_name: addyosmani/agent-skills, owner: addyosmani, repo_name: agent-skills, name_zh: null} style= {animationDelay: 60ms}  ... > 
  at <HomeView onVnodeUnmounted=fn<onVnodeUnmounted> ref=Ref< Proxy(Object) > > 
  at <RouterView > 
  at <App> @ http://localhost:5173/node_modules/.vite/deps/vue.runtime.esm-bundler-CMLZRQMs.js?v=b93762a9:1752
[ 3715150ms] [WARNING] [Vue warn]: Component provided template option but runtime compilation is not supported in this build of Vue. Configure your bundler to alias "vue" to "vue/dist/vue.esm-bundler.js". 
  at <Anonymous size=14 > 
  at <RepoCard key=132 repo= {id: 132, full_name: ruvnet/ruflo, owner: ruvnet, repo_name: ruflo, name_zh: null} style= {animationDelay: 90ms}  ... > 
  at <HomeView onVnodeUnmounted=fn<onVnodeUnmounted> ref=Ref< Proxy(Object) > > 
  at <RouterView > 
  at <App> @ http://localhost:5173/node_modules/.vite/deps/vue.runtime.esm-bundler-CMLZRQMs.js?v=b93762a9:1752
[ 3715150ms] [WARNING] [Vue warn]: Component provided template option but runtime compilation is not supported in this build of Vue. Configure your bundler to alias "vue" to "vue/dist/vue.esm-bundler.js". 
  at <Anonymous size=14 > 
  at <RepoCard key=24 repo= {id: 24, full_name: TauricResearch/TradingAgents, owner: TauricResearch, repo_name: TradingAgents, name_zh: null} style= {animationDelay: 120ms}  ... > 
  at <HomeView onVnodeUnmounted=fn<onVnodeUnmounted> ref=Ref< Proxy(Object) > > 
  at <RouterView > 
  at <App> @ http://localhost:5173/node_modules/.vite/deps/vue.runtime.esm-bundler-CMLZRQMs.js?v=b93762a9:1752
[ 3715152ms] [WARNING] [Vue warn]: Component provided template option but runtime compilation is not supported in this build of Vue. Configure your bundler to alias "vue" to "vue/dist/vue.esm-bundler.js". 
  at <Anonymous size=14 > 
  at <RepoCard key=117 repo= {id: 117, full_name: VectifyAI/PageIndex, owner: VectifyAI, repo_name: PageIndex, name_zh: null} style= {animationDelay: 150ms}  ... > 
  at <HomeView onVnodeUnmounted=fn<onVnodeUnmounted> ref=Ref< Proxy(Object) > > 
  at <RouterView > 
  at <App> @ http://localhost:5173/node_modules/.vite/deps/vue.runtime.esm-bundler-CMLZRQMs.js?v=b93762a9:1752
[ 3715152ms] [WARNING] [Vue warn]: Component provided template option but runtime compilation is not supported in this build of Vue. Configure your bundler to alias "vue" to "vue/dist/vue.esm-bundler.js". 
  at <Anonymous size=14 > 
  at <RepoCard key=214 repo= {id: 214, full_name: AIDC-AI/Pixelle-Video, owner: AIDC-AI, repo_name: Pixelle-Video, name_zh: null} style= {animationDelay: 180ms}  ... > 
  at <HomeView onVnodeUnmounted=fn<onVnodeUnmounted> ref=Ref< Proxy(Object) > > 
  at <RouterView > 
  at <App> @ http://localhost:5173/node_modules/.vite/deps/vue.runtime.esm-bundler-CMLZRQMs.js?v=b93762a9:1752
[ 3715153ms] [WARNING] [Vue warn]: Component provided template option but runtime compilation is not supported in this build of Vue. Configure your bundler to alias "vue" to "vue/dist/vue.esm-bundler.js". 
  at <Anonymous size=14 > 
  at <RepoCard key=129 repo= {id: 129, full_name: LearningCircuit/local-deep-research, owner: LearningCircuit, repo_name: local-deep-research, name_zh: null} style= {animationDelay: 210ms}  ... > 
  at <HomeView onVnodeUnmounted=fn<onVnodeUnmounted> ref=Ref< Proxy(Object) > > 
  at <RouterView > 
  at <App> @ http://localhost:5173/node_modules/.vite/deps/vue.runtime.esm-bundler-CMLZRQMs.js?v=b93762a9:1752
[ 3715153ms] [WARNING] [Vue warn]: Component provided template option but runtime compilation is not supported in this build of Vue. Configure your bundler to alias "vue" to "vue/dist/vue.esm-bundler.js". 
  at <Anonymous size=14 > 
  at <RepoCard key=559 repo= {id: 559, full_name: virattt/dexter, owner: virattt, repo_name: dexter, name_zh: null} style= {animationDelay: 240ms}  ... > 
  at <HomeView onVnodeUnmounted=fn<onVnodeUnmounted> ref=Ref< Proxy(Object) > > 
  at <RouterView > 
  at <App> @ http://localhost:5173/node_modules/.vite/deps/vue.runtime.esm-bundler-CMLZRQMs.js?v=b93762a9:1752
[ 3715154ms] [WARNING] [Vue warn]: Component provided template option but runtime compilation is not supported in this build of Vue. Configure your bundler to alias "vue" to "vue/dist/vue.esm-bundler.js". 
  at <Anonymous size=14 > 
  at <RepoCard key=9 repo= {id: 9, full_name: NousResearch/hermes-agent, owner: NousResearch, repo_name: hermes-agent, name_zh: null} style= {animationDelay: 270ms}  ... > 
  at <HomeView onVnodeUnmounted=fn<onVnodeUnmounted> ref=Ref< Proxy(Object) > > 
  at <RouterView > 
  at <App> @ http://localhost:5173/node_modules/.vite/deps/vue.runtime.esm-bundler-CMLZRQMs.js?v=b93762a9:1752
[ 3715154ms] [WARNING] [Vue warn]: Component provided template option but runtime compilation is not supported in this build of Vue. Configure your bundler to alias "vue" to "vue/dist/vue.esm-bundler.js". 
  at <Anonymous size=14 > 
  at <RepoCard key=563 repo= {id: 563, full_name: 1jehuang/jcode, owner: 1jehuang, repo_name: jcode, name_zh: null} style= {animationDelay: 300ms}  ... > 
  at <HomeView onVnodeUnmounted=fn<onVnodeUnmounted> ref=Ref< Proxy(Object) > > 
  at <RouterView > 
  at <App> @ http://localhost:5173/node_modules/.vite/deps/vue.runtime.esm-bundler-CMLZRQMs.js?v=b93762a9:1752
[ 3715154ms] [WARNING] [Vue warn]: Component provided template option but runtime compilation is not supported in this build of Vue. Configure your bundler to alias "vue" to "vue/dist/vue.esm-bundler.js". 
  at <Anonymous size=14 > 
  at <RepoCard key=339 repo= {id: 339, full_name: cocoindex-io/cocoindex, owner: cocoindex-io, repo_name: cocoindex, name_zh: null} style= {animationDelay: 330ms}  ... > 
  at <HomeView onVnodeUnmounted=fn<onVnodeUnmounted> ref=Ref< Proxy(Object) > > 
  at <RouterView > 
  at <App> @ http://localhost:5173/node_modules/.vite/deps/vue.runtime.esm-bundler-CMLZRQMs.js?v=b93762a9:1752
[ 3715155ms] [WARNING] [Vue warn]: Component provided template option but runtime compilation is not supported in this build of Vue. Configure your bundler to alias "vue" to "vue/dist/vue.esm-bundler.js". 
  at <Anonymous size=14 > 
  at <RepoCard key=561 repo= {id: 561, full_name: InsForge/InsForge, owner: InsForge, repo_name: InsForge, name_zh: null} style= {animationDelay: 360ms}  ... > 
  at <HomeView onVnodeUnmounted=fn<onVnodeUnmounted> ref=Ref< Proxy(Object) > > 
  at <RouterView > 
  at <App> @ http://localhost:5173/node_modules/.vite/deps/vue.runtime.esm-bundler-CMLZRQMs.js?v=b93762a9:1752
[ 3715155ms] [WARNING] [Vue warn]: Component provided template option but runtime compilation is not supported in this build of Vue. Configure your bundler to alias "vue" to "vue/dist/vue.esm-bundler.js". 
  at <Anonymous size=14 > 
  at <RepoCard key=558 repo= {id: 558, full_name: bwya77/vscode-dark-islands, owner: bwya77, repo_name: vscode-dark-islands, name_zh: null} style= {animationDelay: 390ms}  ... > 
  at <HomeView onVnodeUnmounted=fn<onVnodeUnmounted> ref=Ref< Proxy(Object) > > 
  at <RouterView > 
  at <App> @ http://localhost:5173/node_modules/.vite/deps/vue.runtime.esm-bundler-CMLZRQMs.js?v=b93762a9:1752
[ 3715156ms] [WARNING] [Vue warn]: Component provided template option but runtime compilation is not supported in this build of Vue. Configure your bundler to alias "vue" to "vue/dist/vue.esm-bundler.js". 
  at <Anonymous size=14 > 
  at <RepoCard key=1 repo= {id: 1, full_name: bytedance/UI-TARS-desktop, owner: bytedance, repo_name: UI-TARS-desktop, name_zh: null} style= {animationDelay: 420ms}  ... > 
  at <HomeView onVnodeUnmounted=fn<onVnodeUnmounted> ref=Ref< Proxy(Object) > > 
  at <RouterView > 
  at <App> @ http://localhost:5173/node_modules/.vite/deps/vue.runtime.esm-bundler-CMLZRQMs.js?v=b93762a9:1752
[ 3715156ms] [WARNING] [Vue warn]: Component provided template option but runtime compilation is not supported in this build of Vue. Configure your bundler to alias "vue" to "vue/dist/vue.esm-bundler.js". 
  at <Anonymous size=14 > 
  at <RepoCard key=3 repo= {id: 3, full_name: decolua/9router, owner: decolua, repo_name: 9router, name_zh: null} style= {animationDelay: 450ms}  ... > 
  at <HomeView onVnodeUnmounted=fn<onVnodeUnmounted> ref=Ref< Proxy(Object) > > 
  at <RouterView > 
  at <App> @ http://localhost:5173/node_modules/.vite/deps/vue.runtime.esm-bundler-CMLZRQMs.js?v=b93762a9:1752
[ 3715157ms] [WARNING] [Vue warn]: Component provided template option but runtime compilation is not supported in this build of Vue. Configure your bundler to alias "vue" to "vue/dist/vue.esm-bundler.js". 
  at <Anonymous size=14 > 
  at <RepoCard key=556 repo= {id: 556, full_name: datawhalechina/easy-vibe, owner: datawhalechina, repo_name: easy-vibe, name_zh: null} style= {animationDelay: 480ms}  ... > 
  at <HomeView onVnodeUnmounted=fn<onVnodeUnmounted> ref=Ref< Proxy(Object) > > 
  at <RouterView > 
  at <App> @ http://localhost:5173/node_modules/.vite/deps/vue.runtime.esm-bundler-CMLZRQMs.js?v=b93762a9:1752
[ 3715157ms] [WARNING] [Vue warn]: Component provided template option but runtime compilation is not supported in this build of Vue. Configure your bundler to alias "vue" to "vue/dist/vue.esm-bundler.js". 
  at <Anonymous size=14 > 
  at <RepoCard key=562 repo= {id: 562, full_name: PriorLabs/TabPFN, owner: PriorLabs, repo_name: TabPFN, name_zh: null} style= {animationDelay: 510ms}  ... > 
  at <HomeView onVnodeUnmounted=fn<onVnodeUnmounted> ref=Ref< Proxy(Object) > > 
  at <RouterView > 
  at <App> @ http://localhost:5173/node_modules/.vite/deps/vue.runtime.esm-bundler-CMLZRQMs.js?v=b93762a9:1752
[ 3715157ms] [WARNING] [Vue warn]: Component provided template option but runtime compilation is not supported in this build of Vue. Configure your bundler to alias "vue" to "vue/dist/vue.esm-bundler.js". 
  at <Anonymous size=14 > 
  at <RepoCard key=10 repo= {id: 10, full_name: rohitg00/agentmemory, owner: rohitg00, repo_name: agentmemory, name_zh: null} style= {animationDelay: 540ms}  ... > 
  at <HomeView onVnodeUnmounted=fn<onVnodeUnmounted> ref=Ref< Proxy(Object) > > 
  at <RouterView > 
  at <App> @ http://localhost:5173/node_modules/.vite/deps/vue.runtime.esm-bundler-CMLZRQMs.js?v=b93762a9:1752
[ 3715158ms] [WARNING] [Vue warn]: Component provided template option but runtime compilation is not supported in this build of Vue. Configure your bundler to alias "vue" to "vue/dist/vue.esm-bundler.js". 
  at <Anonymous size=14 > 
  at <RepoCard key=2 repo= {id: 2, full_name: yikart/AiToEarn, owner: yikart, repo_name: AiToEarn, name_zh: null} style= {animationDelay: 570ms}  ... > 
  at <HomeView onVnodeUnmounted=fn<onVnodeUnmounted> ref=Ref< Proxy(Object) > > 
  at <RouterView > 
  at <App> @ http://localhost:5173/node_modules/.vite/deps/vue.runtime.esm-bundler-CMLZRQMs.js?v=b93762a9:1752
[ 3718518ms] [WARNING] [Vue warn]: Component provided template option but runtime compilation is not supported in this build of Vue. Configure your bundler to alias "vue" to "vue/dist/vue.esm-bundler.js". 
  at <Anonymous size=14 > 
  at <RepoCard key=5 repo= {id: 5, full_name: millionco/react-doctor, owner: millionco, repo_name: react-doctor, name_zh: null} style= {animationDelay: 570ms}  ... > 
  at <HomeView onVnodeUnmounted=fn<onVnodeUnmounted> ref=Ref< Proxy(Object) > > 
  at <RouterView > 
  at <App> @ http://localhost:5173/node_modules/.vite/deps/vue.runtime.esm-bundler-CMLZRQMs.js?v=b93762a9:1752
[ 3718518ms] [WARNING] [Vue warn]: Component provided template option but runtime compilation is not supported in this build of Vue. Configure your bundler to alias "vue" to "vue/dist/vue.esm-bundler.js". 
  at <Anonymous size=14 > 
  at <RepoCard key=6 repo= {id: 6, full_name: Lordog/dive-into-llms, owner: Lordog, repo_name: dive-into-llms, name_zh: null} style= {animationDelay: 210ms}  ... > 
  at <HomeView onVnodeUnmounted=fn<onVnodeUnmounted> ref=Ref< Proxy(Object) > > 
  at <RouterView > 
  at <App> @ http://localhost:5173/node_modules/.vite/deps/vue.runtime.esm-bundler-CMLZRQMs.js?v=b93762a9:1752
[ 3718519ms] [WARNING] [Vue warn]: Component provided template option but runtime compilation is not supported in this build of Vue. Configure your bundler to alias "vue" to "vue/dist/vue.esm-bundler.js". 
  at <Anonymous size=14 > 
  at <RepoCard key=8 repo= {id: 8, full_name: rasbt/LLMs-from-scratch, owner: rasbt, repo_name: LLMs-from-scratch, name_zh: null} style= {animationDelay: 60ms}  ... > 
  at <HomeView onVnodeUnmounted=fn<onVnodeUnmounted> ref=Ref< Proxy(Object) > > 
  at <RouterView > 
  at <App> @ http://localhost:5173/node_modules/.vite/deps/vue.runtime.esm-bundler-CMLZRQMs.js?v=b93762a9:1752
[ 3718520ms] [WARNING] [Vue warn]: Component provided template option but runtime compilation is not supported in this build of Vue. Configure your bundler to alias "vue" to "vue/dist/vue.esm-bundler.js". 
  at <Anonymous size=14 > 
  at <RepoCard key=7 repo= {id: 7, full_name: AUTOMATIC1111/stable-diffusion-webui, owner: AUTOMATIC1111, repo_name: stable-diffusion-webui, name_zh: null} style= {animationDelay: 0ms}  ... > 
  at <HomeView onVnodeUnmounted=fn<onVnodeUnmounted> ref=Ref< Proxy(Object) > > 
  at <RouterView > 
  at <App> @ http://localhost:5173/node_modules/.vite/deps/vue.runtime.esm-bundler-CMLZRQMs.js?v=b93762a9:1752
[ 3726353ms] [WARNING] [Vue warn]: Component provided template option but runtime compilation is not supported in this build of Vue. Configure your bundler to alias "vue" to "vue/dist/vue.esm-bundler.js". 
  at <Anonymous size=14 > 
  at <RepoCard key=563 repo= {id: 563, full_name: 1jehuang/jcode, owner: 1jehuang, repo_name: jcode, name_zh: null} style= {animationDelay: 570ms}  ... > 
  at <HomeView onVnodeUnmounted=fn<onVnodeUnmounted> ref=Ref< Proxy(Object) > > 
  at <RouterView > 
  at <App> @ http://localhost:5173/node_modules/.vite/deps/vue.runtime.esm-bundler-CMLZRQMs.js?v=b93762a9:1752
[ 3726353ms] [WARNING] [Vue warn]: Component provided template option but runtime compilation is not supported in this build of Vue. Configure your bundler to alias "vue" to "vue/dist/vue.esm-bundler.js". 
  at <Anonymous size=14 > 
  at <RepoCard key=562 repo= {id: 562, full_name: PriorLabs/TabPFN, owner: PriorLabs, repo_name: TabPFN, name_zh: null} style= {animationDelay: 540ms}  ... > 
  at <HomeView onVnodeUnmounted=fn<onVnodeUnmounted> ref=Ref< Proxy(Object) > > 
  at <RouterView > 
  at <App> @ http://localhost:5173/node_modules/.vite/deps/vue.runtime.esm-bundler-CMLZRQMs.js?v=b93762a9:1752
[ 3726354ms] [WARNING] [Vue warn]: Component provided template option but runtime compilation is not supported in this build of Vue. Configure your bundler to alias "vue" to "vue/dist/vue.esm-bundler.js". 
  at <Anonymous size=14 > 
  at <RepoCard key=129 repo= {id: 129, full_name: LearningCircuit/local-deep-research, owner: LearningCircuit, repo_name: local-deep-research, name_zh: null} style= {animationDelay: 180ms}  ... > 
  at <HomeView onVnodeUnmounted=fn<onVnodeUnmounted> ref=Ref< Proxy(Object) > > 
  at <RouterView > 
  at <App> @ http://localhost:5173/node_modules/.vite/deps/vue.runtime.esm-bundler-CMLZRQMs.js?v=b93762a9:1752
[ 3726355ms] [WARNING] [Vue warn]: Component provided template option but runtime compilation is not supported in this build of Vue. Configure your bundler to alias "vue" to "vue/dist/vue.esm-bundler.js". 
  at <Anonymous size=14 > 
  at <RepoCard key=10 repo= {id: 10, full_name: rohitg00/agentmemory, owner: rohitg00, repo_name: agentmemory, name_zh: null} style= {animationDelay: 30ms}  ... > 
  at <HomeView onVnodeUnmounted=fn<onVnodeUnmounted> ref=Ref< Proxy(Object) > > 
  at <RouterView > 
  at <App> @ http://localhost:5173/node_modules/.vite/deps/vue.runtime.esm-bundler-CMLZRQMs.js?v=b93762a9:1752
[ 3727214ms] [WARNING] [Vue warn]: Component provided template option but runtime compilation is not supported in this build of Vue. Configure your bundler to alias "vue" to "vue/dist/vue.esm-bundler.js". 
  at <Anonymous size=14 > 
  at <RepoCard key=558 repo= {id: 558, full_name: bwya77/vscode-dark-islands, owner: bwya77, repo_name: vscode-dark-islands, name_zh: null} style= {animationDelay: 510ms}  ... > 
  at <HomeView onVnodeUnmounted=fn<onVnodeUnmounted> ref=Ref< Proxy(Object) > > 
  at <RouterView > 
  at <App> @ http://localhost:5173/node_modules/.vite/deps/vue.runtime.esm-bundler-CMLZRQMs.js?v=b93762a9:1752
[ 3727215ms] [WARNING] [Vue warn]: Component provided template option but runtime compilation is not supported in this build of Vue. Configure your bundler to alias "vue" to "vue/dist/vue.esm-bundler.js". 
  at <Anonymous size=14 > 
  at <RepoCard key=2 repo= {id: 2, full_name: yikart/AiToEarn, owner: yikart, repo_name: AiToEarn, name_zh: null} style= {animationDelay: 390ms}  ... > 
  at <HomeView onVnodeUnmounted=fn<onVnodeUnmounted> ref=Ref< Proxy(Object) > > 
  at <RouterView > 
  at <App> @ http://localhost:5173/node_modules/.vite/deps/vue.runtime.esm-bundler-CMLZRQMs.js?v=b93762a9:1752
[ 3727216ms] [WARNING] [Vue warn]: Component provided template option but runtime compilation is not supported in this build of Vue. Configure your bundler to alias "vue" to "vue/dist/vue.esm-bundler.js". 
  at <Anonymous size=14 > 
  at <RepoCard key=214 repo= {id: 214, full_name: AIDC-AI/Pixelle-Video, owner: AIDC-AI, repo_name: Pixelle-Video, name_zh: null} style= {animationDelay: 360ms}  ... > 
  at <HomeView onVnodeUnmounted=fn<onVnodeUnmounted> ref=Ref< Proxy(Object) > > 
  at <RouterView > 
  at <App> @ http://localhost:5173/node_modules/.vite/deps/vue.runtime.esm-bundler-CMLZRQMs.js?v=b93762a9:1752
[ 3727216ms] [WARNING] [Vue warn]: Component provided template option but runtime compilation is not supported in this build of Vue. Configure your bundler to alias "vue" to "vue/dist/vue.esm-bundler.js". 
  at <Anonymous size=14 > 
  at <RepoCard key=564 repo= {id: 564, full_name: mattpocock/skills, owner: mattpocock, repo_name: skills, name_zh: null} style= {animationDelay: 120ms}  ... > 
  at <HomeView onVnodeUnmounted=fn<onVnodeUnmounted> ref=Ref< Proxy(Object) > > 
  at <RouterView > 
  at <App> @ http://localhost:5173/node_modules/.vite/deps/vue.runtime.esm-bundler-CMLZRQMs.js?v=b93762a9:1752
[ 3847178ms] [WARNING] [Vue warn]: Component provided template option but runtime compilation is not supported in this build of Vue. Configure your bundler to alias "vue" to "vue/dist/vue.esm-bundler.js". 
  at <Anonymous size=14 > 
  at <RepoCard key=164 repo= {id: 164, full_name: n8n-io/n8n, owner: n8n-io, repo_name: n8n, name_zh: null} style= {animationDelay: 0ms}  ... > 
  at <HomeView onVnodeUnmounted=fn<onVnodeUnmounted> ref=Ref< Proxy(Object) > > 
  at <RouterView > 
  at <App> @ http://localhost:5173/node_modules/.vite/deps/vue.runtime.esm-bundler-CMLZRQMs.js?v=b93762a9:1752
[ 3847178ms] [WARNING] [Vue warn]: Component provided template option but runtime compilation is not supported in this build of Vue. Configure your bundler to alias "vue" to "vue/dist/vue.esm-bundler.js". 
  at <Anonymous size=14 > 
  at <RepoCard key=555 repo= {id: 555, full_name: obra/superpowers, owner: obra, repo_name: superpowers, name_zh: null} style= {animationDelay: 30ms}  ... > 
  at <HomeView onVnodeUnmounted=fn<onVnodeUnmounted> ref=Ref< Proxy(Object) > > 
  at <RouterView > 
  at <App> @ http://localhost:5173/node_modules/.vite/deps/vue.runtime.esm-bundler-CMLZRQMs.js?v=b93762a9:1752
[ 3847179ms] [WARNING] [Vue warn]: Component provided template option but runtime compilation is not supported in this build of Vue. Configure your bundler to alias "vue" to "vue/dist/vue.esm-bundler.js". 
  at <Anonymous size=14 > 
  at <RepoCard key=12 repo= {id: 12, full_name: Significant-Gravitas/AutoGPT, owner: Significant-Gravitas, repo_name: AutoGPT, name_zh: null} style= {animationDelay: 60ms}  ... > 
  at <HomeView onVnodeUnmounted=fn<onVnodeUnmounted> ref=Ref< Proxy(Object) > > 
  at <RouterView > 
  at <App> @ http://localhost:5173/node_modules/.vite/deps/vue.runtime.esm-bundler-CMLZRQMs.js?v=b93762a9:1752
[ 3847179ms] [WARNING] [Vue warn]: Component provided template option but runtime compilation is not supported in this build of Vue. Configure your bundler to alias "vue" to "vue/dist/vue.esm-bundler.js". 
  at <Anonymous size=14 > 
  at <RepoCard key=13 repo= {id: 13, full_name: affaan-m/everything-claude-code, owner: affaan-m, repo_name: everything-claude-code, name_zh: null} style= {animationDelay: 90ms}  ... > 
  at <HomeView onVnodeUnmounted=fn<onVnodeUnmounted> ref=Ref< Proxy(Object) > > 
  at <RouterView > 
  at <App> @ http://localhost:5173/node_modules/.vite/deps/vue.runtime.esm-bundler-CMLZRQMs.js?v=b93762a9:1752
[ 3847180ms] [WARNING] [Vue warn]: Component provided template option but runtime compilation is not supported in this build of Vue. Configure your bundler to alias "vue" to "vue/dist/vue.esm-bundler.js". 
  at <Anonymous size=14 > 
  at <RepoCard key=14 repo= {id: 14, full_name: ollama/ollama, owner: ollama, repo_name: ollama, name_zh: null} style= {animationDelay: 120ms}  ... > 
  at <HomeView onVnodeUnmounted=fn<onVnodeUnmounted> ref=Ref< Proxy(Object) > > 
  at <RouterView > 
  at <App> @ http://localhost:5173/node_modules/.vite/deps/vue.runtime.esm-bundler-CMLZRQMs.js?v=b93762a9:1752
[ 3847180ms] [WARNING] [Vue warn]: Component provided template option but runtime compilation is not supported in this build of Vue. Configure your bundler to alias "vue" to "vue/dist/vue.esm-bundler.js". 
  at <Anonymous size=14 > 
  at <RepoCard key=7 repo= {id: 7, full_name: AUTOMATIC1111/stable-diffusion-webui, owner: AUTOMATIC1111, repo_name: stable-diffusion-webui, name_zh: null} style= {animationDelay: 150ms}  ... > 
  at <HomeView onVnodeUnmounted=fn<onVnodeUnmounted> ref=Ref< Proxy(Object) > > 
  at <RouterView > 
  at <App> @ http://localhost:5173/node_modules/.vite/deps/vue.runtime.esm-bundler-CMLZRQMs.js?v=b93762a9:1752
[ 3847180ms] [WARNING] [Vue warn]: Component provided template option but runtime compilation is not supported in this build of Vue. Configure your bundler to alias "vue" to "vue/dist/vue.esm-bundler.js". 
  at <Anonymous size=14 > 
  at <RepoCard key=15 repo= {id: 15, full_name: f/prompts.chat, owner: f, repo_name: prompts.chat, name_zh: null} style= {animationDelay: 180ms}  ... > 
  at <HomeView onVnodeUnmounted=fn<onVnodeUnmounted> ref=Ref< Proxy(Object) > > 
  at <RouterView > 
  at <App> @ http://localhost:5173/node_modules/.vite/deps/vue.runtime.esm-bundler-CMLZRQMs.js?v=b93762a9:1752
[ 3847181ms] [WARNING] [Vue warn]: Component provided template option but runtime compilation is not supported in this build of Vue. Configure your bundler to alias "vue" to "vue/dist/vue.esm-bundler.js". 
  at <Anonymous size=14 > 
  at <RepoCard key=16 repo= {id: 16, full_name: huggingface/transformers, owner: huggingface, repo_name: transformers, name_zh: null} style= {animationDelay: 210ms}  ... > 
  at <HomeView onVnodeUnmounted=fn<onVnodeUnmounted> ref=Ref< Proxy(Object) > > 
  at <RouterView > 
  at <App> @ http://localhost:5173/node_modules/.vite/deps/vue.runtime.esm-bundler-CMLZRQMs.js?v=b93762a9:1752
[ 3847181ms] [WARNING] [Vue warn]: Component provided template option but runtime compilation is not supported in this build of Vue. Configure your bundler to alias "vue" to "vue/dist/vue.esm-bundler.js". 
  at <Anonymous size=14 > 
  at <RepoCard key=165 repo= {id: 165, full_name: Snailclimb/JavaGuide, owner: Snailclimb, repo_name: JavaGuide, name_zh: null} style= {animationDelay: 240ms}  ... > 
  at <HomeView onVnodeUnmounted=fn<onVnodeUnmounted> ref=Ref< Proxy(Object) > > 
  at <RouterView > 
  at <App> @ http://localhost:5173/node_modules/.vite/deps/vue.runtime.esm-bundler-CMLZRQMs.js?v=b93762a9:1752
[ 3847181ms] [WARNING] [Vue warn]: Component provided template option but runtime compilation is not supported in this build of Vue. Configure your bundler to alias "vue" to "vue/dist/vue.esm-bundler.js". 
  at <Anonymous size=14 > 
  at <RepoCard key=62 repo= {id: 62, full_name: langflow-ai/langflow, owner: langflow-ai, repo_name: langflow, name_zh: null} style= {animationDelay: 270ms}  ... > 
  at <HomeView onVnodeUnmounted=fn<onVnodeUnmounted> ref=Ref< Proxy(Object) > > 
  at <RouterView > 
  at <App> @ http://localhost:5173/node_modules/.vite/deps/vue.runtime.esm-bundler-CMLZRQMs.js?v=b93762a9:1752
[ 3847182ms] [WARNING] [Vue warn]: Component provided template option but runtime compilation is not supported in this build of Vue. Configure your bundler to alias "vue" to "vue/dist/vue.esm-bundler.js". 
  at <Anonymous size=14 > 
  at <RepoCard key=9 repo= {id: 9, full_name: NousResearch/hermes-agent, owner: NousResearch, repo_name: hermes-agent, name_zh: null} style= {animationDelay: 300ms}  ... > 
  at <HomeView onVnodeUnmounted=fn<onVnodeUnmounted> ref=Ref< Proxy(Object) > > 
  at <RouterView > 
  at <App> @ http://localhost:5173/node_modules/.vite/deps/vue.runtime.esm-bundler-CMLZRQMs.js?v=b93762a9:1752
[ 3847183ms] [WARNING] [Vue warn]: Component provided template option but runtime compilation is not supported in this build of Vue. Configure your bundler to alias "vue" to "vue/dist/vue.esm-bundler.js". 
  at <Anonymous size=14 > 
  at <RepoCard key=17 repo= {id: 17, full_name: langgenius/dify, owner: langgenius, repo_name: dify, name_zh: null} style= {animationDelay: 330ms}  ... > 
  at <HomeView onVnodeUnmounted=fn<onVnodeUnmounted> ref=Ref< Proxy(Object) > > 
  at <RouterView > 
  at <App> @ http://localhost:5173/node_modules/.vite/deps/vue.runtime.esm-bundler-CMLZRQMs.js?v=b93762a9:1752
[ 3847183ms] [WARNING] [Vue warn]: Component provided template option but runtime compilation is not supported in this build of Vue. Configure your bundler to alias "vue" to "vue/dist/vue.esm-bundler.js". 
  at <Anonymous size=14 > 
  at <RepoCard key=18 repo= {id: 18, full_name: open-webui/open-webui, owner: open-webui, repo_name: open-webui, name_zh: null} style= {animationDelay: 360ms}  ... > 
  at <HomeView onVnodeUnmounted=fn<onVnodeUnmounted> ref=Ref< Proxy(Object) > > 
  at <RouterView > 
  at <App> @ http://localhost:5173/node_modules/.vite/deps/vue.runtime.esm-bundler-CMLZRQMs.js?v=b93762a9:1752
[ 3847184ms] [WARNING] [Vue warn]: Component provided template option but runtime compilation is not supported in this build of Vue. Configure your bundler to alias "vue" to "vue/dist/vue.esm-bundler.js". 
  at <Anonymous size=14 > 
  at <RepoCard key=72 repo= {id: 72, full_name: microsoft/markitdown, owner: microsoft, repo_name: markitdown, name_zh: null} style= {animationDelay: 390ms}  ... > 
  at <HomeView onVnodeUnmounted=fn<onVnodeUnmounted> ref=Ref< Proxy(Object) > > 
  at <RouterView > 
  at <App> @ http://localhost:5173/node_modules/.vite/deps/vue.runtime.esm-bundler-CMLZRQMs.js?v=b93762a9:1752
[ 3847184ms] [WARNING] [Vue warn]: Component provided template option but runtime compilation is not supported in this build of Vue. Configure your bundler to alias "vue" to "vue/dist/vue.esm-bundler.js". 
  at <Anonymous size=14 > 
  at <RepoCard key=20 repo= {id: 20, full_name: firecrawl/firecrawl, owner: firecrawl, repo_name: firecrawl, name_zh: null} style= {animationDelay: 420ms}  ... > 
  at <HomeView onVnodeUnmounted=fn<onVnodeUnmounted> ref=Ref< Proxy(Object) > > 
  at <RouterView > 
  at <App> @ http://localhost:5173/node_modules/.vite/deps/vue.runtime.esm-bundler-CMLZRQMs.js?v=b93762a9:1752
[ 3847184ms] [WARNING] [Vue warn]: Component provided template option but runtime compilation is not supported in this build of Vue. Configure your bundler to alias "vue" to "vue/dist/vue.esm-bundler.js". 
  at <Anonymous size=14 > 
  at <RepoCard key=195 repo= {id: 195, full_name: Comfy-Org/ComfyUI, owner: Comfy-Org, repo_name: ComfyUI, name_zh: null} style= {animationDelay: 450ms}  ... > 
  at <HomeView onVnodeUnmounted=fn<onVnodeUnmounted> ref=Ref< Proxy(Object) > > 
  at <RouterView > 
  at <App> @ http://localhost:5173/node_modules/.vite/deps/vue.runtime.esm-bundler-CMLZRQMs.js?v=b93762a9:1752
[ 3847185ms] [WARNING] [Vue warn]: Component provided template option but runtime compilation is not supported in this build of Vue. Configure your bundler to alias "vue" to "vue/dist/vue.esm-bundler.js". 
  at <Anonymous size=14 > 
  at <RepoCard key=50 repo= {id: 50, full_name: microsoft/generative-ai-for-beginners, owner: microsoft, repo_name: generative-ai-for-beginners, name_zh: null} style= {animationDelay: 480ms}  ... > 
  at <HomeView onVnodeUnmounted=fn<onVnodeUnmounted> ref=Ref< Proxy(Object) > > 
  at <RouterView > 
  at <App> @ http://localhost:5173/node_modules/.vite/deps/vue.runtime.esm-bundler-CMLZRQMs.js?v=b93762a9:1752
[ 3847186ms] [WARNING] [Vue warn]: Component provided template option but runtime compilation is not supported in this build of Vue. Configure your bundler to alias "vue" to "vue/dist/vue.esm-bundler.js". 
  at <Anonymous size=14 > 
  at <RepoCard key=104 repo= {id: 104, full_name: Shubhamsaboo/awesome-llm-apps, owner: Shubhamsaboo, repo_name: awesome-llm-apps, name_zh: null} style= {animationDelay: 510ms}  ... > 
  at <HomeView onVnodeUnmounted=fn<onVnodeUnmounted> ref=Ref< Proxy(Object) > > 
  at <RouterView > 
  at <App> @ http://localhost:5173/node_modules/.vite/deps/vue.runtime.esm-bundler-CMLZRQMs.js?v=b93762a9:1752
[ 3847186ms] [WARNING] [Vue warn]: Component provided template option but runtime compilation is not supported in this build of Vue. Configure your bundler to alias "vue" to "vue/dist/vue.esm-bundler.js". 
  at <Anonymous size=14 > 
  at <RepoCard key=21 repo= {id: 21, full_name: browser-use/browser-use, owner: browser-use, repo_name: browser-use, name_zh: null} style= {animationDelay: 540ms}  ... > 
  at <HomeView onVnodeUnmounted=fn<onVnodeUnmounted> ref=Ref< Proxy(Object) > > 
  at <RouterView > 
  at <App> @ http://localhost:5173/node_modules/.vite/deps/vue.runtime.esm-bundler-CMLZRQMs.js?v=b93762a9:1752
[ 3847187ms] [WARNING] [Vue warn]: Component provided template option but runtime compilation is not supported in this build of Vue. Configure your bundler to alias "vue" to "vue/dist/vue.esm-bundler.js". 
  at <Anonymous size=14 > 
  at <RepoCard key=8 repo= {id: 8, full_name: rasbt/LLMs-from-scratch, owner: rasbt, repo_name: LLMs-from-scratch, name_zh: null} style= {animationDelay: 570ms}  ... > 
  at <HomeView onVnodeUnmounted=fn<onVnodeUnmounted> ref=Ref< Proxy(Object) > > 
  at <RouterView > 
  at <App> @ http://localhost:5173/node_modules/.vite/deps/vue.runtime.esm-bundler-CMLZRQMs.js?v=b93762a9:1752
[ 3849066ms] [WARNING] [Vue warn]: Component provided template option but runtime compilation is not supported in this build of Vue. Configure your bundler to alias "vue" to "vue/dist/vue.esm-bundler.js". 
  at <Anonymous size=14 > 
  at <RepoCard key=337 repo= {id: 337, full_name: arc53/DocsGPT, owner: arc53, repo_name: DocsGPT, name_zh: null} style= {animationDelay: 570ms}  ... > 
  at <HomeView onVnodeUnmounted=fn<onVnodeUnmounted> ref=Ref< Proxy(Object) > > 
  at <RouterView > 
  at <App> @ http://localhost:5173/node_modules/.vite/deps/vue.runtime.esm-bundler-CMLZRQMs.js?v=b93762a9:1752
[ 3849066ms] [WARNING] [Vue warn]: Component provided template option but runtime compilation is not supported in this build of Vue. Configure your bundler to alias "vue" to "vue/dist/vue.esm-bundler.js". 
  at <Anonymous size=14 > 
  at <RepoCard key=528 repo= {id: 528, full_name: screenpipe/screenpipe, owner: screenpipe, repo_name: screenpipe, name_zh: null} style= {animationDelay: 540ms}  ... > 
  at <HomeView onVnodeUnmounted=fn<onVnodeUnmounted> ref=Ref< Proxy(Object) > > 
  at <RouterView > 
  at <App> @ http://localhost:5173/node_modules/.vite/deps/vue.runtime.esm-bundler-CMLZRQMs.js?v=b93762a9:1752
[ 3849067ms] [WARNING] [Vue warn]: Component provided template option but runtime compilation is not supported in this build of Vue. Configure your bundler to alias "vue" to "vue/dist/vue.esm-bundler.js". 
  at <Anonymous size=14 > 
  at <RepoCard key=387 repo= {id: 387, full_name: MaaAssistantArknights/MaaAssistantArknights, owner: MaaAssistantArknights, repo_name: MaaAssistantArknights, name_zh: null} style= {animationDelay: 510ms}  ... > 
  at <HomeView onVnodeUnmounted=fn<onVnodeUnmounted> ref=Ref< Proxy(Object) > > 
  at <RouterView > 
  at <App> @ http://localhost:5173/node_modules/.vite/deps/vue.runtime.esm-bundler-CMLZRQMs.js?v=b93762a9:1752
[ 3849067ms] [WARNING] [Vue warn]: Component provided template option but runtime compilation is not supported in this build of Vue. Configure your bundler to alias "vue" to "vue/dist/vue.esm-bundler.js". 
  at <Anonymous size=14 > 
  at <RepoCard key=526 repo= {id: 526, full_name: microsoft/unilm, owner: microsoft, repo_name: unilm, name_zh: null} style= {animationDelay: 480ms}  ... > 
  at <HomeView onVnodeUnmounted=fn<onVnodeUnmounted> ref=Ref< Proxy(Object) > > 
  at <RouterView > 
  at <App> @ http://localhost:5173/node_modules/.vite/deps/vue.runtime.esm-bundler-CMLZRQMs.js?v=b93762a9:1752
[ 3849068ms] [WARNING] [Vue warn]: Component provided template option but runtime compilation is not supported in this build of Vue. Configure your bundler to alias "vue" to "vue/dist/vue.esm-bundler.js". 
  at <Anonymous size=14 > 
  at <RepoCard key=525 repo= {id: 525, full_name: haotian-liu/LLaVA, owner: haotian-liu, repo_name: LLaVA, name_zh: null} style= {animationDelay: 450ms}  ... > 
  at <HomeView onVnodeUnmounted=fn<onVnodeUnmounted> ref=Ref< Proxy(Object) > > 
  at <RouterView > 
  at <App> @ http://localhost:5173/node_modules/.vite/deps/vue.runtime.esm-bundler-CMLZRQMs.js?v=b93762a9:1752
[ 3849068ms] [WARNING] [Vue warn]: Component provided template option but runtime compilation is not supported in this build of Vue. Configure your bundler to alias "vue" to "vue/dist/vue.esm-bundler.js". 
  at <Anonymous size=14 > 
  at <RepoCard key=197 repo= {id: 197, full_name: invoke-ai/InvokeAI, owner: invoke-ai, repo_name: InvokeAI, name_zh: null} style= {animationDelay: 420ms}  ... > 
  at <HomeView onVnodeUnmounted=fn<onVnodeUnmounted> ref=Ref< Proxy(Object) > > 
  at <RouterView > 
  at <App> @ http://localhost:5173/node_modules/.vite/deps/vue.runtime.esm-bundler-CMLZRQMs.js?v=b93762a9:1752
[ 3849068ms] [WARNING] [Vue warn]: Component provided template option but runtime compilation is not supported in this build of Vue. Configure your bundler to alias "vue" to "vue/dist/vue.esm-bundler.js". 
  at <Anonymous size=14 > 
  at <RepoCard key=418 repo= {id: 418, full_name: AtsushiSakai/PythonRobotics, owner: AtsushiSakai, repo_name: PythonRobotics, name_zh: null} style= {animationDelay: 390ms}  ... > 
  at <HomeView onVnodeUnmounted=fn<onVnodeUnmounted> ref=Ref< Proxy(Object) > > 
  at <RouterView > 
  at <App> @ http://localhost:5173/node_modules/.vite/deps/vue.runtime.esm-bundler-CMLZRQMs.js?v=b93762a9:1752
[ 3849069ms] [WARNING] [Vue warn]: Component provided template option but runtime compilation is not supported in this build of Vue. Configure your bundler to alias "vue" to "vue/dist/vue.esm-bundler.js". 
  at <Anonymous size=14 > 
  at <RepoCard key=489 repo= {id: 489, full_name: 1Panel-dev/1Panel, owner: 1Panel-dev, repo_name: 1Panel, name_zh: null} style= {animationDelay: 360ms}  ... > 
  at <HomeView onVnodeUnmounted=fn<onVnodeUnmounted> ref=Ref< Proxy(Object) > > 
  at <RouterView > 
  at <App> @ http://localhost:5173/node_modules/.vite/deps/vue.runtime.esm-bundler-CMLZRQMs.js?v=b93762a9:1752
[ 3849069ms] [WARNING] [Vue warn]: Component provided template option but runtime compilation is not supported in this build of Vue. Configure your bundler to alias "vue" to "vue/dist/vue.esm-bundler.js". 
  at <Anonymous size=14 > 
  at <RepoCard key=376 repo= {id: 376, full_name: roboflow/supervision, owner: roboflow, repo_name: supervision, name_zh: null} style= {animationDelay: 330ms}  ... > 
  at <HomeView onVnodeUnmounted=fn<onVnodeUnmounted> ref=Ref< Proxy(Object) > > 
  at <RouterView > 
  at <App> @ http://localhost:5173/node_modules/.vite/deps/vue.runtime.esm-bundler-CMLZRQMs.js?v=b93762a9:1752
[ 3849069ms] [WARNING] [Vue warn]: Component provided template option but runtime compilation is not supported in this build of Vue. Configure your bundler to alias "vue" to "vue/dist/vue.esm-bundler.js". 
  at <Anonymous size=14 > 
  at <RepoCard key=417 repo= {id: 417, full_name: NaiboWang/EasySpider, owner: NaiboWang, repo_name: EasySpider, name_zh: null} style= {animationDelay: 300ms}  ... > 
  at <HomeView onVnodeUnmounted=fn<onVnodeUnmounted> ref=Ref< Proxy(Object) > > 
  at <RouterView > 
  at <App> @ http://localhost:5173/node_modules/.vite/deps/vue.runtime.esm-bundler-CMLZRQMs.js?v=b93762a9:1752
[ 3849070ms] [WARNING] [Vue warn]: Component provided template option but runtime compilation is not supported in this build of Vue. Configure your bundler to alias "vue" to "vue/dist/vue.esm-bundler.js". 
  at <Anonymous size=14 > 
  at <RepoCard key=175 repo= {id: 175, full_name: aaif-goose/goose, owner: aaif-goose, repo_name: goose, name_zh: null} style= {animationDelay: 270ms}  ... > 
  at <HomeView onVnodeUnmounted=fn<onVnodeUnmounted> ref=Ref< Proxy(Object) > > 
  at <RouterView > 
  at <App> @ http://localhost:5173/node_modules/.vite/deps/vue.runtime.esm-bundler-CMLZRQMs.js?v=b93762a9:1752
[ 3849070ms] [WARNING] [Vue warn]: Component provided template option but runtime compilation is not supported in this build of Vue. Configure your bundler to alias "vue" to "vue/dist/vue.esm-bundler.js". 
  at <Anonymous size=14 > 
  at <RepoCard key=74 repo= {id: 74, full_name: FlowiseAI/Flowise, owner: FlowiseAI, repo_name: Flowise, name_zh: null} style= {animationDelay: 240ms}  ... > 
  at <HomeView onVnodeUnmounted=fn<onVnodeUnmounted> ref=Ref< Proxy(Object) > > 
  at <RouterView > 
  at <App> @ http://localhost:5173/node_modules/.vite/deps/vue.runtime.esm-bundler-CMLZRQMs.js?v=b93762a9:1752
[ 3849071ms] [WARNING] [Vue warn]: Component provided template option but runtime compilation is not supported in this build of Vue. Configure your bundler to alias "vue" to "vue/dist/vue.esm-bundler.js". 
  at <Anonymous size=14 > 
  at <RepoCard key=416 repo= {id: 416, full_name: commaai/openpilot, owner: commaai, repo_name: openpilot, name_zh: null} style= {animationDelay: 210ms}  ... > 
  at <HomeView onVnodeUnmounted=fn<onVnodeUnmounted> ref=Ref< Proxy(Object) > > 
  at <RouterView > 
  at <App> @ http://localhost:5173/node_modules/.vite/deps/vue.runtime.esm-bundler-CMLZRQMs.js?v=b93762a9:1752
[ 3849071ms] [WARNING] [Vue warn]: Component provided template option but runtime compilation is not supported in this build of Vue. Configure your bundler to alias "vue" to "vue/dist/vue.esm-bundler.js". 
  at <Anonymous size=14 > 
  at <RepoCard key=28 repo= {id: 28, full_name: bytedance/deer-flow, owner: bytedance, repo_name: deer-flow, name_zh: null} style= {animationDelay: 180ms}  ... > 
  at <HomeView onVnodeUnmounted=fn<onVnodeUnmounted> ref=Ref< Proxy(Object) > > 
  at <RouterView > 
  at <App> @ http://localhost:5173/node_modules/.vite/deps/vue.runtime.esm-bundler-CMLZRQMs.js?v=b93762a9:1752
[ 3849071ms] [WARNING] [Vue warn]: Component provided template option but runtime compilation is not supported in this build of Vue. Configure your bundler to alias "vue" to "vue/dist/vue.esm-bundler.js". 
  at <Anonymous size=14 > 
  at <RepoCard key=106 repo= {id: 106, full_name: PaddlePaddle/PaddleOCR, owner: PaddlePaddle, repo_name: PaddleOCR, name_zh: null} style= {animationDelay: 150ms}  ... > 
  at <HomeView onVnodeUnmounted=fn<onVnodeUnmounted> ref=Ref< Proxy(Object) > > 
  at <RouterView > 
  at <App> @ http://localhost:5173/node_modules/.vite/deps/vue.runtime.esm-bundler-CMLZRQMs.js?v=b93762a9:1752
[ 3849072ms] [WARNING] [Vue warn]: Component provided template option but runtime compilation is not supported in this build of Vue. Configure your bundler to alias "vue" to "vue/dist/vue.esm-bundler.js". 
  at <Anonymous size=14 > 
  at <RepoCard key=105 repo= {id: 105, full_name: infiniflow/ragflow, owner: infiniflow, repo_name: ragflow, name_zh: null} style= {animationDelay: 120ms}  ... > 
  at <HomeView onVnodeUnmounted=fn<onVnodeUnmounted> ref=Ref< Proxy(Object) > > 
  at <RouterView > 
  at <App> @ http://localhost:5173/node_modules/.vite/deps/vue.runtime.esm-bundler-CMLZRQMs.js?v=b93762a9:1752
[ 3849073ms] [WARNING] [Vue warn]: Component provided template option but runtime compilation is not supported in this build of Vue. Configure your bundler to alias "vue" to "vue/dist/vue.esm-bundler.js". 
  at <Anonymous size=14 > 
  at <RepoCard key=63 repo= {id: 63, full_name: ChatGPTNextWeb/NextChat, owner: ChatGPTNextWeb, repo_name: NextChat, name_zh: null} style= {animationDelay: 90ms}  ... > 
  at <HomeView onVnodeUnmounted=fn<onVnodeUnmounted> ref=Ref< Proxy(Object) > > 
  at <RouterView > 
  at <App> @ http://localhost:5173/node_modules/.vite/deps/vue.runtime.esm-bundler-CMLZRQMs.js?v=b93762a9:1752
[ 3850223ms] [WARNING] [Vue warn]: Component provided template option but runtime compilation is not supported in this build of Vue. Configure your bundler to alias "vue" to "vue/dist/vue.esm-bundler.js". 
  at <Anonymous size=14 > 
  at <RepoCard key=313 repo= {id: 313, full_name: langchain4j/langchain4j, owner: langchain4j, repo_name: langchain4j, name_zh: null} style= {animationDelay: 570ms}  ... > 
  at <HomeView onVnodeUnmounted=fn<onVnodeUnmounted> ref=Ref< Proxy(Object) > > 
  at <RouterView > 
  at <App> @ http://localhost:5173/node_modules/.vite/deps/vue.runtime.esm-bundler-CMLZRQMs.js?v=b93762a9:1752
[ 3850224ms] [WARNING] [Vue warn]: Component provided template option but runtime compilation is not supported in this build of Vue. Configure your bundler to alias "vue" to "vue/dist/vue.esm-bundler.js". 
  at <Anonymous size=14 > 
  at <RepoCard key=366 repo= {id: 366, full_name: k2-fsa/sherpa-onnx, owner: k2-fsa, repo_name: sherpa-onnx, name_zh: null} style= {animationDelay: 540ms}  ... > 
  at <HomeView onVnodeUnmounted=fn<onVnodeUnmounted> ref=Ref< Proxy(Object) > > 
  at <RouterView > 
  at <App> @ http://localhost:5173/node_modules/.vite/deps/vue.runtime.esm-bundler-CMLZRQMs.js?v=b93762a9:1752
[ 3850225ms] [WARNING] [Vue warn]: Component provided template option but runtime compilation is not supported in this build of Vue. Configure your bundler to alias "vue" to "vue/dist/vue.esm-bundler.js". 
  at <Anonymous size=14 > 
  at <RepoCard key=350 repo= {id: 350, full_name: PaddlePaddle/PaddleSpeech, owner: PaddlePaddle, repo_name: PaddleSpeech, name_zh: null} style= {animationDelay: 510ms}  ... > 
  at <HomeView onVnodeUnmounted=fn<onVnodeUnmounted> ref=Ref< Proxy(Object) > > 
  at <RouterView > 
  at <App> @ http://localhost:5173/node_modules/.vite/deps/vue.runtime.esm-bundler-CMLZRQMs.js?v=b93762a9:1752
[ 3850225ms] [WARNING] [Vue warn]: Component provided template option but runtime compilation is not supported in this build of Vue. Configure your bundler to alias "vue" to "vue/dist/vue.esm-bundler.js". 
  at <Anonymous size=14 > 
  at <RepoCard key=396 repo= {id: 396, full_name: jacobgil/pytorch-grad-cam, owner: jacobgil, repo_name: pytorch-grad-cam, name_zh: null} style= {animationDelay: 480ms}  ... > 
  at <HomeView onVnodeUnmounted=fn<onVnodeUnmounted> ref=Ref< Proxy(Object) > > 
  at <RouterView > 
  at <App> @ http://localhost:5173/node_modules/.vite/deps/vue.runtime.esm-bundler-CMLZRQMs.js?v=b93762a9:1752
[ 3850226ms] [WARNING] [Vue warn]: Component provided template option but runtime compilation is not supported in this build of Vue. Configure your bundler to alias "vue" to "vue/dist/vue.esm-bundler.js". 
  at <Anonymous size=14 > 
  at <RepoCard key=395 repo= {id: 395, full_name: PaddlePaddle/PaddleDetection, owner: PaddlePaddle, repo_name: PaddleDetection, name_zh: null} style= {animationDelay: 450ms}  ... > 
  at <HomeView onVnodeUnmounted=fn<onVnodeUnmounted> ref=Ref< Proxy(Object) > > 
  at <RouterView > 
  at <App> @ http://localhost:5173/node_modules/.vite/deps/vue.runtime.esm-bundler-CMLZRQMs.js?v=b93762a9:1752
[ 3850226ms] [WARNING] [Vue warn]: Component provided template option but runtime compilation is not supported in this build of Vue. Configure your bundler to alias "vue" to "vue/dist/vue.esm-bundler.js". 
  at <Anonymous size=14 > 
  at <RepoCard key=494 repo= {id: 494, full_name: GaiZhenbiao/ChuanhuChatGPT, owner: GaiZhenbiao, repo_name: ChuanhuChatGPT, name_zh: null} style= {animationDelay: 420ms}  ... > 
  at <HomeView onVnodeUnmounted=fn<onVnodeUnmounted> ref=Ref< Proxy(Object) > > 
  at <RouterView > 
  at <App> @ http://localhost:5173/node_modules/.vite/deps/vue.runtime.esm-bundler-CMLZRQMs.js?v=b93762a9:1752
[ 3850227ms] [WARNING] [Vue warn]: Component provided template option but runtime compilation is not supported in this build of Vue. Configure your bundler to alias "vue" to "vue/dist/vue.esm-bundler.js". 
  at <Anonymous size=14 > 
  at <RepoCard key=345 repo= {id: 345, full_name: modelscope/FunASR, owner: modelscope, repo_name: FunASR, name_zh: null} style= {animationDelay: 390ms}  ... > 
  at <HomeView onVnodeUnmounted=fn<onVnodeUnmounted> ref=Ref< Proxy(Object) > > 
  at <RouterView > 
  at <App> @ http://localhost:5173/node_modules/.vite/deps/vue.runtime.esm-bundler-CMLZRQMs.js?v=b93762a9:1752
[ 3852356ms] [WARNING] [Vue warn]: Component provided template option but runtime compilation is not supported in this build of Vue. Configure your bundler to alias "vue" to "vue/dist/vue.esm-bundler.js". 
  at <Anonymous size=14 > 
  at <RepoCard key=455 repo= {id: 455, full_name: wpeebles/gangealing, owner: wpeebles, repo_name: gangealing, name_zh: null} style= {animationDelay: 300ms}  ... > 
  at <HomeView onVnodeUnmounted=fn<onVnodeUnmounted> ref=Ref< Proxy(Object) > > 
  at <RouterView > 
  at <App> @ http://localhost:5173/node_modules/.vite/deps/vue.runtime.esm-bundler-CMLZRQMs.js?v=b93762a9:1752
[ 3852357ms] [WARNING] [Vue warn]: Component provided template option but runtime compilation is not supported in this build of Vue. Configure your bundler to alias "vue" to "vue/dist/vue.esm-bundler.js". 
  at <Anonymous size=14 > 
  at <RepoCard key=4 repo= {id: 4, full_name: tinyhumansai/openhuman, owner: tinyhumansai, repo_name: openhuman, name_zh: null} style= {animationDelay: 270ms}  ... > 
  at <HomeView onVnodeUnmounted=fn<onVnodeUnmounted> ref=Ref< Proxy(Object) > > 
  at <RouterView > 
  at <App> @ http://localhost:5173/node_modules/.vite/deps/vue.runtime.esm-bundler-CMLZRQMs.js?v=b93762a9:1752
[ 3852357ms] [WARNING] [Vue warn]: Component provided template option but runtime compilation is not supported in this build of Vue. Configure your bundler to alias "vue" to "vue/dist/vue.esm-bundler.js". 
  at <Anonymous size=14 > 
  at <RepoCard key=341 repo= {id: 341, full_name: superduper-io/superduper, owner: superduper-io, repo_name: superduper, name_zh: null} style= {animationDelay: 240ms}  ... > 
  at <HomeView onVnodeUnmounted=fn<onVnodeUnmounted> ref=Ref< Proxy(Object) > > 
  at <RouterView > 
  at <App> @ http://localhost:5173/node_modules/.vite/deps/vue.runtime.esm-bundler-CMLZRQMs.js?v=b93762a9:1752
[ 3852358ms] [WARNING] [Vue warn]: Component provided template option but runtime compilation is not supported in this build of Vue. Configure your bundler to alias "vue" to "vue/dist/vue.esm-bundler.js". 
  at <Anonymous size=14 > 
  at <RepoCard key=500 repo= {id: 500, full_name: LMCache/LMCache, owner: LMCache, repo_name: LMCache, name_zh: null} style= {animationDelay: 210ms}  ... > 
  at <HomeView onVnodeUnmounted=fn<onVnodeUnmounted> ref=Ref< Proxy(Object) > > 
  at <RouterView > 
  at <App> @ http://localhost:5173/node_modules/.vite/deps/vue.runtime.esm-bundler-CMLZRQMs.js?v=b93762a9:1752
[ 3859110ms] [WARNING] [Vue warn]: Component provided template option but runtime compilation is not supported in this build of Vue. Configure your bundler to alias "vue" to "vue/dist/vue.esm-bundler.js". 
  at <Anonymous size=14 > 
  at <RepoCard key=5 repo= {id: 5, full_name: millionco/react-doctor, owner: millionco, repo_name: react-doctor, name_zh: null} style= {animationDelay: 570ms}  ... > 
  at <HomeView onVnodeUnmounted=fn<onVnodeUnmounted> ref=Ref< Proxy(Object) > > 
  at <RouterView > 
  at <App> @ http://localhost:5173/node_modules/.vite/deps/vue.runtime.esm-bundler-CMLZRQMs.js?v=b93762a9:1752
[ 3859111ms] [WARNING] [Vue warn]: Component provided template option but runtime compilation is not supported in this build of Vue. Configure your bundler to alias "vue" to "vue/dist/vue.esm-bundler.js". 
  at <Anonymous size=14 > 
  at <RepoCard key=3 repo= {id: 3, full_name: decolua/9router, owner: decolua, repo_name: 9router, name_zh: null} style= {animationDelay: 540ms}  ... > 
  at <HomeView onVnodeUnmounted=fn<onVnodeUnmounted> ref=Ref< Proxy(Object) > > 
  at <RouterView > 
  at <App> @ http://localhost:5173/node_modules/.vite/deps/vue.runtime.esm-bundler-CMLZRQMs.js?v=b93762a9:1752
[ 3859112ms] [WARNING] [Vue warn]: Component provided template option but runtime compilation is not supported in this build of Vue. Configure your bundler to alias "vue" to "vue/dist/vue.esm-bundler.js". 
  at <Anonymous size=14 > 
  at <RepoCard key=558 repo= {id: 558, full_name: bwya77/vscode-dark-islands, owner: bwya77, repo_name: vscode-dark-islands, name_zh: null} style= {animationDelay: 510ms}  ... > 
  at <HomeView onVnodeUnmounted=fn<onVnodeUnmounted> ref=Ref< Proxy(Object) > > 
  at <RouterView > 
  at <App> @ http://localhost:5173/node_modules/.vite/deps/vue.runtime.esm-bundler-CMLZRQMs.js?v=b93762a9:1752
[ 3859113ms] [WARNING] [Vue warn]: Component provided template option but runtime compilation is not supported in this build of Vue. Configure your bundler to alias "vue" to "vue/dist/vue.esm-bundler.js". 
  at <Anonymous size=14 > 
  at <RepoCard key=561 repo= {id: 561, full_name: InsForge/InsForge, owner: InsForge, repo_name: InsForge, name_zh: null} style= {animationDelay: 480ms}  ... > 
  at <HomeView onVnodeUnmounted=fn<onVnodeUnmounted> ref=Ref< Proxy(Object) > > 
  at <RouterView > 
  at <App> @ http://localhost:5173/node_modules/.vite/deps/vue.runtime.esm-bundler-CMLZRQMs.js?v=b93762a9:1752
[ 3859113ms] [WARNING] [Vue warn]: Component provided template option but runtime compilation is not supported in this build of Vue. Configure your bundler to alias "vue" to "vue/dist/vue.esm-bundler.js". 
  at <Anonymous size=14 > 
  at <RepoCard key=339 repo= {id: 339, full_name: cocoindex-io/cocoindex, owner: cocoindex-io, repo_name: cocoindex, name_zh: null} style= {animationDelay: 450ms}  ... > 
  at <HomeView onVnodeUnmounted=fn<onVnodeUnmounted> ref=Ref< Proxy(Object) > > 
  at <RouterView > 
  at <App> @ http://localhost:5173/node_modules/.vite/deps/vue.runtime.esm-bundler-CMLZRQMs.js?v=b93762a9:1752
[ 3859114ms] [WARNING] [Vue warn]: Component provided template option but runtime compilation is not supported in this build of Vue. Configure your bundler to alias "vue" to "vue/dist/vue.esm-bundler.js". 
  at <Anonymous size=14 > 
  at <RepoCard key=556 repo= {id: 556, full_name: datawhalechina/easy-vibe, owner: datawhalechina, repo_name: easy-vibe, name_zh: null} style= {animationDelay: 420ms}  ... > 
  at <HomeView onVnodeUnmounted=fn<onVnodeUnmounted> ref=Ref< Proxy(Object) > > 
  at <RouterView > 
  at <App> @ http://localhost:5173/node_modules/.vite/deps/vue.runtime.esm-bundler-CMLZRQMs.js?v=b93762a9:1752
[ 3859115ms] [WARNING] [Vue warn]: Component provided template option but runtime compilation is not supported in this build of Vue. Configure your bundler to alias "vue" to "vue/dist/vue.esm-bundler.js". 
  at <Anonymous size=14 > 
  at <RepoCard key=2 repo= {id: 2, full_name: yikart/AiToEarn, owner: yikart, repo_name: AiToEarn, name_zh: null} style= {animationDelay: 390ms}  ... > 
  at <HomeView onVnodeUnmounted=fn<onVnodeUnmounted> ref=Ref< Proxy(Object) > > 
  at <RouterView > 
  at <App> @ http://localhost:5173/node_modules/.vite/deps/vue.runtime.esm-bundler-CMLZRQMs.js?v=b93762a9:1752
[ 3859115ms] [WARNING] [Vue warn]: Component provided template option but runtime compilation is not supported in this build of Vue. Configure your bundler to alias "vue" to "vue/dist/vue.esm-bundler.js". 
  at <Anonymous size=14 > 
  at <RepoCard key=214 repo= {id: 214, full_name: AIDC-AI/Pixelle-Video, owner: AIDC-AI, repo_name: Pixelle-Video, name_zh: null} style= {animationDelay: 360ms}  ... > 
  at <HomeView onVnodeUnmounted=fn<onVnodeUnmounted> ref=Ref< Proxy(Object) > > 
  at <RouterView > 
  at <App> @ http://localhost:5173/node_modules/.vite/deps/vue.runtime.esm-bundler-CMLZRQMs.js?v=b93762a9:1752
[ 3859116ms] [WARNING] [Vue warn]: Component provided template option but runtime compilation is not supported in this build of Vue. Configure your bundler to alias "vue" to "vue/dist/vue.esm-bundler.js". 
  at <Anonymous size=14 > 
  at <RepoCard key=559 repo= {id: 559, full_name: virattt/dexter, owner: virattt, repo_name: dexter, name_zh: null} style= {animationDelay: 330ms}  ... > 
  at <HomeView onVnodeUnmounted=fn<onVnodeUnmounted> ref=Ref< Proxy(Object) > > 
  at <RouterView > 
  at <App> @ http://localhost:5173/node_modules/.vite/deps/vue.runtime.esm-bundler-CMLZRQMs.js?v=b93762a9:1752
[ 3859116ms] [WARNING] [Vue warn]: Component provided template option but runtime compilation is not supported in this build of Vue. Configure your bundler to alias "vue" to "vue/dist/vue.esm-bundler.js". 
  at <Anonymous size=14 > 
  at <RepoCard key=557 repo= {id: 557, full_name: Hmbown/DeepSeek-TUI, owner: Hmbown, repo_name: DeepSeek-TUI, name_zh: null} style= {animationDelay: 300ms}  ... > 
  at <HomeView onVnodeUnmounted=fn<onVnodeUnmounted> ref=Ref< Proxy(Object) > > 
  at <RouterView > 
  at <App> @ http://localhost:5173/node_modules/.vite/deps/vue.runtime.esm-bundler-CMLZRQMs.js?v=b93762a9:1752
[ 3859117ms] [WARNING] [Vue warn]: Component provided template option but runtime compilation is not supported in this build of Vue. Configure your bundler to alias "vue" to "vue/dist/vue.esm-bundler.js". 
  at <Anonymous size=14 > 
  at <RepoCard key=117 repo= {id: 117, full_name: VectifyAI/PageIndex, owner: VectifyAI, repo_name: PageIndex, name_zh: null} style= {animationDelay: 270ms}  ... > 
  at <HomeView onVnodeUnmounted=fn<onVnodeUnmounted> ref=Ref< Proxy(Object) > > 
  at <RouterView > 
  at <App> @ http://localhost:5173/node_modules/.vite/deps/vue.runtime.esm-bundler-CMLZRQMs.js?v=b93762a9:1752
[ 3859118ms] [WARNING] [Vue warn]: Component provided template option but runtime compilation is not supported in this build of Vue. Configure your bundler to alias "vue" to "vue/dist/vue.esm-bundler.js". 
  at <Anonymous size=14 > 
  at <RepoCard key=1 repo= {id: 1, full_name: bytedance/UI-TARS-desktop, owner: bytedance, repo_name: UI-TARS-desktop, name_zh: null} style= {animationDelay: 240ms}  ... > 
  at <HomeView onVnodeUnmounted=fn<onVnodeUnmounted> ref=Ref< Proxy(Object) > > 
  at <RouterView > 
  at <App> @ http://localhost:5173/node_modules/.vite/deps/vue.runtime.esm-bundler-CMLZRQMs.js?v=b93762a9:1752
[ 3859118ms] [WARNING] [Vue warn]: Component provided template option but runtime compilation is not supported in this build of Vue. Configure your bundler to alias "vue" to "vue/dist/vue.esm-bundler.js". 
  at <Anonymous size=14 > 
  at <RepoCard key=6 repo= {id: 6, full_name: Lordog/dive-into-llms, owner: Lordog, repo_name: dive-into-llms, name_zh: null} style= {animationDelay: 210ms}  ... > 
  at <HomeView onVnodeUnmounted=fn<onVnodeUnmounted> ref=Ref< Proxy(Object) > > 
  at <RouterView > 
  at <App> @ http://localhost:5173/node_modules/.vite/deps/vue.runtime.esm-bundler-CMLZRQMs.js?v=b93762a9:1752
[ 3859119ms] [WARNING] [Vue warn]: Component provided template option but runtime compilation is not supported in this build of Vue. Configure your bundler to alias "vue" to "vue/dist/vue.esm-bundler.js". 
  at <Anonymous size=14 > 
  at <RepoCard key=560 repo= {id: 560, full_name: addyosmani/agent-skills, owner: addyosmani, repo_name: agent-skills, name_zh: null} style= {animationDelay: 180ms}  ... > 
  at <HomeView onVnodeUnmounted=fn<onVnodeUnmounted> ref=Ref< Proxy(Object) > > 
  at <RouterView > 
  at <App> @ http://localhost:5173/node_modules/.vite/deps/vue.runtime.esm-bundler-CMLZRQMs.js?v=b93762a9:1752
[ 3859119ms] [WARNING] [Vue warn]: Component provided template option but runtime compilation is not supported in this build of Vue. Configure your bundler to alias "vue" to "vue/dist/vue.esm-bundler.js". 
  at <Anonymous size=14 > 
  at <RepoCard key=132 repo= {id: 132, full_name: ruvnet/ruflo, owner: ruvnet, repo_name: ruflo, name_zh: null} style= {animationDelay: 150ms}  ... > 
  at <HomeView onVnodeUnmounted=fn<onVnodeUnmounted> ref=Ref< Proxy(Object) > > 
  at <RouterView > 
  at <App> @ http://localhost:5173/node_modules/.vite/deps/vue.runtime.esm-bundler-CMLZRQMs.js?v=b93762a9:1752
[ 3859120ms] [WARNING] [Vue warn]: Component provided template option but runtime compilation is not supported in this build of Vue. Configure your bundler to alias "vue" to "vue/dist/vue.esm-bundler.js". 
  at <Anonymous size=14 > 
  at <RepoCard key=564 repo= {id: 564, full_name: mattpocock/skills, owner: mattpocock, repo_name: skills, name_zh: null} style= {animationDelay: 120ms}  ... > 
  at <HomeView onVnodeUnmounted=fn<onVnodeUnmounted> ref=Ref< Proxy(Object) > > 
  at <RouterView > 
  at <App> @ http://localhost:5173/node_modules/.vite/deps/vue.runtime.esm-bundler-CMLZRQMs.js?v=b93762a9:1752
[ 3859121ms] [WARNING] [Vue warn]: Component provided template option but runtime compilation is not supported in this build of Vue. Configure your bundler to alias "vue" to "vue/dist/vue.esm-bundler.js". 
  at <Anonymous size=14 > 
  at <RepoCard key=24 repo= {id: 24, full_name: TauricResearch/TradingAgents, owner: TauricResearch, repo_name: TradingAgents, name_zh: null} style= {animationDelay: 90ms}  ... > 
  at <HomeView onVnodeUnmounted=fn<onVnodeUnmounted> ref=Ref< Proxy(Object) > > 
  at <RouterView > 
  at <App> @ http://localhost:5173/node_modules/.vite/deps/vue.runtime.esm-bundler-CMLZRQMs.js?v=b93762a9:1752
[ 3859121ms] [WARNING] [Vue warn]: Component provided template option but runtime compilation is not supported in this build of Vue. Configure your bundler to alias "vue" to "vue/dist/vue.esm-bundler.js". 
  at <Anonymous size=14 > 
  at <RepoCard key=8 repo= {id: 8, full_name: rasbt/LLMs-from-scratch, owner: rasbt, repo_name: LLMs-from-scratch, name_zh: null} style= {animationDelay: 60ms}  ... > 
  at <HomeView onVnodeUnmounted=fn<onVnodeUnmounted> ref=Ref< Proxy(Object) > > 
  at <RouterView > 
  at <App> @ http://localhost:5173/node_modules/.vite/deps/vue.runtime.esm-bundler-CMLZRQMs.js?v=b93762a9:1752
[ 3859122ms] [WARNING] [Vue warn]: Component provided template option but runtime compilation is not supported in this build of Vue. Configure your bundler to alias "vue" to "vue/dist/vue.esm-bundler.js". 
  at <Anonymous size=14 > 
  at <RepoCard key=9 repo= {id: 9, full_name: NousResearch/hermes-agent, owner: NousResearch, repo_name: hermes-agent, name_zh: null} style= {animationDelay: 30ms}  ... > 
  at <HomeView onVnodeUnmounted=fn<onVnodeUnmounted> ref=Ref< Proxy(Object) > > 
  at <RouterView > 
  at <App> @ http://localhost:5173/node_modules/.vite/deps/vue.runtime.esm-bundler-CMLZRQMs.js?v=b93762a9:1752
[ 3859122ms] [WARNING] [Vue warn]: Component provided template option but runtime compilation is not supported in this build of Vue. Configure your bundler to alias "vue" to "vue/dist/vue.esm-bundler.js". 
  at <Anonymous size=14 > 
  at <RepoCard key=7 repo= {id: 7, full_name: AUTOMATIC1111/stable-diffusion-webui, owner: AUTOMATIC1111, repo_name: stable-diffusion-webui, name_zh: null} style= {animationDelay: 0ms}  ... > 
  at <HomeView onVnodeUnmounted=fn<onVnodeUnmounted> ref=Ref< Proxy(Object) > > 
  at <RouterView > 
  at <App> @ http://localhost:5173/node_modules/.vite/deps/vue.runtime.esm-bundler-CMLZRQMs.js?v=b93762a9:1752
[ 3877315ms] [WARNING] [Vue warn]: Component provided template option but runtime compilation is not supported in this build of Vue. Configure your bundler to alias "vue" to "vue/dist/vue.esm-bundler.js". 
  at <Anonymous size=14 > 
  at <RepoCard key=10 repo= {id: 10, full_name: rohitg00/agentmemory, owner: rohitg00, repo_name: agentmemory, name_zh: null} style= {animationDelay: 540ms}  ... > 
  at <HomeView onVnodeUnmounted=fn<onVnodeUnmounted> ref=Ref< Proxy(Object) > > 
  at <RouterView > 
  at <App> @ http://localhost:5173/node_modules/.vite/deps/vue.runtime.esm-bundler-CMLZRQMs.js?v=b93762a9:1752
[ 3877316ms] [WARNING] [Vue warn]: Component provided template option but runtime compilation is not supported in this build of Vue. Configure your bundler to alias "vue" to "vue/dist/vue.esm-bundler.js". 
  at <Anonymous size=14 > 
  at <RepoCard key=562 repo= {id: 562, full_name: PriorLabs/TabPFN, owner: PriorLabs, repo_name: TabPFN, name_zh: null} style= {animationDelay: 510ms}  ... > 
  at <HomeView onVnodeUnmounted=fn<onVnodeUnmounted> ref=Ref< Proxy(Object) > > 
  at <RouterView > 
  at <App> @ http://localhost:5173/node_modules/.vite/deps/vue.runtime.esm-bundler-CMLZRQMs.js?v=b93762a9:1752
[ 3877317ms] [WARNING] [Vue warn]: Component provided template option but runtime compilation is not supported in this build of Vue. Configure your bundler to alias "vue" to "vue/dist/vue.esm-bundler.js". 
  at <Anonymous size=14 > 
  at <RepoCard key=563 repo= {id: 563, full_name: 1jehuang/jcode, owner: 1jehuang, repo_name: jcode, name_zh: null} style= {animationDelay: 300ms}  ... > 
  at <HomeView onVnodeUnmounted=fn<onVnodeUnmounted> ref=Ref< Proxy(Object) > > 
  at <RouterView > 
  at <App> @ http://localhost:5173/node_modules/.vite/deps/vue.runtime.esm-bundler-CMLZRQMs.js?v=b93762a9:1752
[ 3877317ms] [WARNING] [Vue warn]: Component provided template option but runtime compilation is not supported in this build of Vue. Configure your bundler to alias "vue" to "vue/dist/vue.esm-bundler.js". 
  at <Anonymous size=14 > 
  at <RepoCard key=129 repo= {id: 129, full_name: LearningCircuit/local-deep-research, owner: LearningCircuit, repo_name: local-deep-research, name_zh: null} style= {animationDelay: 210ms}  ... > 
  at <HomeView onVnodeUnmounted=fn<onVnodeUnmounted> ref=Ref< Proxy(Object) > > 
  at <RouterView > 
  at <App> @ http://localhost:5173/node_modules/.vite/deps/vue.runtime.esm-bundler-CMLZRQMs.js?v=b93762a9:1752
[ 3878156ms] [WARNING] [Vue warn]: Component provided template option but runtime compilation is not supported in this build of Vue. Configure your bundler to alias "vue" to "vue/dist/vue.esm-bundler.js". 
  at <Anonymous size=14 > 
  at <RepoCard key=21 repo= {id: 21, full_name: browser-use/browser-use, owner: browser-use, repo_name: browser-use, name_zh: null} style= {animationDelay: 570ms}  ... > 
  at <HomeView onVnodeUnmounted=fn<onVnodeUnmounted> ref=Ref< Proxy(Object) > > 
  at <RouterView > 
  at <App> @ http://localhost:5173/node_modules/.vite/deps/vue.runtime.esm-bundler-CMLZRQMs.js?v=b93762a9:1752
[ 3878156ms] [WARNING] [Vue warn]: Component provided template option but runtime compilation is not supported in this build of Vue. Configure your bundler to alias "vue" to "vue/dist/vue.esm-bundler.js". 
  at <Anonymous size=14 > 
  at <RepoCard key=104 repo= {id: 104, full_name: Shubhamsaboo/awesome-llm-apps, owner: Shubhamsaboo, repo_name: awesome-llm-apps, name_zh: null} style= {animationDelay: 540ms}  ... > 
  at <HomeView onVnodeUnmounted=fn<onVnodeUnmounted> ref=Ref< Proxy(Object) > > 
  at <RouterView > 
  at <App> @ http://localhost:5173/node_modules/.vite/deps/vue.runtime.esm-bundler-CMLZRQMs.js?v=b93762a9:1752
[ 3878157ms] [WARNING] [Vue warn]: Component provided template option but runtime compilation is not supported in this build of Vue. Configure your bundler to alias "vue" to "vue/dist/vue.esm-bundler.js". 
  at <Anonymous size=14 > 
  at <RepoCard key=50 repo= {id: 50, full_name: microsoft/generative-ai-for-beginners, owner: microsoft, repo_name: generative-ai-for-beginners, name_zh: null} style= {animationDelay: 510ms}  ... > 
  at <HomeView onVnodeUnmounted=fn<onVnodeUnmounted> ref=Ref< Proxy(Object) > > 
  at <RouterView > 
  at <App> @ http://localhost:5173/node_modules/.vite/deps/vue.runtime.esm-bundler-CMLZRQMs.js?v=b93762a9:1752
[ 3878157ms] [WARNING] [Vue warn]: Component provided template option but runtime compilation is not supported in this build of Vue. Configure your bundler to alias "vue" to "vue/dist/vue.esm-bundler.js". 
  at <Anonymous size=14 > 
  at <RepoCard key=195 repo= {id: 195, full_name: Comfy-Org/ComfyUI, owner: Comfy-Org, repo_name: ComfyUI, name_zh: null} style= {animationDelay: 480ms}  ... > 
  at <HomeView onVnodeUnmounted=fn<onVnodeUnmounted> ref=Ref< Proxy(Object) > > 
  at <RouterView > 
  at <App> @ http://localhost:5173/node_modules/.vite/deps/vue.runtime.esm-bundler-CMLZRQMs.js?v=b93762a9:1752
[ 3878158ms] [WARNING] [Vue warn]: Component provided template option but runtime compilation is not supported in this build of Vue. Configure your bundler to alias "vue" to "vue/dist/vue.esm-bundler.js". 
  at <Anonymous size=14 > 
  at <RepoCard key=20 repo= {id: 20, full_name: firecrawl/firecrawl, owner: firecrawl, repo_name: firecrawl, name_zh: null} style= {animationDelay: 450ms}  ... > 
  at <HomeView onVnodeUnmounted=fn<onVnodeUnmounted> ref=Ref< Proxy(Object) > > 
  at <RouterView > 
  at <App> @ http://localhost:5173/node_modules/.vite/deps/vue.runtime.esm-bundler-CMLZRQMs.js?v=b93762a9:1752
[ 3878158ms] [WARNING] [Vue warn]: Component provided template option but runtime compilation is not supported in this build of Vue. Configure your bundler to alias "vue" to "vue/dist/vue.esm-bundler.js". 
  at <Anonymous size=14 > 
  at <RepoCard key=72 repo= {id: 72, full_name: microsoft/markitdown, owner: microsoft, repo_name: markitdown, name_zh: null} style= {animationDelay: 420ms}  ... > 
  at <HomeView onVnodeUnmounted=fn<onVnodeUnmounted> ref=Ref< Proxy(Object) > > 
  at <RouterView > 
  at <App> @ http://localhost:5173/node_modules/.vite/deps/vue.runtime.esm-bundler-CMLZRQMs.js?v=b93762a9:1752
[ 3878158ms] [WARNING] [Vue warn]: Component provided template option but runtime compilation is not supported in this build of Vue. Configure your bundler to alias "vue" to "vue/dist/vue.esm-bundler.js". 
  at <Anonymous size=14 > 
  at <RepoCard key=19 repo= {id: 19, full_name: langchain-ai/langchain, owner: langchain-ai, repo_name: langchain, name_zh: null} style= {animationDelay: 390ms}  ... > 
  at <HomeView onVnodeUnmounted=fn<onVnodeUnmounted> ref=Ref< Proxy(Object) > > 
  at <RouterView > 
  at <App> @ http://localhost:5173/node_modules/.vite/deps/vue.runtime.esm-bundler-CMLZRQMs.js?v=b93762a9:1752
[ 3878159ms] [WARNING] [Vue warn]: Component provided template option but runtime compilation is not supported in this build of Vue. Configure your bundler to alias "vue" to "vue/dist/vue.esm-bundler.js". 
  at <Anonymous size=14 > 
  at <RepoCard key=18 repo= {id: 18, full_name: open-webui/open-webui, owner: open-webui, repo_name: open-webui, name_zh: null} style= {animationDelay: 360ms}  ... > 
  at <HomeView onVnodeUnmounted=fn<onVnodeUnmounted> ref=Ref< Proxy(Object) > > 
  at <RouterView > 
  at <App> @ http://localhost:5173/node_modules/.vite/deps/vue.runtime.esm-bundler-CMLZRQMs.js?v=b93762a9:1752
[ 3878159ms] [WARNING] [Vue warn]: Component provided template option but runtime compilation is not supported in this build of Vue. Configure your bundler to alias "vue" to "vue/dist/vue.esm-bundler.js". 
  at <Anonymous size=14 > 
  at <RepoCard key=17 repo= {id: 17, full_name: langgenius/dify, owner: langgenius, repo_name: dify, name_zh: null} style= {animationDelay: 330ms}  ... > 
  at <HomeView onVnodeUnmounted=fn<onVnodeUnmounted> ref=Ref< Proxy(Object) > > 
  at <RouterView > 
  at <App> @ http://localhost:5173/node_modules/.vite/deps/vue.runtime.esm-bundler-CMLZRQMs.js?v=b93762a9:1752
[ 3878160ms] [WARNING] [Vue warn]: Component provided template option but runtime compilation is not supported in this build of Vue. Configure your bundler to alias "vue" to "vue/dist/vue.esm-bundler.js". 
  at <Anonymous size=14 > 
  at <RepoCard key=62 repo= {id: 62, full_name: langflow-ai/langflow, owner: langflow-ai, repo_name: langflow, name_zh: null} style= {animationDelay: 270ms}  ... > 
  at <HomeView onVnodeUnmounted=fn<onVnodeUnmounted> ref=Ref< Proxy(Object) > > 
  at <RouterView > 
  at <App> @ http://localhost:5173/node_modules/.vite/deps/vue.runtime.esm-bundler-CMLZRQMs.js?v=b93762a9:1752
[ 3878160ms] [WARNING] [Vue warn]: Component provided template option but runtime compilation is not supported in this build of Vue. Configure your bundler to alias "vue" to "vue/dist/vue.esm-bundler.js". 
  at <Anonymous size=14 > 
  at <RepoCard key=165 repo= {id: 165, full_name: Snailclimb/JavaGuide, owner: Snailclimb, repo_name: JavaGuide, name_zh: null} style= {animationDelay: 240ms}  ... > 
  at <HomeView onVnodeUnmounted=fn<onVnodeUnmounted> ref=Ref< Proxy(Object) > > 
  at <RouterView > 
  at <App> @ http://localhost:5173/node_modules/.vite/deps/vue.runtime.esm-bundler-CMLZRQMs.js?v=b93762a9:1752
[ 3878161ms] [WARNING] [Vue warn]: Component provided template option but runtime compilation is not supported in this build of Vue. Configure your bundler to alias "vue" to "vue/dist/vue.esm-bundler.js". 
  at <Anonymous size=14 > 
  at <RepoCard key=16 repo= {id: 16, full_name: huggingface/transformers, owner: huggingface, repo_name: transformers, name_zh: null} style= {animationDelay: 210ms}  ... > 
  at <HomeView onVnodeUnmounted=fn<onVnodeUnmounted> ref=Ref< Proxy(Object) > > 
  at <RouterView > 
  at <App> @ http://localhost:5173/node_modules/.vite/deps/vue.runtime.esm-bundler-CMLZRQMs.js?v=b93762a9:1752
[ 3878161ms] [WARNING] [Vue warn]: Component provided template option but runtime compilation is not supported in this build of Vue. Configure your bundler to alias "vue" to "vue/dist/vue.esm-bundler.js". 
  at <Anonymous size=14 > 
  at <RepoCard key=15 repo= {id: 15, full_name: f/prompts.chat, owner: f, repo_name: prompts.chat, name_zh: null} style= {animationDelay: 180ms}  ... > 
  at <HomeView onVnodeUnmounted=fn<onVnodeUnmounted> ref=Ref< Proxy(Object) > > 
  at <RouterView > 
  at <App> @ http://localhost:5173/node_modules/.vite/deps/vue.runtime.esm-bundler-CMLZRQMs.js?v=b93762a9:1752
[ 3878162ms] [WARNING] [Vue warn]: Component provided template option but runtime compilation is not supported in this build of Vue. Configure your bundler to alias "vue" to "vue/dist/vue.esm-bundler.js". 
  at <Anonymous size=14 > 
  at <RepoCard key=7 repo= {id: 7, full_name: AUTOMATIC1111/stable-diffusion-webui, owner: AUTOMATIC1111, repo_name: stable-diffusion-webui, name_zh: null} style= {animationDelay: 150ms}  ... > 
  at <HomeView onVnodeUnmounted=fn<onVnodeUnmounted> ref=Ref< Proxy(Object) > > 
  at <RouterView > 
  at <App> @ http://localhost:5173/node_modules/.vite/deps/vue.runtime.esm-bundler-CMLZRQMs.js?v=b93762a9:1752
[ 3878162ms] [WARNING] [Vue warn]: Component provided template option but runtime compilation is not supported in this build of Vue. Configure your bundler to alias "vue" to "vue/dist/vue.esm-bundler.js". 
  at <Anonymous size=14 > 
  at <RepoCard key=14 repo= {id: 14, full_name: ollama/ollama, owner: ollama, repo_name: ollama, name_zh: null} style= {animationDelay: 120ms}  ... > 
  at <HomeView onVnodeUnmounted=fn<onVnodeUnmounted> ref=Ref< Proxy(Object) > > 
  at <RouterView > 
  at <App> @ http://localhost:5173/node_modules/.vite/deps/vue.runtime.esm-bundler-CMLZRQMs.js?v=b93762a9:1752
[ 3878162ms] [WARNING] [Vue warn]: Component provided template option but runtime compilation is not supported in this build of Vue. Configure your bundler to alias "vue" to "vue/dist/vue.esm-bundler.js". 
  at <Anonymous size=14 > 
  at <RepoCard key=13 repo= {id: 13, full_name: affaan-m/everything-claude-code, owner: affaan-m, repo_name: everything-claude-code, name_zh: null} style= {animationDelay: 90ms}  ... > 
  at <HomeView onVnodeUnmounted=fn<onVnodeUnmounted> ref=Ref< Proxy(Object) > > 
  at <RouterView > 
  at <App> @ http://localhost:5173/node_modules/.vite/deps/vue.runtime.esm-bundler-CMLZRQMs.js?v=b93762a9:1752
[ 3878163ms] [WARNING] [Vue warn]: Component provided template option but runtime compilation is not supported in this build of Vue. Configure your bundler to alias "vue" to "vue/dist/vue.esm-bundler.js". 
  at <Anonymous size=14 > 
  at <RepoCard key=12 repo= {id: 12, full_name: Significant-Gravitas/AutoGPT, owner: Significant-Gravitas, repo_name: AutoGPT, name_zh: null} style= {animationDelay: 60ms}  ... > 
  at <HomeView onVnodeUnmounted=fn<onVnodeUnmounted> ref=Ref< Proxy(Object) > > 
  at <RouterView > 
  at <App> @ http://localhost:5173/node_modules/.vite/deps/vue.runtime.esm-bundler-CMLZRQMs.js?v=b93762a9:1752
[ 3878163ms] [WARNING] [Vue warn]: Component provided template option but runtime compilation is not supported in this build of Vue. Configure your bundler to alias "vue" to "vue/dist/vue.esm-bundler.js". 
  at <Anonymous size=14 > 
  at <RepoCard key=555 repo= {id: 555, full_name: obra/superpowers, owner: obra, repo_name: superpowers, name_zh: null} style= {animationDelay: 30ms}  ... > 
  at <HomeView onVnodeUnmounted=fn<onVnodeUnmounted> ref=Ref< Proxy(Object) > > 
  at <RouterView > 
  at <App> @ http://localhost:5173/node_modules/.vite/deps/vue.runtime.esm-bundler-CMLZRQMs.js?v=b93762a9:1752
[ 3878163ms] [WARNING] [Vue warn]: Component provided template option but runtime compilation is not supported in this build of Vue. Configure your bundler to alias "vue" to "vue/dist/vue.esm-bundler.js". 
  at <Anonymous size=14 > 
  at <RepoCard key=164 repo= {id: 164, full_name: n8n-io/n8n, owner: n8n-io, repo_name: n8n, name_zh: null} style= {animationDelay: 0ms}  ... > 
  at <HomeView onVnodeUnmounted=fn<onVnodeUnmounted> ref=Ref< Proxy(Object) > > 
  at <RouterView > 
  at <App> @ http://localhost:5173/node_modules/.vite/deps/vue.runtime.esm-bundler-CMLZRQMs.js?v=b93762a9:1752
[ 3880125ms] [LOG] 🍍 "app" store installed 🆕 @ http://localhost:5173/node_modules/.vite/deps/pinia.js?v=01275b44:3788
[ 3880332ms] [WARNING] [Vue warn]: Component provided template option but runtime compilation is not supported in this build of Vue. Configure your bundler to alias "vue" to "vue/dist/vue.esm-bundler.js". 
  at <Anonymous size=14 > 
  at <RepoCard key=557 repo= {id: 557, full_name: Hmbown/DeepSeek-TUI, owner: Hmbown, repo_name: DeepSeek-TUI, name_zh: null} style= {animationDelay: 0ms}  ... > 
  at <HomeView onVnodeUnmounted=fn<onVnodeUnmounted> ref=Ref< Proxy(Object) > > 
  at <RouterView > 
  at <App> @ http://localhost:5173/node_modules/.vite/deps/vue.runtime.esm-bundler-CMLZRQMs.js?v=b93762a9:1752
[ 3880333ms] [WARNING] [Vue warn]: Component provided template option but runtime compilation is not supported in this build of Vue. Configure your bundler to alias "vue" to "vue/dist/vue.esm-bundler.js". 
  at <Anonymous size=14 > 
  at <RepoCard key=564 repo= {id: 564, full_name: mattpocock/skills, owner: mattpocock, repo_name: skills, name_zh: null} style= {animationDelay: 30ms}  ... > 
  at <HomeView onVnodeUnmounted=fn<onVnodeUnmounted> ref=Ref< Proxy(Object) > > 
  at <RouterView > 
  at <App> @ http://localhost:5173/node_modules/.vite/deps/vue.runtime.esm-bundler-CMLZRQMs.js?v=b93762a9:1752
[ 3880334ms] [WARNING] [Vue warn]: Component provided template option but runtime compilation is not supported in this build of Vue. Configure your bundler to alias "vue" to "vue/dist/vue.esm-bundler.js". 
  at <Anonymous size=14 > 
  at <RepoCard key=560 repo= {id: 560, full_name: addyosmani/agent-skills, owner: addyosmani, repo_name: agent-skills, name_zh: null} style= {animationDelay: 60ms}  ... > 
  at <HomeView onVnodeUnmounted=fn<onVnodeUnmounted> ref=Ref< Proxy(Object) > > 
  at <RouterView > 
  at <App> @ http://localhost:5173/node_modules/.vite/deps/vue.runtime.esm-bundler-CMLZRQMs.js?v=b93762a9:1752
[ 3880334ms] [WARNING] [Vue warn]: Component provided template option but runtime compilation is not supported in this build of Vue. Configure your bundler to alias "vue" to "vue/dist/vue.esm-bundler.js". 
  at <Anonymous size=14 > 
  at <RepoCard key=132 repo= {id: 132, full_name: ruvnet/ruflo, owner: ruvnet, repo_name: ruflo, name_zh: null} style= {animationDelay: 90ms}  ... > 
  at <HomeView onVnodeUnmounted=fn<onVnodeUnmounted> ref=Ref< Proxy(Object) > > 
  at <RouterView > 
  at <App> @ http://localhost:5173/node_modules/.vite/deps/vue.runtime.esm-bundler-CMLZRQMs.js?v=b93762a9:1752
[ 3880335ms] [WARNING] [Vue warn]: Component provided template option but runtime compilation is not supported in this build of Vue. Configure your bundler to alias "vue" to "vue/dist/vue.esm-bundler.js". 
  at <Anonymous size=14 > 
  at <RepoCard key=24 repo= {id: 24, full_name: TauricResearch/TradingAgents, owner: TauricResearch, repo_name: TradingAgents, name_zh: null} style= {animationDelay: 120ms}  ... > 
  at <HomeView onVnodeUnmounted=fn<onVnodeUnmounted> ref=Ref< Proxy(Object) > > 
  at <RouterView > 
  at <App> @ http://localhost:5173/node_modules/.vite/deps/vue.runtime.esm-bundler-CMLZRQMs.js?v=b93762a9:1752
[ 3880335ms] [WARNING] [Vue warn]: Component provided template option but runtime compilation is not supported in this build of Vue. Configure your bundler to alias "vue" to "vue/dist/vue.esm-bundler.js". 
  at <Anonymous size=14 > 
  at <RepoCard key=117 repo= {id: 117, full_name: VectifyAI/PageIndex, owner: VectifyAI, repo_name: PageIndex, name_zh: null} style= {animationDelay: 150ms}  ... > 
  at <HomeView onVnodeUnmounted=fn<onVnodeUnmounted> ref=Ref< Proxy(Object) > > 
  at <RouterView > 
  at <App> @ http://localhost:5173/node_modules/.vite/deps/vue.runtime.esm-bundler-CMLZRQMs.js?v=b93762a9:1752
[ 3880336ms] [WARNING] [Vue warn]: Component provided template option but runtime compilation is not supported in this build of Vue. Configure your bundler to alias "vue" to "vue/dist/vue.esm-bundler.js". 
  at <Anonymous size=14 > 
  at <RepoCard key=214 repo= {id: 214, full_name: AIDC-AI/Pixelle-Video, owner: AIDC-AI, repo_name: Pixelle-Video, name_zh: null} style= {animationDelay: 180ms}  ... > 
  at <HomeView onVnodeUnmounted=fn<onVnodeUnmounted> ref=Ref< Proxy(Object) > > 
  at <RouterView > 
  at <App> @ http://localhost:5173/node_modules/.vite/deps/vue.runtime.esm-bundler-CMLZRQMs.js?v=b93762a9:1752
[ 3880336ms] [WARNING] [Vue warn]: Component provided template option but runtime compilation is not supported in this build of Vue. Configure your bundler to alias "vue" to "vue/dist/vue.esm-bundler.js". 
  at <Anonymous size=14 > 
  at <RepoCard key=129 repo= {id: 129, full_name: LearningCircuit/local-deep-research, owner: LearningCircuit, repo_name: local-deep-research, name_zh: null} style= {animationDelay: 210ms}  ... > 
  at <HomeView onVnodeUnmounted=fn<onVnodeUnmounted> ref=Ref< Proxy(Object) > > 
  at <RouterView > 
  at <App> @ http://localhost:5173/node_modules/.vite/deps/vue.runtime.esm-bundler-CMLZRQMs.js?v=b93762a9:1752
[ 3880337ms] [WARNING] [Vue warn]: Component provided template option but runtime compilation is not supported in this build of Vue. Configure your bundler to alias "vue" to "vue/dist/vue.esm-bundler.js". 
  at <Anonymous size=14 > 
  at <RepoCard key=559 repo= {id: 559, full_name: virattt/dexter, owner: virattt, repo_name: dexter, name_zh: null} style= {animationDelay: 240ms}  ... > 
  at <HomeView onVnodeUnmounted=fn<onVnodeUnmounted> ref=Ref< Proxy(Object) > > 
  at <RouterView > 
  at <App> @ http://localhost:5173/node_modules/.vite/deps/vue.runtime.esm-bundler-CMLZRQMs.js?v=b93762a9:1752
[ 3880337ms] [WARNING] [Vue warn]: Component provided template option but runtime compilation is not supported in this build of Vue. Configure your bundler to alias "vue" to "vue/dist/vue.esm-bundler.js". 
  at <Anonymous size=14 > 
  at <RepoCard key=9 repo= {id: 9, full_name: NousResearch/hermes-agent, owner: NousResearch, repo_name: hermes-agent, name_zh: null} style= {animationDelay: 270ms}  ... > 
  at <HomeView onVnodeUnmounted=fn<onVnodeUnmounted> ref=Ref< Proxy(Object) > > 
  at <RouterView > 
  at <App> @ http://localhost:5173/node_modules/.vite/deps/vue.runtime.esm-bundler-CMLZRQMs.js?v=b93762a9:1752
[ 3880338ms] [WARNING] [Vue warn]: Component provided template option but runtime compilation is not supported in this build of Vue. Configure your bundler to alias "vue" to "vue/dist/vue.esm-bundler.js". 
  at <Anonymous size=14 > 
  at <RepoCard key=563 repo= {id: 563, full_name: 1jehuang/jcode, owner: 1jehuang, repo_name: jcode, name_zh: null} style= {animationDelay: 300ms}  ... > 
  at <HomeView onVnodeUnmounted=fn<onVnodeUnmounted> ref=Ref< Proxy(Object) > > 
  at <RouterView > 
  at <App> @ http://localhost:5173/node_modules/.vite/deps/vue.runtime.esm-bundler-CMLZRQMs.js?v=b93762a9:1752
[ 3880338ms] [WARNING] [Vue warn]: Component provided template option but runtime compilation is not supported in this build of Vue. Configure your bundler to alias "vue" to "vue/dist/vue.esm-bundler.js". 
  at <Anonymous size=14 > 
  at <RepoCard key=339 repo= {id: 339, full_name: cocoindex-io/cocoindex, owner: cocoindex-io, repo_name: cocoindex, name_zh: null} style= {animationDelay: 330ms}  ... > 
  at <HomeView onVnodeUnmounted=fn<onVnodeUnmounted> ref=Ref< Proxy(Object) > > 
  at <RouterView > 
  at <App> @ http://localhost:5173/node_modules/.vite/deps/vue.runtime.esm-bundler-CMLZRQMs.js?v=b93762a9:1752
[ 3880339ms] [WARNING] [Vue warn]: Component provided template option but runtime compilation is not supported in this build of Vue. Configure your bundler to alias "vue" to "vue/dist/vue.esm-bundler.js". 
  at <Anonymous size=14 > 
  at <RepoCard key=561 repo= {id: 561, full_name: InsForge/InsForge, owner: InsForge, repo_name: InsForge, name_zh: null} style= {animationDelay: 360ms}  ... > 
  at <HomeView onVnodeUnmounted=fn<onVnodeUnmounted> ref=Ref< Proxy(Object) > > 
  at <RouterView > 
  at <App> @ http://localhost:5173/node_modules/.vite/deps/vue.runtime.esm-bundler-CMLZRQMs.js?v=b93762a9:1752
[ 3880339ms] [WARNING] [Vue warn]: Component provided template option but runtime compilation is not supported in this build of Vue. Configure your bundler to alias "vue" to "vue/dist/vue.esm-bundler.js". 
  at <Anonymous size=14 > 
  at <RepoCard key=558 repo= {id: 558, full_name: bwya77/vscode-dark-islands, owner: bwya77, repo_name: vscode-dark-islands, name_zh: null} style= {animationDelay: 390ms}  ... > 
  at <HomeView onVnodeUnmounted=fn<onVnodeUnmounted> ref=Ref< Proxy(Object) > > 
  at <RouterView > 
  at <App> @ http://localhost:5173/node_modules/.vite/deps/vue.runtime.esm-bundler-CMLZRQMs.js?v=b93762a9:1752
[ 3880339ms] [WARNING] [Vue warn]: Component provided template option but runtime compilation is not supported in this build of Vue. Configure your bundler to alias "vue" to "vue/dist/vue.esm-bundler.js". 
  at <Anonymous size=14 > 
  at <RepoCard key=1 repo= {id: 1, full_name: bytedance/UI-TARS-desktop, owner: bytedance, repo_name: UI-TARS-desktop, name_zh: null} style= {animationDelay: 420ms}  ... > 
  at <HomeView onVnodeUnmounted=fn<onVnodeUnmounted> ref=Ref< Proxy(Object) > > 
  at <RouterView > 
  at <App> @ http://localhost:5173/node_modules/.vite/deps/vue.runtime.esm-bundler-CMLZRQMs.js?v=b93762a9:1752
[ 3880340ms] [WARNING] [Vue warn]: Component provided template option but runtime compilation is not supported in this build of Vue. Configure your bundler to alias "vue" to "vue/dist/vue.esm-bundler.js". 
  at <Anonymous size=14 > 
  at <RepoCard key=3 repo= {id: 3, full_name: decolua/9router, owner: decolua, repo_name: 9router, name_zh: null} style= {animationDelay: 450ms}  ... > 
  at <HomeView onVnodeUnmounted=fn<onVnodeUnmounted> ref=Ref< Proxy(Object) > > 
  at <RouterView > 
  at <App> @ http://localhost:5173/node_modules/.vite/deps/vue.runtime.esm-bundler-CMLZRQMs.js?v=b93762a9:1752
[ 3880340ms] [WARNING] [Vue warn]: Component provided template option but runtime compilation is not supported in this build of Vue. Configure your bundler to alias "vue" to "vue/dist/vue.esm-bundler.js". 
  at <Anonymous size=14 > 
  at <RepoCard key=556 repo= {id: 556, full_name: datawhalechina/easy-vibe, owner: datawhalechina, repo_name: easy-vibe, name_zh: null} style= {animationDelay: 480ms}  ... > 
  at <HomeView onVnodeUnmounted=fn<onVnodeUnmounted> ref=Ref< Proxy(Object) > > 
  at <RouterView > 
  at <App> @ http://localhost:5173/node_modules/.vite/deps/vue.runtime.esm-bundler-CMLZRQMs.js?v=b93762a9:1752
[ 3880341ms] [WARNING] [Vue warn]: Component provided template option but runtime compilation is not supported in this build of Vue. Configure your bundler to alias "vue" to "vue/dist/vue.esm-bundler.js". 
  at <Anonymous size=14 > 
  at <RepoCard key=562 repo= {id: 562, full_name: PriorLabs/TabPFN, owner: PriorLabs, repo_name: TabPFN, name_zh: null} style= {animationDelay: 510ms}  ... > 
  at <HomeView onVnodeUnmounted=fn<onVnodeUnmounted> ref=Ref< Proxy(Object) > > 
  at <RouterView > 
  at <App> @ http://localhost:5173/node_modules/.vite/deps/vue.runtime.esm-bundler-CMLZRQMs.js?v=b93762a9:1752
[ 3880341ms] [WARNING] [Vue warn]: Component provided template option but runtime compilation is not supported in this build of Vue. Configure your bundler to alias "vue" to "vue/dist/vue.esm-bundler.js". 
  at <Anonymous size=14 > 
  at <RepoCard key=10 repo= {id: 10, full_name: rohitg00/agentmemory, owner: rohitg00, repo_name: agentmemory, name_zh: null} style= {animationDelay: 540ms}  ... > 
  at <HomeView onVnodeUnmounted=fn<onVnodeUnmounted> ref=Ref< Proxy(Object) > > 
  at <RouterView > 
  at <App> @ http://localhost:5173/node_modules/.vite/deps/vue.runtime.esm-bundler-CMLZRQMs.js?v=b93762a9:1752
[ 3880342ms] [WARNING] [Vue warn]: Component provided template option but runtime compilation is not supported in this build of Vue. Configure your bundler to alias "vue" to "vue/dist/vue.esm-bundler.js". 
  at <Anonymous size=14 > 
  at <RepoCard key=2 repo= {id: 2, full_name: yikart/AiToEarn, owner: yikart, repo_name: AiToEarn, name_zh: null} style= {animationDelay: 570ms}  ... > 
  at <HomeView onVnodeUnmounted=fn<onVnodeUnmounted> ref=Ref< Proxy(Object) > > 
  at <RouterView > 
  at <App> @ http://localhost:5173/node_modules/.vite/deps/vue.runtime.esm-bundler-CMLZRQMs.js?v=b93762a9:1752
[ 3881151ms] [WARNING] [Vue warn]: Component provided template option but runtime compilation is not supported in this build of Vue. Configure your bundler to alias "vue" to "vue/dist/vue.esm-bundler.js". 
  at <Anonymous size=14 > 
  at <RepoCard key=21 repo= {id: 21, full_name: browser-use/browser-use, owner: browser-use, repo_name: browser-use, name_zh: null} style= {animationDelay: 570ms}  ... > 
  at <HomeView onVnodeUnmounted=fn<onVnodeUnmounted> ref=Ref< Proxy(Object) > > 
  at <RouterView > 
  at <App> @ http://localhost:5173/node_modules/.vite/deps/vue.runtime.esm-bundler-CMLZRQMs.js?v=b93762a9:1752
[ 3881151ms] [WARNING] [Vue warn]: Component provided template option but runtime compilation is not supported in this build of Vue. Configure your bundler to alias "vue" to "vue/dist/vue.esm-bundler.js". 
  at <Anonymous size=14 > 
  at <RepoCard key=104 repo= {id: 104, full_name: Shubhamsaboo/awesome-llm-apps, owner: Shubhamsaboo, repo_name: awesome-llm-apps, name_zh: null} style= {animationDelay: 540ms}  ... > 
  at <HomeView onVnodeUnmounted=fn<onVnodeUnmounted> ref=Ref< Proxy(Object) > > 
  at <RouterView > 
  at <App> @ http://localhost:5173/node_modules/.vite/deps/vue.runtime.esm-bundler-CMLZRQMs.js?v=b93762a9:1752
[ 3881152ms] [WARNING] [Vue warn]: Component provided template option but runtime compilation is not supported in this build of Vue. Configure your bundler to alias "vue" to "vue/dist/vue.esm-bundler.js". 
  at <Anonymous size=14 > 
  at <RepoCard key=50 repo= {id: 50, full_name: microsoft/generative-ai-for-beginners, owner: microsoft, repo_name: generative-ai-for-beginners, name_zh: null} style= {animationDelay: 510ms}  ... > 
  at <HomeView onVnodeUnmounted=fn<onVnodeUnmounted> ref=Ref< Proxy(Object) > > 
  at <RouterView > 
  at <App> @ http://localhost:5173/node_modules/.vite/deps/vue.runtime.esm-bundler-CMLZRQMs.js?v=b93762a9:1752
[ 3881152ms] [WARNING] [Vue warn]: Component provided template option but runtime compilation is not supported in this build of Vue. Configure your bundler to alias "vue" to "vue/dist/vue.esm-bundler.js". 
  at <Anonymous size=14 > 
  at <RepoCard key=195 repo= {id: 195, full_name: Comfy-Org/ComfyUI, owner: Comfy-Org, repo_name: ComfyUI, name_zh: null} style= {animationDelay: 480ms}  ... > 
  at <HomeView onVnodeUnmounted=fn<onVnodeUnmounted> ref=Ref< Proxy(Object) > > 
  at <RouterView > 
  at <App> @ http://localhost:5173/node_modules/.vite/deps/vue.runtime.esm-bundler-CMLZRQMs.js?v=b93762a9:1752
[ 3881152ms] [WARNING] [Vue warn]: Component provided template option but runtime compilation is not supported in this build of Vue. Configure your bundler to alias "vue" to "vue/dist/vue.esm-bundler.js". 
  at <Anonymous size=14 > 
  at <RepoCard key=20 repo= {id: 20, full_name: firecrawl/firecrawl, owner: firecrawl, repo_name: firecrawl, name_zh: null} style= {animationDelay: 450ms}  ... > 
  at <HomeView onVnodeUnmounted=fn<onVnodeUnmounted> ref=Ref< Proxy(Object) > > 
  at <RouterView > 
  at <App> @ http://localhost:5173/node_modules/.vite/deps/vue.runtime.esm-bundler-CMLZRQMs.js?v=b93762a9:1752
[ 3881153ms] [WARNING] [Vue warn]: Component provided template option but runtime compilation is not supported in this build of Vue. Configure your bundler to alias "vue" to "vue/dist/vue.esm-bundler.js". 
  at <Anonymous size=14 > 
  at <RepoCard key=72 repo= {id: 72, full_name: microsoft/markitdown, owner: microsoft, repo_name: markitdown, name_zh: null} style= {animationDelay: 420ms}  ... > 
  at <HomeView onVnodeUnmounted=fn<onVnodeUnmounted> ref=Ref< Proxy(Object) > > 
  at <RouterView > 
  at <App> @ http://localhost:5173/node_modules/.vite/deps/vue.runtime.esm-bundler-CMLZRQMs.js?v=b93762a9:1752
[ 3881153ms] [WARNING] [Vue warn]: Component provided template option but runtime compilation is not supported in this build of Vue. Configure your bundler to alias "vue" to "vue/dist/vue.esm-bundler.js". 
  at <Anonymous size=14 > 
  at <RepoCard key=19 repo= {id: 19, full_name: langchain-ai/langchain, owner: langchain-ai, repo_name: langchain, name_zh: null} style= {animationDelay: 390ms}  ... > 
  at <HomeView onVnodeUnmounted=fn<onVnodeUnmounted> ref=Ref< Proxy(Object) > > 
  at <RouterView > 
  at <App> @ http://localhost:5173/node_modules/.vite/deps/vue.runtime.esm-bundler-CMLZRQMs.js?v=b93762a9:1752
[ 3881154ms] [WARNING] [Vue warn]: Component provided template option but runtime compilation is not supported in this build of Vue. Configure your bundler to alias "vue" to "vue/dist/vue.esm-bundler.js". 
  at <Anonymous size=14 > 
  at <RepoCard key=18 repo= {id: 18, full_name: open-webui/open-webui, owner: open-webui, repo_name: open-webui, name_zh: null} style= {animationDelay: 360ms}  ... > 
  at <HomeView onVnodeUnmounted=fn<onVnodeUnmounted> ref=Ref< Proxy(Object) > > 
  at <RouterView > 
  at <App> @ http://localhost:5173/node_modules/.vite/deps/vue.runtime.esm-bundler-CMLZRQMs.js?v=b93762a9:1752
[ 3881154ms] [WARNING] [Vue warn]: Component provided template option but runtime compilation is not supported in this build of Vue. Configure your bundler to alias "vue" to "vue/dist/vue.esm-bundler.js". 
  at <Anonymous size=14 > 
  at <RepoCard key=17 repo= {id: 17, full_name: langgenius/dify, owner: langgenius, repo_name: dify, name_zh: null} style= {animationDelay: 330ms}  ... > 
  at <HomeView onVnodeUnmounted=fn<onVnodeUnmounted> ref=Ref< Proxy(Object) > > 
  at <RouterView > 
  at <App> @ http://localhost:5173/node_modules/.vite/deps/vue.runtime.esm-bundler-CMLZRQMs.js?v=b93762a9:1752
[ 3881154ms] [WARNING] [Vue warn]: Component provided template option but runtime compilation is not supported in this build of Vue. Configure your bundler to alias "vue" to "vue/dist/vue.esm-bundler.js". 
  at <Anonymous size=14 > 
  at <RepoCard key=62 repo= {id: 62, full_name: langflow-ai/langflow, owner: langflow-ai, repo_name: langflow, name_zh: null} style= {animationDelay: 270ms}  ... > 
  at <HomeView onVnodeUnmounted=fn<onVnodeUnmounted> ref=Ref< Proxy(Object) > > 
  at <RouterView > 
  at <App> @ http://localhost:5173/node_modules/.vite/deps/vue.runtime.esm-bundler-CMLZRQMs.js?v=b93762a9:1752
[ 3881155ms] [WARNING] [Vue warn]: Component provided template option but runtime compilation is not supported in this build of Vue. Configure your bundler to alias "vue" to "vue/dist/vue.esm-bundler.js". 
  at <Anonymous size=14 > 
  at <RepoCard key=165 repo= {id: 165, full_name: Snailclimb/JavaGuide, owner: Snailclimb, repo_name: JavaGuide, name_zh: null} style= {animationDelay: 240ms}  ... > 
  at <HomeView onVnodeUnmounted=fn<onVnodeUnmounted> ref=Ref< Proxy(Object) > > 
  at <RouterView > 
  at <App> @ http://localhost:5173/node_modules/.vite/deps/vue.runtime.esm-bundler-CMLZRQMs.js?v=b93762a9:1752
[ 3881155ms] [WARNING] [Vue warn]: Component provided template option but runtime compilation is not supported in this build of Vue. Configure your bundler to alias "vue" to "vue/dist/vue.esm-bundler.js". 
  at <Anonymous size=14 > 
  at <RepoCard key=16 repo= {id: 16, full_name: huggingface/transformers, owner: huggingface, repo_name: transformers, name_zh: null} style= {animationDelay: 210ms}  ... > 
  at <HomeView onVnodeUnmounted=fn<onVnodeUnmounted> ref=Ref< Proxy(Object) > > 
  at <RouterView > 
  at <App> @ http://localhost:5173/node_modules/.vite/deps/vue.runtime.esm-bundler-CMLZRQMs.js?v=b93762a9:1752
[ 3881156ms] [WARNING] [Vue warn]: Component provided template option but runtime compilation is not supported in this build of Vue. Configure your bundler to alias "vue" to "vue/dist/vue.esm-bundler.js". 
  at <Anonymous size=14 > 
  at <RepoCard key=15 repo= {id: 15, full_name: f/prompts.chat, owner: f, repo_name: prompts.chat, name_zh: null} style= {animationDelay: 180ms}  ... > 
  at <HomeView onVnodeUnmounted=fn<onVnodeUnmounted> ref=Ref< Proxy(Object) > > 
  at <RouterView > 
  at <App> @ http://localhost:5173/node_modules/.vite/deps/vue.runtime.esm-bundler-CMLZRQMs.js?v=b93762a9:1752
[ 3881156ms] [WARNING] [Vue warn]: Component provided template option but runtime compilation is not supported in this build of Vue. Configure your bundler to alias "vue" to "vue/dist/vue.esm-bundler.js". 
  at <Anonymous size=14 > 
  at <RepoCard key=7 repo= {id: 7, full_name: AUTOMATIC1111/stable-diffusion-webui, owner: AUTOMATIC1111, repo_name: stable-diffusion-webui, name_zh: null} style= {animationDelay: 150ms}  ... > 
  at <HomeView onVnodeUnmounted=fn<onVnodeUnmounted> ref=Ref< Proxy(Object) > > 
  at <RouterView > 
  at <App> @ http://localhost:5173/node_modules/.vite/deps/vue.runtime.esm-bundler-CMLZRQMs.js?v=b93762a9:1752
[ 3881156ms] [WARNING] [Vue warn]: Component provided template option but runtime compilation is not supported in this build of Vue. Configure your bundler to alias "vue" to "vue/dist/vue.esm-bundler.js". 
  at <Anonymous size=14 > 
  at <RepoCard key=14 repo= {id: 14, full_name: ollama/ollama, owner: ollama, repo_name: ollama, name_zh: null} style= {animationDelay: 120ms}  ... > 
  at <HomeView onVnodeUnmounted=fn<onVnodeUnmounted> ref=Ref< Proxy(Object) > > 
  at <RouterView > 
  at <App> @ http://localhost:5173/node_modules/.vite/deps/vue.runtime.esm-bundler-CMLZRQMs.js?v=b93762a9:1752
[ 3881157ms] [WARNING] [Vue warn]: Component provided template option but runtime compilation is not supported in this build of Vue. Configure your bundler to alias "vue" to "vue/dist/vue.esm-bundler.js". 
  at <Anonymous size=14 > 
  at <RepoCard key=13 repo= {id: 13, full_name: affaan-m/everything-claude-code, owner: affaan-m, repo_name: everything-claude-code, name_zh: null} style= {animationDelay: 90ms}  ... > 
  at <HomeView onVnodeUnmounted=fn<onVnodeUnmounted> ref=Ref< Proxy(Object) > > 
  at <RouterView > 
  at <App> @ http://localhost:5173/node_modules/.vite/deps/vue.runtime.esm-bundler-CMLZRQMs.js?v=b93762a9:1752
[ 3881157ms] [WARNING] [Vue warn]: Component provided template option but runtime compilation is not supported in this build of Vue. Configure your bundler to alias "vue" to "vue/dist/vue.esm-bundler.js". 
  at <Anonymous size=14 > 
  at <RepoCard key=12 repo= {id: 12, full_name: Significant-Gravitas/AutoGPT, owner: Significant-Gravitas, repo_name: AutoGPT, name_zh: null} style= {animationDelay: 60ms}  ... > 
  at <HomeView onVnodeUnmounted=fn<onVnodeUnmounted> ref=Ref< Proxy(Object) > > 
  at <RouterView > 
  at <App> @ http://localhost:5173/node_modules/.vite/deps/vue.runtime.esm-bundler-CMLZRQMs.js?v=b93762a9:1752
[ 3881158ms] [WARNING] [Vue warn]: Component provided template option but runtime compilation is not supported in this build of Vue. Configure your bundler to alias "vue" to "vue/dist/vue.esm-bundler.js". 
  at <Anonymous size=14 > 
  at <RepoCard key=555 repo= {id: 555, full_name: obra/superpowers, owner: obra, repo_name: superpowers, name_zh: null} style= {animationDelay: 30ms}  ... > 
  at <HomeView onVnodeUnmounted=fn<onVnodeUnmounted> ref=Ref< Proxy(Object) > > 
  at <RouterView > 
  at <App> @ http://localhost:5173/node_modules/.vite/deps/vue.runtime.esm-bundler-CMLZRQMs.js?v=b93762a9:1752
[ 3881158ms] [WARNING] [Vue warn]: Component provided template option but runtime compilation is not supported in this build of Vue. Configure your bundler to alias "vue" to "vue/dist/vue.esm-bundler.js". 
  at <Anonymous size=14 > 
  at <RepoCard key=164 repo= {id: 164, full_name: n8n-io/n8n, owner: n8n-io, repo_name: n8n, name_zh: null} style= {animationDelay: 0ms}  ... > 
  at <HomeView onVnodeUnmounted=fn<onVnodeUnmounted> ref=Ref< Proxy(Object) > > 
  at <RouterView > 
  at <App> @ http://localhost:5173/node_modules/.vite/deps/vue.runtime.esm-bundler-CMLZRQMs.js?v=b93762a9:1752
[ 3883442ms] [LOG] 🍍 "app" store installed 🆕 @ http://localhost:5173/node_modules/.vite/deps/pinia.js?v=01275b44:3788
[ 3883475ms] [WARNING] [Vue warn]: Component provided template option but runtime compilation is not supported in this build of Vue. Configure your bundler to alias "vue" to "vue/dist/vue.esm-bundler.js". 
  at <Anonymous size=14 > 
  at <RepoCard key=557 repo= {id: 557, full_name: Hmbown/DeepSeek-TUI, owner: Hmbown, repo_name: DeepSeek-TUI, name_zh: null} style= {animationDelay: 0ms}  ... > 
  at <HomeView onVnodeUnmounted=fn<onVnodeUnmounted> ref=Ref< Proxy(Object) > > 
  at <RouterView > 
  at <App> @ http://localhost:5173/node_modules/.vite/deps/vue.runtime.esm-bundler-CMLZRQMs.js?v=b93762a9:1752
[ 3883476ms] [WARNING] [Vue warn]: Component provided template option but runtime compilation is not supported in this build of Vue. Configure your bundler to alias "vue" to "vue/dist/vue.esm-bundler.js". 
  at <Anonymous size=14 > 
  at <RepoCard key=564 repo= {id: 564, full_name: mattpocock/skills, owner: mattpocock, repo_name: skills, name_zh: null} style= {animationDelay: 30ms}  ... > 
  at <HomeView onVnodeUnmounted=fn<onVnodeUnmounted> ref=Ref< Proxy(Object) > > 
  at <RouterView > 
  at <App> @ http://localhost:5173/node_modules/.vite/deps/vue.runtime.esm-bundler-CMLZRQMs.js?v=b93762a9:1752
[ 3883476ms] [WARNING] [Vue warn]: Component provided template option but runtime compilation is not supported in this build of Vue. Configure your bundler to alias "vue" to "vue/dist/vue.esm-bundler.js". 
  at <Anonymous size=14 > 
  at <RepoCard key=560 repo= {id: 560, full_name: addyosmani/agent-skills, owner: addyosmani, repo_name: agent-skills, name_zh: null} style= {animationDelay: 60ms}  ... > 
  at <HomeView onVnodeUnmounted=fn<onVnodeUnmounted> ref=Ref< Proxy(Object) > > 
  at <RouterView > 
  at <App> @ http://localhost:5173/node_modules/.vite/deps/vue.runtime.esm-bundler-CMLZRQMs.js?v=b93762a9:1752
[ 3883477ms] [WARNING] [Vue warn]: Component provided template option but runtime compilation is not supported in this build of Vue. Configure your bundler to alias "vue" to "vue/dist/vue.esm-bundler.js". 
  at <Anonymous size=14 > 
  at <RepoCard key=132 repo= {id: 132, full_name: ruvnet/ruflo, owner: ruvnet, repo_name: ruflo, name_zh: null} style= {animationDelay: 90ms}  ... > 
  at <HomeView onVnodeUnmounted=fn<onVnodeUnmounted> ref=Ref< Proxy(Object) > > 
  at <RouterView > 
  at <App> @ http://localhost:5173/node_modules/.vite/deps/vue.runtime.esm-bundler-CMLZRQMs.js?v=b93762a9:1752
[ 3883477ms] [WARNING] [Vue warn]: Component provided template option but runtime compilation is not supported in this build of Vue. Configure your bundler to alias "vue" to "vue/dist/vue.esm-bundler.js". 
  at <Anonymous size=14 > 
  at <RepoCard key=24 repo= {id: 24, full_name: TauricResearch/TradingAgents, owner: TauricResearch, repo_name: TradingAgents, name_zh: null} style= {animationDelay: 120ms}  ... > 
  at <HomeView onVnodeUnmounted=fn<onVnodeUnmounted> ref=Ref< Proxy(Object) > > 
  at <RouterView > 
  at <App> @ http://localhost:5173/node_modules/.vite/deps/vue.runtime.esm-bundler-CMLZRQMs.js?v=b93762a9:1752
[ 3883478ms] [WARNING] [Vue warn]: Component provided template option but runtime compilation is not supported in this build of Vue. Configure your bundler to alias "vue" to "vue/dist/vue.esm-bundler.js". 
  at <Anonymous size=14 > 
  at <RepoCard key=117 repo= {id: 117, full_name: VectifyAI/PageIndex, owner: VectifyAI, repo_name: PageIndex, name_zh: null} style= {animationDelay: 150ms}  ... > 
  at <HomeView onVnodeUnmounted=fn<onVnodeUnmounted> ref=Ref< Proxy(Object) > > 
  at <RouterView > 
  at <App> @ http://localhost:5173/node_modules/.vite/deps/vue.runtime.esm-bundler-CMLZRQMs.js?v=b93762a9:1752
[ 3883478ms] [WARNING] [Vue warn]: Component provided template option but runtime compilation is not supported in this build of Vue. Configure your bundler to alias "vue" to "vue/dist/vue.esm-bundler.js". 
  at <Anonymous size=14 > 
  at <RepoCard key=214 repo= {id: 214, full_name: AIDC-AI/Pixelle-Video, owner: AIDC-AI, repo_name: Pixelle-Video, name_zh: null} style= {animationDelay: 180ms}  ... > 
  at <HomeView onVnodeUnmounted=fn<onVnodeUnmounted> ref=Ref< Proxy(Object) > > 
  at <RouterView > 
  at <App> @ http://localhost:5173/node_modules/.vite/deps/vue.runtime.esm-bundler-CMLZRQMs.js?v=b93762a9:1752
[ 3883479ms] [WARNING] [Vue warn]: Component provided template option but runtime compilation is not supported in this build of Vue. Configure your bundler to alias "vue" to "vue/dist/vue.esm-bundler.js". 
  at <Anonymous size=14 > 
  at <RepoCard key=129 repo= {id: 129, full_name: LearningCircuit/local-deep-research, owner: LearningCircuit, repo_name: local-deep-research, name_zh: null} style= {animationDelay: 210ms}  ... > 
  at <HomeView onVnodeUnmounted=fn<onVnodeUnmounted> ref=Ref< Proxy(Object) > > 
  at <RouterView > 
  at <App> @ http://localhost:5173/node_modules/.vite/deps/vue.runtime.esm-bundler-CMLZRQMs.js?v=b93762a9:1752
[ 3883479ms] [WARNING] [Vue warn]: Component provided template option but runtime compilation is not supported in this build of Vue. Configure your bundler to alias "vue" to "vue/dist/vue.esm-bundler.js". 
  at <Anonymous size=14 > 
  at <RepoCard key=559 repo= {id: 559, full_name: virattt/dexter, owner: virattt, repo_name: dexter, name_zh: null} style= {animationDelay: 240ms}  ... > 
  at <HomeView onVnodeUnmounted=fn<onVnodeUnmounted> ref=Ref< Proxy(Object) > > 
  at <RouterView > 
  at <App> @ http://localhost:5173/node_modules/.vite/deps/vue.runtime.esm-bundler-CMLZRQMs.js?v=b93762a9:1752
[ 3883480ms] [WARNING] [Vue warn]: Component provided template option but runtime compilation is not supported in this build of Vue. Configure your bundler to alias "vue" to "vue/dist/vue.esm-bundler.js". 
  at <Anonymous size=14 > 
  at <RepoCard key=9 repo= {id: 9, full_name: NousResearch/hermes-agent, owner: NousResearch, repo_name: hermes-agent, name_zh: null} style= {animationDelay: 270ms}  ... > 
  at <HomeView onVnodeUnmounted=fn<onVnodeUnmounted> ref=Ref< Proxy(Object) > > 
  at <RouterView > 
  at <App> @ http://localhost:5173/node_modules/.vite/deps/vue.runtime.esm-bundler-CMLZRQMs.js?v=b93762a9:1752
[ 3883480ms] [WARNING] [Vue warn]: Component provided template option but runtime compilation is not supported in this build of Vue. Configure your bundler to alias "vue" to "vue/dist/vue.esm-bundler.js". 
  at <Anonymous size=14 > 
  at <RepoCard key=563 repo= {id: 563, full_name: 1jehuang/jcode, owner: 1jehuang, repo_name: jcode, name_zh: null} style= {animationDelay: 300ms}  ... > 
  at <HomeView onVnodeUnmounted=fn<onVnodeUnmounted> ref=Ref< Proxy(Object) > > 
  at <RouterView > 
  at <App> @ http://localhost:5173/node_modules/.vite/deps/vue.runtime.esm-bundler-CMLZRQMs.js?v=b93762a9:1752
[ 3883481ms] [WARNING] [Vue warn]: Component provided template option but runtime compilation is not supported in this build of Vue. Configure your bundler to alias "vue" to "vue/dist/vue.esm-bundler.js". 
  at <Anonymous size=14 > 
  at <RepoCard key=339 repo= {id: 339, full_name: cocoindex-io/cocoindex, owner: cocoindex-io, repo_name: cocoindex, name_zh: null} style= {animationDelay: 330ms}  ... > 
  at <HomeView onVnodeUnmounted=fn<onVnodeUnmounted> ref=Ref< Proxy(Object) > > 
  at <RouterView > 
  at <App> @ http://localhost:5173/node_modules/.vite/deps/vue.runtime.esm-bundler-CMLZRQMs.js?v=b93762a9:1752
[ 3883481ms] [WARNING] [Vue warn]: Component provided template option but runtime compilation is not supported in this build of Vue. Configure your bundler to alias "vue" to "vue/dist/vue.esm-bundler.js". 
  at <Anonymous size=14 > 
  at <RepoCard key=561 repo= {id: 561, full_name: InsForge/InsForge, owner: InsForge, repo_name: InsForge, name_zh: null} style= {animationDelay: 360ms}  ... > 
  at <HomeView onVnodeUnmounted=fn<onVnodeUnmounted> ref=Ref< Proxy(Object) > > 
  at <RouterView > 
  at <App> @ http://localhost:5173/node_modules/.vite/deps/vue.runtime.esm-bundler-CMLZRQMs.js?v=b93762a9:1752
[ 3883482ms] [WARNING] [Vue warn]: Component provided template option but runtime compilation is not supported in this build of Vue. Configure your bundler to alias "vue" to "vue/dist/vue.esm-bundler.js". 
  at <Anonymous size=14 > 
  at <RepoCard key=558 repo= {id: 558, full_name: bwya77/vscode-dark-islands, owner: bwya77, repo_name: vscode-dark-islands, name_zh: null} style= {animationDelay: 390ms}  ... > 
  at <HomeView onVnodeUnmounted=fn<onVnodeUnmounted> ref=Ref< Proxy(Object) > > 
  at <RouterView > 
  at <App> @ http://localhost:5173/node_modules/.vite/deps/vue.runtime.esm-bundler-CMLZRQMs.js?v=b93762a9:1752
[ 3883482ms] [WARNING] [Vue warn]: Component provided template option but runtime compilation is not supported in this build of Vue. Configure your bundler to alias "vue" to "vue/dist/vue.esm-bundler.js". 
  at <Anonymous size=14 > 
  at <RepoCard key=1 repo= {id: 1, full_name: bytedance/UI-TARS-desktop, owner: bytedance, repo_name: UI-TARS-desktop, name_zh: null} style= {animationDelay: 420ms}  ... > 
  at <HomeView onVnodeUnmounted=fn<onVnodeUnmounted> ref=Ref< Proxy(Object) > > 
  at <RouterView > 
  at <App> @ http://localhost:5173/node_modules/.vite/deps/vue.runtime.esm-bundler-CMLZRQMs.js?v=b93762a9:1752
[ 3883483ms] [WARNING] [Vue warn]: Component provided template option but runtime compilation is not supported in this build of Vue. Configure your bundler to alias "vue" to "vue/dist/vue.esm-bundler.js". 
  at <Anonymous size=14 > 
  at <RepoCard key=3 repo= {id: 3, full_name: decolua/9router, owner: decolua, repo_name: 9router, name_zh: null} style= {animationDelay: 450ms}  ... > 
  at <HomeView onVnodeUnmounted=fn<onVnodeUnmounted> ref=Ref< Proxy(Object) > > 
  at <RouterView > 
  at <App> @ http://localhost:5173/node_modules/.vite/deps/vue.runtime.esm-bundler-CMLZRQMs.js?v=b93762a9:1752
[ 3883483ms] [WARNING] [Vue warn]: Component provided template option but runtime compilation is not supported in this build of Vue. Configure your bundler to alias "vue" to "vue/dist/vue.esm-bundler.js". 
  at <Anonymous size=14 > 
  at <RepoCard key=556 repo= {id: 556, full_name: datawhalechina/easy-vibe, owner: datawhalechina, repo_name: easy-vibe, name_zh: null} style= {animationDelay: 480ms}  ... > 
  at <HomeView onVnodeUnmounted=fn<onVnodeUnmounted> ref=Ref< Proxy(Object) > > 
  at <RouterView > 
  at <App> @ http://localhost:5173/node_modules/.vite/deps/vue.runtime.esm-bundler-CMLZRQMs.js?v=b93762a9:1752
[ 3883484ms] [WARNING] [Vue warn]: Component provided template option but runtime compilation is not supported in this build of Vue. Configure your bundler to alias "vue" to "vue/dist/vue.esm-bundler.js". 
  at <Anonymous size=14 > 
  at <RepoCard key=562 repo= {id: 562, full_name: PriorLabs/TabPFN, owner: PriorLabs, repo_name: TabPFN, name_zh: null} style= {animationDelay: 510ms}  ... > 
  at <HomeView onVnodeUnmounted=fn<onVnodeUnmounted> ref=Ref< Proxy(Object) > > 
  at <RouterView > 
  at <App> @ http://localhost:5173/node_modules/.vite/deps/vue.runtime.esm-bundler-CMLZRQMs.js?v=b93762a9:1752
[ 3883484ms] [WARNING] [Vue warn]: Component provided template option but runtime compilation is not supported in this build of Vue. Configure your bundler to alias "vue" to "vue/dist/vue.esm-bundler.js". 
  at <Anonymous size=14 > 
  at <RepoCard key=10 repo= {id: 10, full_name: rohitg00/agentmemory, owner: rohitg00, repo_name: agentmemory, name_zh: null} style= {animationDelay: 540ms}  ... > 
  at <HomeView onVnodeUnmounted=fn<onVnodeUnmounted> ref=Ref< Proxy(Object) > > 
  at <RouterView > 
  at <App> @ http://localhost:5173/node_modules/.vite/deps/vue.runtime.esm-bundler-CMLZRQMs.js?v=b93762a9:1752
[ 3883484ms] [WARNING] [Vue warn]: Component provided template option but runtime compilation is not supported in this build of Vue. Configure your bundler to alias "vue" to "vue/dist/vue.esm-bundler.js". 
  at <Anonymous size=14 > 
  at <RepoCard key=2 repo= {id: 2, full_name: yikart/AiToEarn, owner: yikart, repo_name: AiToEarn, name_zh: null} style= {animationDelay: 570ms}  ... > 
  at <HomeView onVnodeUnmounted=fn<onVnodeUnmounted> ref=Ref< Proxy(Object) > > 
  at <RouterView > 
  at <App> @ http://localhost:5173/node_modules/.vite/deps/vue.runtime.esm-bundler-CMLZRQMs.js?v=b93762a9:1752
[ 3885058ms] [WARNING] [Vue warn]: Component provided template option but runtime compilation is not supported in this build of Vue. Configure your bundler to alias "vue" to "vue/dist/vue.esm-bundler.js". 
  at <Anonymous size=14 > 
  at <RepoCard key=21 repo= {id: 21, full_name: browser-use/browser-use, owner: browser-use, repo_name: browser-use, name_zh: null} style= {animationDelay: 570ms}  ... > 
  at <HomeView onVnodeUnmounted=fn<onVnodeUnmounted> ref=Ref< Proxy(Object) > > 
  at <RouterView > 
  at <App> @ http://localhost:5173/node_modules/.vite/deps/vue.runtime.esm-bundler-CMLZRQMs.js?v=b93762a9:1752
[ 3885058ms] [WARNING] [Vue warn]: Component provided template option but runtime compilation is not supported in this build of Vue. Configure your bundler to alias "vue" to "vue/dist/vue.esm-bundler.js". 
  at <Anonymous size=14 > 
  at <RepoCard key=104 repo= {id: 104, full_name: Shubhamsaboo/awesome-llm-apps, owner: Shubhamsaboo, repo_name: awesome-llm-apps, name_zh: null} style= {animationDelay: 540ms}  ... > 
  at <HomeView onVnodeUnmounted=fn<onVnodeUnmounted> ref=Ref< Proxy(Object) > > 
  at <RouterView > 
  at <App> @ http://localhost:5173/node_modules/.vite/deps/vue.runtime.esm-bundler-CMLZRQMs.js?v=b93762a9:1752
[ 3885059ms] [WARNING] [Vue warn]: Component provided template option but runtime compilation is not supported in this build of Vue. Configure your bundler to alias "vue" to "vue/dist/vue.esm-bundler.js". 
  at <Anonymous size=14 > 
  at <RepoCard key=50 repo= {id: 50, full_name: microsoft/generative-ai-for-beginners, owner: microsoft, repo_name: generative-ai-for-beginners, name_zh: null} style= {animationDelay: 510ms}  ... > 
  at <HomeView onVnodeUnmounted=fn<onVnodeUnmounted> ref=Ref< Proxy(Object) > > 
  at <RouterView > 
  at <App> @ http://localhost:5173/node_modules/.vite/deps/vue.runtime.esm-bundler-CMLZRQMs.js?v=b93762a9:1752
[ 3885059ms] [WARNING] [Vue warn]: Component provided template option but runtime compilation is not supported in this build of Vue. Configure your bundler to alias "vue" to "vue/dist/vue.esm-bundler.js". 
  at <Anonymous size=14 > 
  at <RepoCard key=195 repo= {id: 195, full_name: Comfy-Org/ComfyUI, owner: Comfy-Org, repo_name: ComfyUI, name_zh: null} style= {animationDelay: 480ms}  ... > 
  at <HomeView onVnodeUnmounted=fn<onVnodeUnmounted> ref=Ref< Proxy(Object) > > 
  at <RouterView > 
  at <App> @ http://localhost:5173/node_modules/.vite/deps/vue.runtime.esm-bundler-CMLZRQMs.js?v=b93762a9:1752
[ 3885060ms] [WARNING] [Vue warn]: Component provided template option but runtime compilation is not supported in this build of Vue. Configure your bundler to alias "vue" to "vue/dist/vue.esm-bundler.js". 
  at <Anonymous size=14 > 
  at <RepoCard key=20 repo= {id: 20, full_name: firecrawl/firecrawl, owner: firecrawl, repo_name: firecrawl, name_zh: null} style= {animationDelay: 450ms}  ... > 
  at <HomeView onVnodeUnmounted=fn<onVnodeUnmounted> ref=Ref< Proxy(Object) > > 
  at <RouterView > 
  at <App> @ http://localhost:5173/node_modules/.vite/deps/vue.runtime.esm-bundler-CMLZRQMs.js?v=b93762a9:1752
[ 3885060ms] [WARNING] [Vue warn]: Component provided template option but runtime compilation is not supported in this build of Vue. Configure your bundler to alias "vue" to "vue/dist/vue.esm-bundler.js". 
  at <Anonymous size=14 > 
  at <RepoCard key=72 repo= {id: 72, full_name: microsoft/markitdown, owner: microsoft, repo_name: markitdown, name_zh: null} style= {animationDelay: 420ms}  ... > 
  at <HomeView onVnodeUnmounted=fn<onVnodeUnmounted> ref=Ref< Proxy(Object) > > 
  at <RouterView > 
  at <App> @ http://localhost:5173/node_modules/.vite/deps/vue.runtime.esm-bundler-CMLZRQMs.js?v=b93762a9:1752
[ 3885060ms] [WARNING] [Vue warn]: Component provided template option but runtime compilation is not supported in this build of Vue. Configure your bundler to alias "vue" to "vue/dist/vue.esm-bundler.js". 
  at <Anonymous size=14 > 
  at <RepoCard key=19 repo= {id: 19, full_name: langchain-ai/langchain, owner: langchain-ai, repo_name: langchain, name_zh: null} style= {animationDelay: 390ms}  ... > 
  at <HomeView onVnodeUnmounted=fn<onVnodeUnmounted> ref=Ref< Proxy(Object) > > 
  at <RouterView > 
  at <App> @ http://localhost:5173/node_modules/.vite/deps/vue.runtime.esm-bundler-CMLZRQMs.js?v=b93762a9:1752
[ 3885061ms] [WARNING] [Vue warn]: Component provided template option but runtime compilation is not supported in this build of Vue. Configure your bundler to alias "vue" to "vue/dist/vue.esm-bundler.js". 
  at <Anonymous size=14 > 
  at <RepoCard key=18 repo= {id: 18, full_name: open-webui/open-webui, owner: open-webui, repo_name: open-webui, name_zh: null} style= {animationDelay: 360ms}  ... > 
  at <HomeView onVnodeUnmounted=fn<onVnodeUnmounted> ref=Ref< Proxy(Object) > > 
  at <RouterView > 
  at <App> @ http://localhost:5173/node_modules/.vite/deps/vue.runtime.esm-bundler-CMLZRQMs.js?v=b93762a9:1752
[ 3885061ms] [WARNING] [Vue warn]: Component provided template option but runtime compilation is not supported in this build of Vue. Configure your bundler to alias "vue" to "vue/dist/vue.esm-bundler.js". 
  at <Anonymous size=14 > 
  at <RepoCard key=17 repo= {id: 17, full_name: langgenius/dify, owner: langgenius, repo_name: dify, name_zh: null} style= {animationDelay: 330ms}  ... > 
  at <HomeView onVnodeUnmounted=fn<onVnodeUnmounted> ref=Ref< Proxy(Object) > > 
  at <RouterView > 
  at <App> @ http://localhost:5173/node_modules/.vite/deps/vue.runtime.esm-bundler-CMLZRQMs.js?v=b93762a9:1752
[ 3885062ms] [WARNING] [Vue warn]: Component provided template option but runtime compilation is not supported in this build of Vue. Configure your bundler to alias "vue" to "vue/dist/vue.esm-bundler.js". 
  at <Anonymous size=14 > 
  at <RepoCard key=62 repo= {id: 62, full_name: langflow-ai/langflow, owner: langflow-ai, repo_name: langflow, name_zh: null} style= {animationDelay: 270ms}  ... > 
  at <HomeView onVnodeUnmounted=fn<onVnodeUnmounted> ref=Ref< Proxy(Object) > > 
  at <RouterView > 
  at <App> @ http://localhost:5173/node_modules/.vite/deps/vue.runtime.esm-bundler-CMLZRQMs.js?v=b93762a9:1752
[ 3885062ms] [WARNING] [Vue warn]: Component provided template option but runtime compilation is not supported in this build of Vue. Configure your bundler to alias "vue" to "vue/dist/vue.esm-bundler.js". 
  at <Anonymous size=14 > 
  at <RepoCard key=165 repo= {id: 165, full_name: Snailclimb/JavaGuide, owner: Snailclimb, repo_name: JavaGuide, name_zh: null} style= {animationDelay: 240ms}  ... > 
  at <HomeView onVnodeUnmounted=fn<onVnodeUnmounted> ref=Ref< Proxy(Object) > > 
  at <RouterView > 
  at <App> @ http://localhost:5173/node_modules/.vite/deps/vue.runtime.esm-bundler-CMLZRQMs.js?v=b93762a9:1752
[ 3885062ms] [WARNING] [Vue warn]: Component provided template option but runtime compilation is not supported in this build of Vue. Configure your bundler to alias "vue" to "vue/dist/vue.esm-bundler.js". 
  at <Anonymous size=14 > 
  at <RepoCard key=16 repo= {id: 16, full_name: huggingface/transformers, owner: huggingface, repo_name: transformers, name_zh: null} style= {animationDelay: 210ms}  ... > 
  at <HomeView onVnodeUnmounted=fn<onVnodeUnmounted> ref=Ref< Proxy(Object) > > 
  at <RouterView > 
  at <App> @ http://localhost:5173/node_modules/.vite/deps/vue.runtime.esm-bundler-CMLZRQMs.js?v=b93762a9:1752
[ 3885063ms] [WARNING] [Vue warn]: Component provided template option but runtime compilation is not supported in this build of Vue. Configure your bundler to alias "vue" to "vue/dist/vue.esm-bundler.js". 
  at <Anonymous size=14 > 
  at <RepoCard key=15 repo= {id: 15, full_name: f/prompts.chat, owner: f, repo_name: prompts.chat, name_zh: null} style= {animationDelay: 180ms}  ... > 
  at <HomeView onVnodeUnmounted=fn<onVnodeUnmounted> ref=Ref< Proxy(Object) > > 
  at <RouterView > 
  at <App> @ http://localhost:5173/node_modules/.vite/deps/vue.runtime.esm-bundler-CMLZRQMs.js?v=b93762a9:1752
[ 3885063ms] [WARNING] [Vue warn]: Component provided template option but runtime compilation is not supported in this build of Vue. Configure your bundler to alias "vue" to "vue/dist/vue.esm-bundler.js". 
  at <Anonymous size=14 > 
  at <RepoCard key=7 repo= {id: 7, full_name: AUTOMATIC1111/stable-diffusion-webui, owner: AUTOMATIC1111, repo_name: stable-diffusion-webui, name_zh: null} style= {animationDelay: 150ms}  ... > 
  at <HomeView onVnodeUnmounted=fn<onVnodeUnmounted> ref=Ref< Proxy(Object) > > 
  at <RouterView > 
  at <App> @ http://localhost:5173/node_modules/.vite/deps/vue.runtime.esm-bundler-CMLZRQMs.js?v=b93762a9:1752
[ 3885064ms] [WARNING] [Vue warn]: Component provided template option but runtime compilation is not supported in this build of Vue. Configure your bundler to alias "vue" to "vue/dist/vue.esm-bundler.js". 
  at <Anonymous size=14 > 
  at <RepoCard key=14 repo= {id: 14, full_name: ollama/ollama, owner: ollama, repo_name: ollama, name_zh: null} style= {animationDelay: 120ms}  ... > 
  at <HomeView onVnodeUnmounted=fn<onVnodeUnmounted> ref=Ref< Proxy(Object) > > 
  at <RouterView > 
  at <App> @ http://localhost:5173/node_modules/.vite/deps/vue.runtime.esm-bundler-CMLZRQMs.js?v=b93762a9:1752
[ 3885064ms] [WARNING] [Vue warn]: Component provided template option but runtime compilation is not supported in this build of Vue. Configure your bundler to alias "vue" to "vue/dist/vue.esm-bundler.js". 
  at <Anonymous size=14 > 
  at <RepoCard key=13 repo= {id: 13, full_name: affaan-m/everything-claude-code, owner: affaan-m, repo_name: everything-claude-code, name_zh: null} style= {animationDelay: 90ms}  ... > 
  at <HomeView onVnodeUnmounted=fn<onVnodeUnmounted> ref=Ref< Proxy(Object) > > 
  at <RouterView > 
  at <App> @ http://localhost:5173/node_modules/.vite/deps/vue.runtime.esm-bundler-CMLZRQMs.js?v=b93762a9:1752
[ 3885064ms] [WARNING] [Vue warn]: Component provided template option but runtime compilation is not supported in this build of Vue. Configure your bundler to alias "vue" to "vue/dist/vue.esm-bundler.js". 
  at <Anonymous size=14 > 
  at <RepoCard key=12 repo= {id: 12, full_name: Significant-Gravitas/AutoGPT, owner: Significant-Gravitas, repo_name: AutoGPT, name_zh: null} style= {animationDelay: 60ms}  ... > 
  at <HomeView onVnodeUnmounted=fn<onVnodeUnmounted> ref=Ref< Proxy(Object) > > 
  at <RouterView > 
  at <App> @ http://localhost:5173/node_modules/.vite/deps/vue.runtime.esm-bundler-CMLZRQMs.js?v=b93762a9:1752
[ 3885065ms] [WARNING] [Vue warn]: Component provided template option but runtime compilation is not supported in this build of Vue. Configure your bundler to alias "vue" to "vue/dist/vue.esm-bundler.js". 
  at <Anonymous size=14 > 
  at <RepoCard key=555 repo= {id: 555, full_name: obra/superpowers, owner: obra, repo_name: superpowers, name_zh: null} style= {animationDelay: 30ms}  ... > 
  at <HomeView onVnodeUnmounted=fn<onVnodeUnmounted> ref=Ref< Proxy(Object) > > 
  at <RouterView > 
  at <App> @ http://localhost:5173/node_modules/.vite/deps/vue.runtime.esm-bundler-CMLZRQMs.js?v=b93762a9:1752
[ 3885065ms] [WARNING] [Vue warn]: Component provided template option but runtime compilation is not supported in this build of Vue. Configure your bundler to alias "vue" to "vue/dist/vue.esm-bundler.js". 
  at <Anonymous size=14 > 
  at <RepoCard key=164 repo= {id: 164, full_name: n8n-io/n8n, owner: n8n-io, repo_name: n8n, name_zh: null} style= {animationDelay: 0ms}  ... > 
  at <HomeView onVnodeUnmounted=fn<onVnodeUnmounted> ref=Ref< Proxy(Object) > > 
  at <RouterView > 
  at <App> @ http://localhost:5173/node_modules/.vite/deps/vue.runtime.esm-bundler-CMLZRQMs.js?v=b93762a9:1752
[ 3974086ms] [LOG] 🍍 "app" store installed 🆕 @ http://localhost:5173/node_modules/.vite/deps/pinia.js?v=01275b44:3788
[ 3974296ms] [WARNING] [Vue warn]: Component provided template option but runtime compilation is not supported in this build of Vue. Configure your bundler to alias "vue" to "vue/dist/vue.esm-bundler.js". 
  at <Anonymous size=14 > 
  at <RepoCard key=557 repo= {id: 557, full_name: Hmbown/DeepSeek-TUI, owner: Hmbown, repo_name: DeepSeek-TUI, name_zh: null} style= {animationDelay: 0ms}  ... > 
  at <HomeView onVnodeUnmounted=fn<onVnodeUnmounted> ref=Ref< Proxy(Object) > > 
  at <RouterView > 
  at <App> @ http://localhost:5173/node_modules/.vite/deps/vue.runtime.esm-bundler-CMLZRQMs.js?v=b93762a9:1752
[ 3974297ms] [WARNING] [Vue warn]: Component provided template option but runtime compilation is not supported in this build of Vue. Configure your bundler to alias "vue" to "vue/dist/vue.esm-bundler.js". 
  at <Anonymous size=14 > 
  at <RepoCard key=564 repo= {id: 564, full_name: mattpocock/skills, owner: mattpocock, repo_name: skills, name_zh: null} style= {animationDelay: 30ms}  ... > 
  at <HomeView onVnodeUnmounted=fn<onVnodeUnmounted> ref=Ref< Proxy(Object) > > 
  at <RouterView > 
  at <App> @ http://localhost:5173/node_modules/.vite/deps/vue.runtime.esm-bundler-CMLZRQMs.js?v=b93762a9:1752
[ 3974298ms] [WARNING] [Vue warn]: Component provided template option but runtime compilation is not supported in this build of Vue. Configure your bundler to alias "vue" to "vue/dist/vue.esm-bundler.js". 
  at <Anonymous size=14 > 
  at <RepoCard key=560 repo= {id: 560, full_name: addyosmani/agent-skills, owner: addyosmani, repo_name: agent-skills, name_zh: null} style= {animationDelay: 60ms}  ... > 
  at <HomeView onVnodeUnmounted=fn<onVnodeUnmounted> ref=Ref< Proxy(Object) > > 
  at <RouterView > 
  at <App> @ http://localhost:5173/node_modules/.vite/deps/vue.runtime.esm-bundler-CMLZRQMs.js?v=b93762a9:1752
[ 3974298ms] [WARNING] [Vue warn]: Component provided template option but runtime compilation is not supported in this build of Vue. Configure your bundler to alias "vue" to "vue/dist/vue.esm-bundler.js". 
  at <Anonymous size=14 > 
  at <RepoCard key=132 repo= {id: 132, full_name: ruvnet/ruflo, owner: ruvnet, repo_name: ruflo, name_zh: null} style= {animationDelay: 90ms}  ... > 
  at <HomeView onVnodeUnmounted=fn<onVnodeUnmounted> ref=Ref< Proxy(Object) > > 
  at <RouterView > 
  at <App> @ http://localhost:5173/node_modules/.vite/deps/vue.runtime.esm-bundler-CMLZRQMs.js?v=b93762a9:1752
[ 3974299ms] [WARNING] [Vue warn]: Component provided template option but runtime compilation is not supported in this build of Vue. Configure your bundler to alias "vue" to "vue/dist/vue.esm-bundler.js". 
  at <Anonymous size=14 > 
  at <RepoCard key=24 repo= {id: 24, full_name: TauricResearch/TradingAgents, owner: TauricResearch, repo_name: TradingAgents, name_zh: null} style= {animationDelay: 120ms}  ... > 
  at <HomeView onVnodeUnmounted=fn<onVnodeUnmounted> ref=Ref< Proxy(Object) > > 
  at <RouterView > 
  at <App> @ http://localhost:5173/node_modules/.vite/deps/vue.runtime.esm-bundler-CMLZRQMs.js?v=b93762a9:1752
[ 3974299ms] [WARNING] [Vue warn]: Component provided template option but runtime compilation is not supported in this build of Vue. Configure your bundler to alias "vue" to "vue/dist/vue.esm-bundler.js". 
  at <Anonymous size=14 > 
  at <RepoCard key=117 repo= {id: 117, full_name: VectifyAI/PageIndex, owner: VectifyAI, repo_name: PageIndex, name_zh: null} style= {animationDelay: 150ms}  ... > 
  at <HomeView onVnodeUnmounted=fn<onVnodeUnmounted> ref=Ref< Proxy(Object) > > 
  at <RouterView > 
  at <App> @ http://localhost:5173/node_modules/.vite/deps/vue.runtime.esm-bundler-CMLZRQMs.js?v=b93762a9:1752
[ 3974300ms] [WARNING] [Vue warn]: Component provided template option but runtime compilation is not supported in this build of Vue. Configure your bundler to alias "vue" to "vue/dist/vue.esm-bundler.js". 
  at <Anonymous size=14 > 
  at <RepoCard key=214 repo= {id: 214, full_name: AIDC-AI/Pixelle-Video, owner: AIDC-AI, repo_name: Pixelle-Video, name_zh: null} style= {animationDelay: 180ms}  ... > 
  at <HomeView onVnodeUnmounted=fn<onVnodeUnmounted> ref=Ref< Proxy(Object) > > 
  at <RouterView > 
  at <App> @ http://localhost:5173/node_modules/.vite/deps/vue.runtime.esm-bundler-CMLZRQMs.js?v=b93762a9:1752
[ 3974300ms] [WARNING] [Vue warn]: Component provided template option but runtime compilation is not supported in this build of Vue. Configure your bundler to alias "vue" to "vue/dist/vue.esm-bundler.js". 
  at <Anonymous size=14 > 
  at <RepoCard key=129 repo= {id: 129, full_name: LearningCircuit/local-deep-research, owner: LearningCircuit, repo_name: local-deep-research, name_zh: null} style= {animationDelay: 210ms}  ... > 
  at <HomeView onVnodeUnmounted=fn<onVnodeUnmounted> ref=Ref< Proxy(Object) > > 
  at <RouterView > 
  at <App> @ http://localhost:5173/node_modules/.vite/deps/vue.runtime.esm-bundler-CMLZRQMs.js?v=b93762a9:1752
[ 3974301ms] [WARNING] [Vue warn]: Component provided template option but runtime compilation is not supported in this build of Vue. Configure your bundler to alias "vue" to "vue/dist/vue.esm-bundler.js". 
  at <Anonymous size=14 > 
  at <RepoCard key=559 repo= {id: 559, full_name: virattt/dexter, owner: virattt, repo_name: dexter, name_zh: null} style= {animationDelay: 240ms}  ... > 
  at <HomeView onVnodeUnmounted=fn<onVnodeUnmounted> ref=Ref< Proxy(Object) > > 
  at <RouterView > 
  at <App> @ http://localhost:5173/node_modules/.vite/deps/vue.runtime.esm-bundler-CMLZRQMs.js?v=b93762a9:1752
[ 3974302ms] [WARNING] [Vue warn]: Component provided template option but runtime compilation is not supported in this build of Vue. Configure your bundler to alias "vue" to "vue/dist/vue.esm-bundler.js". 
  at <Anonymous size=14 > 
  at <RepoCard key=9 repo= {id: 9, full_name: NousResearch/hermes-agent, owner: NousResearch, repo_name: hermes-agent, name_zh: null} style= {animationDelay: 270ms}  ... > 
  at <HomeView onVnodeUnmounted=fn<onVnodeUnmounted> ref=Ref< Proxy(Object) > > 
  at <RouterView > 
  at <App> @ http://localhost:5173/node_modules/.vite/deps/vue.runtime.esm-bundler-CMLZRQMs.js?v=b93762a9:1752
[ 3974302ms] [WARNING] [Vue warn]: Component provided template option but runtime compilation is not supported in this build of Vue. Configure your bundler to alias "vue" to "vue/dist/vue.esm-bundler.js". 
  at <Anonymous size=14 > 
  at <RepoCard key=563 repo= {id: 563, full_name: 1jehuang/jcode, owner: 1jehuang, repo_name: jcode, name_zh: null} style= {animationDelay: 300ms}  ... > 
  at <HomeView onVnodeUnmounted=fn<onVnodeUnmounted> ref=Ref< Proxy(Object) > > 
  at <RouterView > 
  at <App> @ http://localhost:5173/node_modules/.vite/deps/vue.runtime.esm-bundler-CMLZRQMs.js?v=b93762a9:1752
[ 3974303ms] [WARNING] [Vue warn]: Component provided template option but runtime compilation is not supported in this build of Vue. Configure your bundler to alias "vue" to "vue/dist/vue.esm-bundler.js". 
  at <Anonymous size=14 > 
  at <RepoCard key=339 repo= {id: 339, full_name: cocoindex-io/cocoindex, owner: cocoindex-io, repo_name: cocoindex, name_zh: null} style= {animationDelay: 330ms}  ... > 
  at <HomeView onVnodeUnmounted=fn<onVnodeUnmounted> ref=Ref< Proxy(Object) > > 
  at <RouterView > 
  at <App> @ http://localhost:5173/node_modules/.vite/deps/vue.runtime.esm-bundler-CMLZRQMs.js?v=b93762a9:1752
[ 3974303ms] [WARNING] [Vue warn]: Component provided template option but runtime compilation is not supported in this build of Vue. Configure your bundler to alias "vue" to "vue/dist/vue.esm-bundler.js". 
  at <Anonymous size=14 > 
  at <RepoCard key=561 repo= {id: 561, full_name: InsForge/InsForge, owner: InsForge, repo_name: InsForge, name_zh: null} style= {animationDelay: 360ms}  ... > 
  at <HomeView onVnodeUnmounted=fn<onVnodeUnmounted> ref=Ref< Proxy(Object) > > 
  at <RouterView > 
  at <App> @ http://localhost:5173/node_modules/.vite/deps/vue.runtime.esm-bundler-CMLZRQMs.js?v=b93762a9:1752
[ 3974304ms] [WARNING] [Vue warn]: Component provided template option but runtime compilation is not supported in this build of Vue. Configure your bundler to alias "vue" to "vue/dist/vue.esm-bundler.js". 
  at <Anonymous size=14 > 
  at <RepoCard key=558 repo= {id: 558, full_name: bwya77/vscode-dark-islands, owner: bwya77, repo_name: vscode-dark-islands, name_zh: null} style= {animationDelay: 390ms}  ... > 
  at <HomeView onVnodeUnmounted=fn<onVnodeUnmounted> ref=Ref< Proxy(Object) > > 
  at <RouterView > 
  at <App> @ http://localhost:5173/node_modules/.vite/deps/vue.runtime.esm-bundler-CMLZRQMs.js?v=b93762a9:1752
[ 3974304ms] [WARNING] [Vue warn]: Component provided template option but runtime compilation is not supported in this build of Vue. Configure your bundler to alias "vue" to "vue/dist/vue.esm-bundler.js". 
  at <Anonymous size=14 > 
  at <RepoCard key=1 repo= {id: 1, full_name: bytedance/UI-TARS-desktop, owner: bytedance, repo_name: UI-TARS-desktop, name_zh: null} style= {animationDelay: 420ms}  ... > 
  at <HomeView onVnodeUnmounted=fn<onVnodeUnmounted> ref=Ref< Proxy(Object) > > 
  at <RouterView > 
  at <App> @ http://localhost:5173/node_modules/.vite/deps/vue.runtime.esm-bundler-CMLZRQMs.js?v=b93762a9:1752
[ 3974304ms] [WARNING] [Vue warn]: Component provided template option but runtime compilation is not supported in this build of Vue. Configure your bundler to alias "vue" to "vue/dist/vue.esm-bundler.js". 
  at <Anonymous size=14 > 
  at <RepoCard key=3 repo= {id: 3, full_name: decolua/9router, owner: decolua, repo_name: 9router, name_zh: null} style= {animationDelay: 450ms}  ... > 
  at <HomeView onVnodeUnmounted=fn<onVnodeUnmounted> ref=Ref< Proxy(Object) > > 
  at <RouterView > 
  at <App> @ http://localhost:5173/node_modules/.vite/deps/vue.runtime.esm-bundler-CMLZRQMs.js?v=b93762a9:1752
[ 3974305ms] [WARNING] [Vue warn]: Component provided template option but runtime compilation is not supported in this build of Vue. Configure your bundler to alias "vue" to "vue/dist/vue.esm-bundler.js". 
  at <Anonymous size=14 > 
  at <RepoCard key=556 repo= {id: 556, full_name: datawhalechina/easy-vibe, owner: datawhalechina, repo_name: easy-vibe, name_zh: null} style= {animationDelay: 480ms}  ... > 
  at <HomeView onVnodeUnmounted=fn<onVnodeUnmounted> ref=Ref< Proxy(Object) > > 
  at <RouterView > 
  at <App> @ http://localhost:5173/node_modules/.vite/deps/vue.runtime.esm-bundler-CMLZRQMs.js?v=b93762a9:1752
[ 3974305ms] [WARNING] [Vue warn]: Component provided template option but runtime compilation is not supported in this build of Vue. Configure your bundler to alias "vue" to "vue/dist/vue.esm-bundler.js". 
  at <Anonymous size=14 > 
  at <RepoCard key=562 repo= {id: 562, full_name: PriorLabs/TabPFN, owner: PriorLabs, repo_name: TabPFN, name_zh: null} style= {animationDelay: 510ms}  ... > 
  at <HomeView onVnodeUnmounted=fn<onVnodeUnmounted> ref=Ref< Proxy(Object) > > 
  at <RouterView > 
  at <App> @ http://localhost:5173/node_modules/.vite/deps/vue.runtime.esm-bundler-CMLZRQMs.js?v=b93762a9:1752
[ 3974306ms] [WARNING] [Vue warn]: Component provided template option but runtime compilation is not supported in this build of Vue. Configure your bundler to alias "vue" to "vue/dist/vue.esm-bundler.js". 
  at <Anonymous size=14 > 
  at <RepoCard key=10 repo= {id: 10, full_name: rohitg00/agentmemory, owner: rohitg00, repo_name: agentmemory, name_zh: null} style= {animationDelay: 540ms}  ... > 
  at <HomeView onVnodeUnmounted=fn<onVnodeUnmounted> ref=Ref< Proxy(Object) > > 
  at <RouterView > 
  at <App> @ http://localhost:5173/node_modules/.vite/deps/vue.runtime.esm-bundler-CMLZRQMs.js?v=b93762a9:1752
[ 3974306ms] [WARNING] [Vue warn]: Component provided template option but runtime compilation is not supported in this build of Vue. Configure your bundler to alias "vue" to "vue/dist/vue.esm-bundler.js". 
  at <Anonymous size=14 > 
  at <RepoCard key=2 repo= {id: 2, full_name: yikart/AiToEarn, owner: yikart, repo_name: AiToEarn, name_zh: null} style= {animationDelay: 570ms}  ... > 
  at <HomeView onVnodeUnmounted=fn<onVnodeUnmounted> ref=Ref< Proxy(Object) > > 
  at <RouterView > 
  at <App> @ http://localhost:5173/node_modules/.vite/deps/vue.runtime.esm-bundler-CMLZRQMs.js?v=b93762a9:1752
[ 3976100ms] [WARNING] [Vue warn]: Component provided template option but runtime compilation is not supported in this build of Vue. Configure your bundler to alias "vue" to "vue/dist/vue.esm-bundler.js". 
  at <Anonymous size=14 > 
  at <RepoCard key=21 repo= {id: 21, full_name: browser-use/browser-use, owner: browser-use, repo_name: browser-use, name_zh: null} style= {animationDelay: 570ms}  ... > 
  at <HomeView onVnodeUnmounted=fn<onVnodeUnmounted> ref=Ref< Proxy(Object) > > 
  at <RouterView > 
  at <App> @ http://localhost:5173/node_modules/.vite/deps/vue.runtime.esm-bundler-CMLZRQMs.js?v=b93762a9:1752
[ 3976100ms] [WARNING] [Vue warn]: Component provided template option but runtime compilation is not supported in this build of Vue. Configure your bundler to alias "vue" to "vue/dist/vue.esm-bundler.js". 
  at <Anonymous size=14 > 
  at <RepoCard key=104 repo= {id: 104, full_name: Shubhamsaboo/awesome-llm-apps, owner: Shubhamsaboo, repo_name: awesome-llm-apps, name_zh: null} style= {animationDelay: 540ms}  ... > 
  at <HomeView onVnodeUnmounted=fn<onVnodeUnmounted> ref=Ref< Proxy(Object) > > 
  at <RouterView > 
  at <App> @ http://localhost:5173/node_modules/.vite/deps/vue.runtime.esm-bundler-CMLZRQMs.js?v=b93762a9:1752
[ 3976101ms] [WARNING] [Vue warn]: Component provided template option but runtime compilation is not supported in this build of Vue. Configure your bundler to alias "vue" to "vue/dist/vue.esm-bundler.js". 
  at <Anonymous size=14 > 
  at <RepoCard key=50 repo= {id: 50, full_name: microsoft/generative-ai-for-beginners, owner: microsoft, repo_name: generative-ai-for-beginners, name_zh: null} style= {animationDelay: 510ms}  ... > 
  at <HomeView onVnodeUnmounted=fn<onVnodeUnmounted> ref=Ref< Proxy(Object) > > 
  at <RouterView > 
  at <App> @ http://localhost:5173/node_modules/.vite/deps/vue.runtime.esm-bundler-CMLZRQMs.js?v=b93762a9:1752
[ 3976101ms] [WARNING] [Vue warn]: Component provided template option but runtime compilation is not supported in this build of Vue. Configure your bundler to alias "vue" to "vue/dist/vue.esm-bundler.js". 
  at <Anonymous size=14 > 
  at <RepoCard key=195 repo= {id: 195, full_name: Comfy-Org/ComfyUI, owner: Comfy-Org, repo_name: ComfyUI, name_zh: null} style= {animationDelay: 480ms}  ... > 
  at <HomeView onVnodeUnmounted=fn<onVnodeUnmounted> ref=Ref< Proxy(Object) > > 
  at <RouterView > 
  at <App> @ http://localhost:5173/node_modules/.vite/deps/vue.runtime.esm-bundler-CMLZRQMs.js?v=b93762a9:1752
[ 3976101ms] [WARNING] [Vue warn]: Component provided template option but runtime compilation is not supported in this build of Vue. Configure your bundler to alias "vue" to "vue/dist/vue.esm-bundler.js". 
  at <Anonymous size=14 > 
  at <RepoCard key=20 repo= {id: 20, full_name: firecrawl/firecrawl, owner: firecrawl, repo_name: firecrawl, name_zh: null} style= {animationDelay: 450ms}  ... > 
  at <HomeView onVnodeUnmounted=fn<onVnodeUnmounted> ref=Ref< Proxy(Object) > > 
  at <RouterView > 
  at <App> @ http://localhost:5173/node_modules/.vite/deps/vue.runtime.esm-bundler-CMLZRQMs.js?v=b93762a9:1752
[ 3976102ms] [WARNING] [Vue warn]: Component provided template option but runtime compilation is not supported in this build of Vue. Configure your bundler to alias "vue" to "vue/dist/vue.esm-bundler.js". 
  at <Anonymous size=14 > 
  at <RepoCard key=72 repo= {id: 72, full_name: microsoft/markitdown, owner: microsoft, repo_name: markitdown, name_zh: null} style= {animationDelay: 420ms}  ... > 
  at <HomeView onVnodeUnmounted=fn<onVnodeUnmounted> ref=Ref< Proxy(Object) > > 
  at <RouterView > 
  at <App> @ http://localhost:5173/node_modules/.vite/deps/vue.runtime.esm-bundler-CMLZRQMs.js?v=b93762a9:1752
[ 3976102ms] [WARNING] [Vue warn]: Component provided template option but runtime compilation is not supported in this build of Vue. Configure your bundler to alias "vue" to "vue/dist/vue.esm-bundler.js". 
  at <Anonymous size=14 > 
  at <RepoCard key=19 repo= {id: 19, full_name: langchain-ai/langchain, owner: langchain-ai, repo_name: langchain, name_zh: null} style= {animationDelay: 390ms}  ... > 
  at <HomeView onVnodeUnmounted=fn<onVnodeUnmounted> ref=Ref< Proxy(Object) > > 
  at <RouterView > 
  at <App> @ http://localhost:5173/node_modules/.vite/deps/vue.runtime.esm-bundler-CMLZRQMs.js?v=b93762a9:1752
[ 3976103ms] [WARNING] [Vue warn]: Component provided template option but runtime compilation is not supported in this build of Vue. Configure your bundler to alias "vue" to "vue/dist/vue.esm-bundler.js". 
  at <Anonymous size=14 > 
  at <RepoCard key=18 repo= {id: 18, full_name: open-webui/open-webui, owner: open-webui, repo_name: open-webui, name_zh: null} style= {animationDelay: 360ms}  ... > 
  at <HomeView onVnodeUnmounted=fn<onVnodeUnmounted> ref=Ref< Proxy(Object) > > 
  at <RouterView > 
  at <App> @ http://localhost:5173/node_modules/.vite/deps/vue.runtime.esm-bundler-CMLZRQMs.js?v=b93762a9:1752
[ 3976103ms] [WARNING] [Vue warn]: Component provided template option but runtime compilation is not supported in this build of Vue. Configure your bundler to alias "vue" to "vue/dist/vue.esm-bundler.js". 
  at <Anonymous size=14 > 
  at <RepoCard key=17 repo= {id: 17, full_name: langgenius/dify, owner: langgenius, repo_name: dify, name_zh: null} style= {animationDelay: 330ms}  ... > 
  at <HomeView onVnodeUnmounted=fn<onVnodeUnmounted> ref=Ref< Proxy(Object) > > 
  at <RouterView > 
  at <App> @ http://localhost:5173/node_modules/.vite/deps/vue.runtime.esm-bundler-CMLZRQMs.js?v=b93762a9:1752
[ 3976103ms] [WARNING] [Vue warn]: Component provided template option but runtime compilation is not supported in this build of Vue. Configure your bundler to alias "vue" to "vue/dist/vue.esm-bundler.js". 
  at <Anonymous size=14 > 
  at <RepoCard key=62 repo= {id: 62, full_name: langflow-ai/langflow, owner: langflow-ai, repo_name: langflow, name_zh: null} style= {animationDelay: 270ms}  ... > 
  at <HomeView onVnodeUnmounted=fn<onVnodeUnmounted> ref=Ref< Proxy(Object) > > 
  at <RouterView > 
  at <App> @ http://localhost:5173/node_modules/.vite/deps/vue.runtime.esm-bundler-CMLZRQMs.js?v=b93762a9:1752
[ 3976104ms] [WARNING] [Vue warn]: Component provided template option but runtime compilation is not supported in this build of Vue. Configure your bundler to alias "vue" to "vue/dist/vue.esm-bundler.js". 
  at <Anonymous size=14 > 
  at <RepoCard key=165 repo= {id: 165, full_name: Snailclimb/JavaGuide, owner: Snailclimb, repo_name: JavaGuide, name_zh: null} style= {animationDelay: 240ms}  ... > 
  at <HomeView onVnodeUnmounted=fn<onVnodeUnmounted> ref=Ref< Proxy(Object) > > 
  at <RouterView > 
  at <App> @ http://localhost:5173/node_modules/.vite/deps/vue.runtime.esm-bundler-CMLZRQMs.js?v=b93762a9:1752
[ 3976104ms] [WARNING] [Vue warn]: Component provided template option but runtime compilation is not supported in this build of Vue. Configure your bundler to alias "vue" to "vue/dist/vue.esm-bundler.js". 
  at <Anonymous size=14 > 
  at <RepoCard key=16 repo= {id: 16, full_name: huggingface/transformers, owner: huggingface, repo_name: transformers, name_zh: null} style= {animationDelay: 210ms}  ... > 
  at <HomeView onVnodeUnmounted=fn<onVnodeUnmounted> ref=Ref< Proxy(Object) > > 
  at <RouterView > 
  at <App> @ http://localhost:5173/node_modules/.vite/deps/vue.runtime.esm-bundler-CMLZRQMs.js?v=b93762a9:1752
[ 3976104ms] [WARNING] [Vue warn]: Component provided template option but runtime compilation is not supported in this build of Vue. Configure your bundler to alias "vue" to "vue/dist/vue.esm-bundler.js". 
  at <Anonymous size=14 > 
  at <RepoCard key=15 repo= {id: 15, full_name: f/prompts.chat, owner: f, repo_name: prompts.chat, name_zh: null} style= {animationDelay: 180ms}  ... > 
  at <HomeView onVnodeUnmounted=fn<onVnodeUnmounted> ref=Ref< Proxy(Object) > > 
  at <RouterView > 
  at <App> @ http://localhost:5173/node_modules/.vite/deps/vue.runtime.esm-bundler-CMLZRQMs.js?v=b93762a9:1752
[ 3976105ms] [WARNING] [Vue warn]: Component provided template option but runtime compilation is not supported in this build of Vue. Configure your bundler to alias "vue" to "vue/dist/vue.esm-bundler.js". 
  at <Anonymous size=14 > 
  at <RepoCard key=7 repo= {id: 7, full_name: AUTOMATIC1111/stable-diffusion-webui, owner: AUTOMATIC1111, repo_name: stable-diffusion-webui, name_zh: null} style= {animationDelay: 150ms}  ... > 
  at <HomeView onVnodeUnmounted=fn<onVnodeUnmounted> ref=Ref< Proxy(Object) > > 
  at <RouterView > 
  at <App> @ http://localhost:5173/node_modules/.vite/deps/vue.runtime.esm-bundler-CMLZRQMs.js?v=b93762a9:1752
[ 3976105ms] [WARNING] [Vue warn]: Component provided template option but runtime compilation is not supported in this build of Vue. Configure your bundler to alias "vue" to "vue/dist/vue.esm-bundler.js". 
  at <Anonymous size=14 > 
  at <RepoCard key=14 repo= {id: 14, full_name: ollama/ollama, owner: ollama, repo_name: ollama, name_zh: null} style= {animationDelay: 120ms}  ... > 
  at <HomeView onVnodeUnmounted=fn<onVnodeUnmounted> ref=Ref< Proxy(Object) > > 
  at <RouterView > 
  at <App> @ http://localhost:5173/node_modules/.vite/deps/vue.runtime.esm-bundler-CMLZRQMs.js?v=b93762a9:1752
[ 3976106ms] [WARNING] [Vue warn]: Component provided template option but runtime compilation is not supported in this build of Vue. Configure your bundler to alias "vue" to "vue/dist/vue.esm-bundler.js". 
  at <Anonymous size=14 > 
  at <RepoCard key=13 repo= {id: 13, full_name: affaan-m/everything-claude-code, owner: affaan-m, repo_name: everything-claude-code, name_zh: null} style= {animationDelay: 90ms}  ... > 
  at <HomeView onVnodeUnmounted=fn<onVnodeUnmounted> ref=Ref< Proxy(Object) > > 
  at <RouterView > 
  at <App> @ http://localhost:5173/node_modules/.vite/deps/vue.runtime.esm-bundler-CMLZRQMs.js?v=b93762a9:1752
[ 3976106ms] [WARNING] [Vue warn]: Component provided template option but runtime compilation is not supported in this build of Vue. Configure your bundler to alias "vue" to "vue/dist/vue.esm-bundler.js". 
  at <Anonymous size=14 > 
  at <RepoCard key=12 repo= {id: 12, full_name: Significant-Gravitas/AutoGPT, owner: Significant-Gravitas, repo_name: AutoGPT, name_zh: null} style= {animationDelay: 60ms}  ... > 
  at <HomeView onVnodeUnmounted=fn<onVnodeUnmounted> ref=Ref< Proxy(Object) > > 
  at <RouterView > 
  at <App> @ http://localhost:5173/node_modules/.vite/deps/vue.runtime.esm-bundler-CMLZRQMs.js?v=b93762a9:1752
[ 3976106ms] [WARNING] [Vue warn]: Component provided template option but runtime compilation is not supported in this build of Vue. Configure your bundler to alias "vue" to "vue/dist/vue.esm-bundler.js". 
  at <Anonymous size=14 > 
  at <RepoCard key=555 repo= {id: 555, full_name: obra/superpowers, owner: obra, repo_name: superpowers, name_zh: null} style= {animationDelay: 30ms}  ... > 
  at <HomeView onVnodeUnmounted=fn<onVnodeUnmounted> ref=Ref< Proxy(Object) > > 
  at <RouterView > 
  at <App> @ http://localhost:5173/node_modules/.vite/deps/vue.runtime.esm-bundler-CMLZRQMs.js?v=b93762a9:1752
[ 3976107ms] [WARNING] [Vue warn]: Component provided template option but runtime compilation is not supported in this build of Vue. Configure your bundler to alias "vue" to "vue/dist/vue.esm-bundler.js". 
  at <Anonymous size=14 > 
  at <RepoCard key=164 repo= {id: 164, full_name: n8n-io/n8n, owner: n8n-io, repo_name: n8n, name_zh: null} style= {animationDelay: 0ms}  ... > 
  at <HomeView onVnodeUnmounted=fn<onVnodeUnmounted> ref=Ref< Proxy(Object) > > 
  at <RouterView > 
  at <App> @ http://localhost:5173/node_modules/.vite/deps/vue.runtime.esm-bundler-CMLZRQMs.js?v=b93762a9:1752
[ 3978781ms] [WARNING] [Vue warn]: Component provided template option but runtime compilation is not supported in this build of Vue. Configure your bundler to alias "vue" to "vue/dist/vue.esm-bundler.js". 
  at <Anonymous size=14 > 
  at <RepoCard key=488 repo= {id: 488, full_name: siyuan-note/siyuan, owner: siyuan-note, repo_name: siyuan, name_zh: null} style= {animationDelay: 570ms}  ... > 
  at <HomeView onVnodeUnmounted=fn<onVnodeUnmounted> ref=Ref< Proxy(Object) > > 
  at <RouterView > 
  at <App> @ http://localhost:5173/node_modules/.vite/deps/vue.runtime.esm-bundler-CMLZRQMs.js?v=b93762a9:1752
[ 3978782ms] [WARNING] [Vue warn]: Component provided template option but runtime compilation is not supported in this build of Vue. Configure your bundler to alias "vue" to "vue/dist/vue.esm-bundler.js". 
  at <Anonymous size=14 > 
  at <RepoCard key=30 repo= {id: 30, full_name: jingyaogong/minimind, owner: jingyaogong, repo_name: minimind, name_zh: null} style= {animationDelay: 540ms}  ... > 
  at <HomeView onVnodeUnmounted=fn<onVnodeUnmounted> ref=Ref< Proxy(Object) > > 
  at <RouterView > 
  at <App> @ http://localhost:5173/node_modules/.vite/deps/vue.runtime.esm-bundler-CMLZRQMs.js?v=b93762a9:1752
[ 3978782ms] [WARNING] [Vue warn]: Component provided template option but runtime compilation is not supported in this build of Vue. Configure your bundler to alias "vue" to "vue/dist/vue.esm-bundler.js". 
  at <Anonymous size=14 > 
  at <RepoCard key=75 repo= {id: 75, full_name: ggml-org/whisper.cpp, owner: ggml-org, repo_name: whisper.cpp, name_zh: null} style= {animationDelay: 510ms}  ... > 
  at <HomeView onVnodeUnmounted=fn<onVnodeUnmounted> ref=Ref< Proxy(Object) > > 
  at <RouterView > 
  at <App> @ http://localhost:5173/node_modules/.vite/deps/vue.runtime.esm-bundler-CMLZRQMs.js?v=b93762a9:1752
[ 3978783ms] [WARNING] [Vue warn]: Component provided template option but runtime compilation is not supported in this build of Vue. Configure your bundler to alias "vue" to "vue/dist/vue.esm-bundler.js". 
  at <Anonymous size=14 > 
  at <RepoCard key=54 repo= {id: 54, full_name: lencx/ChatGPT, owner: lencx, repo_name: ChatGPT, name_zh: null} style= {animationDelay: 480ms}  ... > 
  at <HomeView onVnodeUnmounted=fn<onVnodeUnmounted> ref=Ref< Proxy(Object) > > 
  at <RouterView > 
  at <App> @ http://localhost:5173/node_modules/.vite/deps/vue.runtime.esm-bundler-CMLZRQMs.js?v=b93762a9:1752
[ 3978783ms] [WARNING] [Vue warn]: Component provided template option but runtime compilation is not supported in this build of Vue. Configure your bundler to alias "vue" to "vue/dist/vue.esm-bundler.js". 
  at <Anonymous size=14 > 
  at <RepoCard key=70 repo= {id: 70, full_name: harry0703/MoneyPrinterTurbo, owner: harry0703, repo_name: MoneyPrinterTurbo, name_zh: null} style= {animationDelay: 450ms}  ... > 
  at <HomeView onVnodeUnmounted=fn<onVnodeUnmounted> ref=Ref< Proxy(Object) > > 
  at <RouterView > 
  at <App> @ http://localhost:5173/node_modules/.vite/deps/vue.runtime.esm-bundler-CMLZRQMs.js?v=b93762a9:1752
[ 3978784ms] [WARNING] [Vue warn]: Component provided template option but runtime compilation is not supported in this build of Vue. Configure your bundler to alias "vue" to "vue/dist/vue.esm-bundler.js". 
  at <Anonymous size=14 > 
  at <RepoCard key=358 repo= {id: 358, full_name: RVC-Boss/GPT-SoVITS, owner: RVC-Boss, repo_name: GPT-SoVITS, name_zh: null} style= {animationDelay: 420ms}  ... > 
  at <HomeView onVnodeUnmounted=fn<onVnodeUnmounted> ref=Ref< Proxy(Object) > > 
  at <RouterView > 
  at <App> @ http://localhost:5173/node_modules/.vite/deps/vue.runtime.esm-bundler-CMLZRQMs.js?v=b93762a9:1752
[ 3978784ms] [WARNING] [Vue warn]: Component provided template option but runtime compilation is not supported in this build of Vue. Configure your bundler to alias "vue" to "vue/dist/vue.esm-bundler.js". 
  at <Anonymous size=14 > 
  at <RepoCard key=53 repo= {id: 53, full_name: PlexPt/awesome-chatgpt-prompts-zh, owner: PlexPt, repo_name: awesome-chatgpt-prompts-zh, name_zh: null} style= {animationDelay: 390ms}  ... > 
  at <HomeView onVnodeUnmounted=fn<onVnodeUnmounted> ref=Ref< Proxy(Object) > > 
  at <RouterView > 
  at <App> @ http://localhost:5173/node_modules/.vite/deps/vue.runtime.esm-bundler-CMLZRQMs.js?v=b93762a9:1752
[ 3978784ms] [WARNING] [Vue warn]: Component provided template option but runtime compilation is not supported in this build of Vue. Configure your bundler to alias "vue" to "vue/dist/vue.esm-bundler.js". 
  at <Anonymous size=14 > 
  at <RepoCard key=67 repo= {id: 67, full_name: openinterpreter/open-interpreter, owner: openinterpreter, repo_name: open-interpreter, name_zh: null} style= {animationDelay: 360ms}  ... > 
  at <HomeView onVnodeUnmounted=fn<onVnodeUnmounted> ref=Ref< Proxy(Object) > > 
  at <RouterView > 
  at <App> @ http://localhost:5173/node_modules/.vite/deps/vue.runtime.esm-bundler-CMLZRQMs.js?v=b93762a9:1752
[ 3978785ms] [WARNING] [Vue warn]: Component provided template option but runtime compilation is not supported in this build of Vue. Configure your bundler to alias "vue" to "vue/dist/vue.esm-bundler.js". 
  at <Anonymous size=14 > 
  at <RepoCard key=52 repo= {id: 52, full_name: xtekky/gpt4free, owner: xtekky, repo_name: gpt4free, name_zh: null} style= {animationDelay: 330ms}  ... > 
  at <HomeView onVnodeUnmounted=fn<onVnodeUnmounted> ref=Ref< Proxy(Object) > > 
  at <RouterView > 
  at <App> @ http://localhost:5173/node_modules/.vite/deps/vue.runtime.esm-bundler-CMLZRQMs.js?v=b93762a9:1752
[ 3978785ms] [WARNING] [Vue warn]: Component provided template option but runtime compilation is not supported in this build of Vue. Configure your bundler to alias "vue" to "vue/dist/vue.esm-bundler.js". 
  at <Anonymous size=14 > 
  at <RepoCard key=276 repo= {id: 276, full_name: labmlai/annotated_deep_learning_paper_implementations, owner: labmlai, repo_name: annotated_deep_learning_paper_implementations, name_zh: null} style= {animationDelay: 300ms}  ... > 
  at <HomeView onVnodeUnmounted=fn<onVnodeUnmounted> ref=Ref< Proxy(Object) > > 
  at <RouterView > 
  at <App> @ http://localhost:5173/node_modules/.vite/deps/vue.runtime.esm-bundler-CMLZRQMs.js?v=b93762a9:1752
[ 3978785ms] [WARNING] [Vue warn]: Component provided template option but runtime compilation is not supported in this build of Vue. Configure your bundler to alias "vue" to "vue/dist/vue.esm-bundler.js". 
  at <Anonymous size=14 > 
  at <RepoCard key=66 repo= {id: 66, full_name: binary-husky/gpt_academic, owner: binary-husky, repo_name: gpt_academic, name_zh: null} style= {animationDelay: 270ms}  ... > 
  at <HomeView onVnodeUnmounted=fn<onVnodeUnmounted> ref=Ref< Proxy(Object) > > 
  at <RouterView > 
  at <App> @ http://localhost:5173/node_modules/.vite/deps/vue.runtime.esm-bundler-CMLZRQMs.js?v=b93762a9:1752
[ 3978786ms] [WARNING] [Vue warn]: Component provided template option but runtime compilation is not supported in this build of Vue. Configure your bundler to alias "vue" to "vue/dist/vue.esm-bundler.js". 
  at <Anonymous size=14 > 
  at <RepoCard key=65 repo= {id: 65, full_name: openai/openai-cookbook, owner: openai, repo_name: openai-cookbook, name_zh: null} style= {animationDelay: 240ms}  ... > 
  at <HomeView onVnodeUnmounted=fn<onVnodeUnmounted> ref=Ref< Proxy(Object) > > 
  at <RouterView > 
  at <App> @ http://localhost:5173/node_modules/.vite/deps/vue.runtime.esm-bundler-CMLZRQMs.js?v=b93762a9:1752
[ 3978786ms] [WARNING] [Vue warn]: Component provided template option but runtime compilation is not supported in this build of Vue. Configure your bundler to alias "vue" to "vue/dist/vue.esm-bundler.js". 
  at <Anonymous size=14 > 
  at <RepoCard key=23 repo= {id: 23, full_name: mlabonne/llm-course, owner: mlabonne, repo_name: llm-course, name_zh: null} style= {animationDelay: 210ms}  ... > 
  at <HomeView onVnodeUnmounted=fn<onVnodeUnmounted> ref=Ref< Proxy(Object) > > 
  at <RouterView > 
  at <App> @ http://localhost:5173/node_modules/.vite/deps/vue.runtime.esm-bundler-CMLZRQMs.js?v=b93762a9:1752
[ 3978787ms] [WARNING] [Vue warn]: Component provided template option but runtime compilation is not supported in this build of Vue. Configure your bundler to alias "vue" to "vue/dist/vue.esm-bundler.js". 
  at <Anonymous size=14 > 
  at <RepoCard key=22 repo= {id: 22, full_name: vllm-project/vllm, owner: vllm-project, repo_name: vllm, name_zh: null} style= {animationDelay: 180ms}  ... > 
  at <HomeView onVnodeUnmounted=fn<onVnodeUnmounted> ref=Ref< Proxy(Object) > > 
  at <RouterView > 
  at <App> @ http://localhost:5173/node_modules/.vite/deps/vue.runtime.esm-bundler-CMLZRQMs.js?v=b93762a9:1752
[ 3978787ms] [WARNING] [Vue warn]: Component provided template option but runtime compilation is not supported in this build of Vue. Configure your bundler to alias "vue" to "vue/dist/vue.esm-bundler.js". 
  at <Anonymous size=14 > 
  at <RepoCard key=63 repo= {id: 63, full_name: ChatGPTNextWeb/NextChat, owner: ChatGPTNextWeb, repo_name: NextChat, name_zh: null} style= {animationDelay: 150ms}  ... > 
  at <HomeView onVnodeUnmounted=fn<onVnodeUnmounted> ref=Ref< Proxy(Object) > > 
  at <RouterView > 
  at <App> @ http://localhost:5173/node_modules/.vite/deps/vue.runtime.esm-bundler-CMLZRQMs.js?v=b93762a9:1752
[ 3978787ms] [WARNING] [Vue warn]: Component provided template option but runtime compilation is not supported in this build of Vue. Configure your bundler to alias "vue" to "vue/dist/vue.esm-bundler.js". 
  at <Anonymous size=14 > 
  at <RepoCard key=8 repo= {id: 8, full_name: rasbt/LLMs-from-scratch, owner: rasbt, repo_name: LLMs-from-scratch, name_zh: null} style= {animationDelay: 120ms}  ... > 
  at <HomeView onVnodeUnmounted=fn<onVnodeUnmounted> ref=Ref< Proxy(Object) > > 
  at <RouterView > 
  at <App> @ http://localhost:5173/node_modules/.vite/deps/vue.runtime.esm-bundler-CMLZRQMs.js?v=b93762a9:1752
[ 3979346ms] [WARNING] [Vue warn]: Component provided template option but runtime compilation is not supported in this build of Vue. Configure your bundler to alias "vue" to "vue/dist/vue.esm-bundler.js". 
  at <Anonymous size=14 > 
  at <RepoCard key=21 repo= {id: 21, full_name: browser-use/browser-use, owner: browser-use, repo_name: browser-use, name_zh: null} style= {animationDelay: 570ms}  ... > 
  at <HomeView onVnodeUnmounted=fn<onVnodeUnmounted> ref=Ref< Proxy(Object) > > 
  at <RouterView > 
  at <App> @ http://localhost:5173/node_modules/.vite/deps/vue.runtime.esm-bundler-CMLZRQMs.js?v=b93762a9:1752
[ 3979346ms] [WARNING] [Vue warn]: Component provided template option but runtime compilation is not supported in this build of Vue. Configure your bundler to alias "vue" to "vue/dist/vue.esm-bundler.js". 
  at <Anonymous size=14 > 
  at <RepoCard key=104 repo= {id: 104, full_name: Shubhamsaboo/awesome-llm-apps, owner: Shubhamsaboo, repo_name: awesome-llm-apps, name_zh: null} style= {animationDelay: 540ms}  ... > 
  at <HomeView onVnodeUnmounted=fn<onVnodeUnmounted> ref=Ref< Proxy(Object) > > 
  at <RouterView > 
  at <App> @ http://localhost:5173/node_modules/.vite/deps/vue.runtime.esm-bundler-CMLZRQMs.js?v=b93762a9:1752
[ 3979347ms] [WARNING] [Vue warn]: Component provided template option but runtime compilation is not supported in this build of Vue. Configure your bundler to alias "vue" to "vue/dist/vue.esm-bundler.js". 
  at <Anonymous size=14 > 
  at <RepoCard key=195 repo= {id: 195, full_name: Comfy-Org/ComfyUI, owner: Comfy-Org, repo_name: ComfyUI, name_zh: null} style= {animationDelay: 480ms}  ... > 
  at <HomeView onVnodeUnmounted=fn<onVnodeUnmounted> ref=Ref< Proxy(Object) > > 
  at <RouterView > 
  at <App> @ http://localhost:5173/node_modules/.vite/deps/vue.runtime.esm-bundler-CMLZRQMs.js?v=b93762a9:1752
[ 3979347ms] [WARNING] [Vue warn]: Component provided template option but runtime compilation is not supported in this build of Vue. Configure your bundler to alias "vue" to "vue/dist/vue.esm-bundler.js". 
  at <Anonymous size=14 > 
  at <RepoCard key=20 repo= {id: 20, full_name: firecrawl/firecrawl, owner: firecrawl, repo_name: firecrawl, name_zh: null} style= {animationDelay: 450ms}  ... > 
  at <HomeView onVnodeUnmounted=fn<onVnodeUnmounted> ref=Ref< Proxy(Object) > > 
  at <RouterView > 
  at <App> @ http://localhost:5173/node_modules/.vite/deps/vue.runtime.esm-bundler-CMLZRQMs.js?v=b93762a9:1752
[ 3979347ms] [WARNING] [Vue warn]: Component provided template option but runtime compilation is not supported in this build of Vue. Configure your bundler to alias "vue" to "vue/dist/vue.esm-bundler.js". 
  at <Anonymous size=14 > 
  at <RepoCard key=72 repo= {id: 72, full_name: microsoft/markitdown, owner: microsoft, repo_name: markitdown, name_zh: null} style= {animationDelay: 420ms}  ... > 
  at <HomeView onVnodeUnmounted=fn<onVnodeUnmounted> ref=Ref< Proxy(Object) > > 
  at <RouterView > 
  at <App> @ http://localhost:5173/node_modules/.vite/deps/vue.runtime.esm-bundler-CMLZRQMs.js?v=b93762a9:1752
[ 3979348ms] [WARNING] [Vue warn]: Component provided template option but runtime compilation is not supported in this build of Vue. Configure your bundler to alias "vue" to "vue/dist/vue.esm-bundler.js". 
  at <Anonymous size=14 > 
  at <RepoCard key=19 repo= {id: 19, full_name: langchain-ai/langchain, owner: langchain-ai, repo_name: langchain, name_zh: null} style= {animationDelay: 390ms}  ... > 
  at <HomeView onVnodeUnmounted=fn<onVnodeUnmounted> ref=Ref< Proxy(Object) > > 
  at <RouterView > 
  at <App> @ http://localhost:5173/node_modules/.vite/deps/vue.runtime.esm-bundler-CMLZRQMs.js?v=b93762a9:1752
[ 3979348ms] [WARNING] [Vue warn]: Component provided template option but runtime compilation is not supported in this build of Vue. Configure your bundler to alias "vue" to "vue/dist/vue.esm-bundler.js". 
  at <Anonymous size=14 > 
  at <RepoCard key=18 repo= {id: 18, full_name: open-webui/open-webui, owner: open-webui, repo_name: open-webui, name_zh: null} style= {animationDelay: 360ms}  ... > 
  at <HomeView onVnodeUnmounted=fn<onVnodeUnmounted> ref=Ref< Proxy(Object) > > 
  at <RouterView > 
  at <App> @ http://localhost:5173/node_modules/.vite/deps/vue.runtime.esm-bundler-CMLZRQMs.js?v=b93762a9:1752
[ 3979349ms] [WARNING] [Vue warn]: Component provided template option but runtime compilation is not supported in this build of Vue. Configure your bundler to alias "vue" to "vue/dist/vue.esm-bundler.js". 
  at <Anonymous size=14 > 
  at <RepoCard key=17 repo= {id: 17, full_name: langgenius/dify, owner: langgenius, repo_name: dify, name_zh: null} style= {animationDelay: 330ms}  ... > 
  at <HomeView onVnodeUnmounted=fn<onVnodeUnmounted> ref=Ref< Proxy(Object) > > 
  at <RouterView > 
  at <App> @ http://localhost:5173/node_modules/.vite/deps/vue.runtime.esm-bundler-CMLZRQMs.js?v=b93762a9:1752
[ 3979349ms] [WARNING] [Vue warn]: Component provided template option but runtime compilation is not supported in this build of Vue. Configure your bundler to alias "vue" to "vue/dist/vue.esm-bundler.js". 
  at <Anonymous size=14 > 
  at <RepoCard key=9 repo= {id: 9, full_name: NousResearch/hermes-agent, owner: NousResearch, repo_name: hermes-agent, name_zh: null} style= {animationDelay: 300ms}  ... > 
  at <HomeView onVnodeUnmounted=fn<onVnodeUnmounted> ref=Ref< Proxy(Object) > > 
  at <RouterView > 
  at <App> @ http://localhost:5173/node_modules/.vite/deps/vue.runtime.esm-bundler-CMLZRQMs.js?v=b93762a9:1752
[ 3979349ms] [WARNING] [Vue warn]: Component provided template option but runtime compilation is not supported in this build of Vue. Configure your bundler to alias "vue" to "vue/dist/vue.esm-bundler.js". 
  at <Anonymous size=14 > 
  at <RepoCard key=62 repo= {id: 62, full_name: langflow-ai/langflow, owner: langflow-ai, repo_name: langflow, name_zh: null} style= {animationDelay: 270ms}  ... > 
  at <HomeView onVnodeUnmounted=fn<onVnodeUnmounted> ref=Ref< Proxy(Object) > > 
  at <RouterView > 
  at <App> @ http://localhost:5173/node_modules/.vite/deps/vue.runtime.esm-bundler-CMLZRQMs.js?v=b93762a9:1752
[ 3979350ms] [WARNING] [Vue warn]: Component provided template option but runtime compilation is not supported in this build of Vue. Configure your bundler to alias "vue" to "vue/dist/vue.esm-bundler.js". 
  at <Anonymous size=14 > 
  at <RepoCard key=165 repo= {id: 165, full_name: Snailclimb/JavaGuide, owner: Snailclimb, repo_name: JavaGuide, name_zh: null} style= {animationDelay: 240ms}  ... > 
  at <HomeView onVnodeUnmounted=fn<onVnodeUnmounted> ref=Ref< Proxy(Object) > > 
  at <RouterView > 
  at <App> @ http://localhost:5173/node_modules/.vite/deps/vue.runtime.esm-bundler-CMLZRQMs.js?v=b93762a9:1752
[ 3979350ms] [WARNING] [Vue warn]: Component provided template option but runtime compilation is not supported in this build of Vue. Configure your bundler to alias "vue" to "vue/dist/vue.esm-bundler.js". 
  at <Anonymous size=14 > 
  at <RepoCard key=7 repo= {id: 7, full_name: AUTOMATIC1111/stable-diffusion-webui, owner: AUTOMATIC1111, repo_name: stable-diffusion-webui, name_zh: null} style= {animationDelay: 150ms}  ... > 
  at <HomeView onVnodeUnmounted=fn<onVnodeUnmounted> ref=Ref< Proxy(Object) > > 
  at <RouterView > 
  at <App> @ http://localhost:5173/node_modules/.vite/deps/vue.runtime.esm-bundler-CMLZRQMs.js?v=b93762a9:1752
[ 3979350ms] [WARNING] [Vue warn]: Component provided template option but runtime compilation is not supported in this build of Vue. Configure your bundler to alias "vue" to "vue/dist/vue.esm-bundler.js". 
  at <Anonymous size=14 > 
  at <RepoCard key=13 repo= {id: 13, full_name: affaan-m/everything-claude-code, owner: affaan-m, repo_name: everything-claude-code, name_zh: null} style= {animationDelay: 90ms}  ... > 
  at <HomeView onVnodeUnmounted=fn<onVnodeUnmounted> ref=Ref< Proxy(Object) > > 
  at <RouterView > 
  at <App> @ http://localhost:5173/node_modules/.vite/deps/vue.runtime.esm-bundler-CMLZRQMs.js?v=b93762a9:1752
[ 3979351ms] [WARNING] [Vue warn]: Component provided template option but runtime compilation is not supported in this build of Vue. Configure your bundler to alias "vue" to "vue/dist/vue.esm-bundler.js". 
  at <Anonymous size=14 > 
  at <RepoCard key=12 repo= {id: 12, full_name: Significant-Gravitas/AutoGPT, owner: Significant-Gravitas, repo_name: AutoGPT, name_zh: null} style= {animationDelay: 60ms}  ... > 
  at <HomeView onVnodeUnmounted=fn<onVnodeUnmounted> ref=Ref< Proxy(Object) > > 
  at <RouterView > 
  at <App> @ http://localhost:5173/node_modules/.vite/deps/vue.runtime.esm-bundler-CMLZRQMs.js?v=b93762a9:1752
[ 3979351ms] [WARNING] [Vue warn]: Component provided template option but runtime compilation is not supported in this build of Vue. Configure your bundler to alias "vue" to "vue/dist/vue.esm-bundler.js". 
  at <Anonymous size=14 > 
  at <RepoCard key=555 repo= {id: 555, full_name: obra/superpowers, owner: obra, repo_name: superpowers, name_zh: null} style= {animationDelay: 30ms}  ... > 
  at <HomeView onVnodeUnmounted=fn<onVnodeUnmounted> ref=Ref< Proxy(Object) > > 
  at <RouterView > 
  at <App> @ http://localhost:5173/node_modules/.vite/deps/vue.runtime.esm-bundler-CMLZRQMs.js?v=b93762a9:1752
[ 3979352ms] [WARNING] [Vue warn]: Component provided template option but runtime compilation is not supported in this build of Vue. Configure your bundler to alias "vue" to "vue/dist/vue.esm-bundler.js". 
  at <Anonymous size=14 > 
  at <RepoCard key=164 repo= {id: 164, full_name: n8n-io/n8n, owner: n8n-io, repo_name: n8n, name_zh: null} style= {animationDelay: 0ms}  ... > 
  at <HomeView onVnodeUnmounted=fn<onVnodeUnmounted> ref=Ref< Proxy(Object) > > 
  at <RouterView > 
  at <App> @ http://localhost:5173/node_modules/.vite/deps/vue.runtime.esm-bundler-CMLZRQMs.js?v=b93762a9:1752
[ 3989537ms] [LOG] 🍍 "app" store installed 🆕 @ http://localhost:5173/node_modules/.vite/deps/pinia.js?v=01275b44:3788
[ 3989662ms] [WARNING] [Vue warn]: Component provided template option but runtime compilation is not supported in this build of Vue. Configure your bundler to alias "vue" to "vue/dist/vue.esm-bundler.js". 
  at <Anonymous size=14 > 
  at <RepoCard key=557 repo= {id: 557, full_name: Hmbown/DeepSeek-TUI, owner: Hmbown, repo_name: DeepSeek-TUI, name_zh: null} style= {animationDelay: 0ms}  ... > 
  at <HomeView onVnodeUnmounted=fn<onVnodeUnmounted> ref=Ref< Proxy(Object) > > 
  at <RouterView > 
  at <App> @ http://localhost:5173/node_modules/.vite/deps/vue.runtime.esm-bundler-CMLZRQMs.js?v=b93762a9:1752
[ 3989663ms] [WARNING] [Vue warn]: Component provided template option but runtime compilation is not supported in this build of Vue. Configure your bundler to alias "vue" to "vue/dist/vue.esm-bundler.js". 
  at <Anonymous size=14 > 
  at <RepoCard key=564 repo= {id: 564, full_name: mattpocock/skills, owner: mattpocock, repo_name: skills, name_zh: null} style= {animationDelay: 30ms}  ... > 
  at <HomeView onVnodeUnmounted=fn<onVnodeUnmounted> ref=Ref< Proxy(Object) > > 
  at <RouterView > 
  at <App> @ http://localhost:5173/node_modules/.vite/deps/vue.runtime.esm-bundler-CMLZRQMs.js?v=b93762a9:1752
[ 3989663ms] [WARNING] [Vue warn]: Component provided template option but runtime compilation is not supported in this build of Vue. Configure your bundler to alias "vue" to "vue/dist/vue.esm-bundler.js". 
  at <Anonymous size=14 > 
  at <RepoCard key=560 repo= {id: 560, full_name: addyosmani/agent-skills, owner: addyosmani, repo_name: agent-skills, name_zh: null} style= {animationDelay: 60ms}  ... > 
  at <HomeView onVnodeUnmounted=fn<onVnodeUnmounted> ref=Ref< Proxy(Object) > > 
  at <RouterView > 
  at <App> @ http://localhost:5173/node_modules/.vite/deps/vue.runtime.esm-bundler-CMLZRQMs.js?v=b93762a9:1752
[ 3989664ms] [WARNING] [Vue warn]: Component provided template option but runtime compilation is not supported in this build of Vue. Configure your bundler to alias "vue" to "vue/dist/vue.esm-bundler.js". 
  at <Anonymous size=14 > 
  at <RepoCard key=132 repo= {id: 132, full_name: ruvnet/ruflo, owner: ruvnet, repo_name: ruflo, name_zh: null} style= {animationDelay: 90ms}  ... > 
  at <HomeView onVnodeUnmounted=fn<onVnodeUnmounted> ref=Ref< Proxy(Object) > > 
  at <RouterView > 
  at <App> @ http://localhost:5173/node_modules/.vite/deps/vue.runtime.esm-bundler-CMLZRQMs.js?v=b93762a9:1752
[ 3989664ms] [WARNING] [Vue warn]: Component provided template option but runtime compilation is not supported in this build of Vue. Configure your bundler to alias "vue" to "vue/dist/vue.esm-bundler.js". 
  at <Anonymous size=14 > 
  at <RepoCard key=24 repo= {id: 24, full_name: TauricResearch/TradingAgents, owner: TauricResearch, repo_name: TradingAgents, name_zh: null} style= {animationDelay: 120ms}  ... > 
  at <HomeView onVnodeUnmounted=fn<onVnodeUnmounted> ref=Ref< Proxy(Object) > > 
  at <RouterView > 
  at <App> @ http://localhost:5173/node_modules/.vite/deps/vue.runtime.esm-bundler-CMLZRQMs.js?v=b93762a9:1752
[ 3989665ms] [WARNING] [Vue warn]: Component provided template option but runtime compilation is not supported in this build of Vue. Configure your bundler to alias "vue" to "vue/dist/vue.esm-bundler.js". 
  at <Anonymous size=14 > 
  at <RepoCard key=117 repo= {id: 117, full_name: VectifyAI/PageIndex, owner: VectifyAI, repo_name: PageIndex, name_zh: null} style= {animationDelay: 150ms}  ... > 
  at <HomeView onVnodeUnmounted=fn<onVnodeUnmounted> ref=Ref< Proxy(Object) > > 
  at <RouterView > 
  at <App> @ http://localhost:5173/node_modules/.vite/deps/vue.runtime.esm-bundler-CMLZRQMs.js?v=b93762a9:1752
[ 3989665ms] [WARNING] [Vue warn]: Component provided template option but runtime compilation is not supported in this build of Vue. Configure your bundler to alias "vue" to "vue/dist/vue.esm-bundler.js". 
  at <Anonymous size=14 > 
  at <RepoCard key=214 repo= {id: 214, full_name: AIDC-AI/Pixelle-Video, owner: AIDC-AI, repo_name: Pixelle-Video, name_zh: null} style= {animationDelay: 180ms}  ... > 
  at <HomeView onVnodeUnmounted=fn<onVnodeUnmounted> ref=Ref< Proxy(Object) > > 
  at <RouterView > 
  at <App> @ http://localhost:5173/node_modules/.vite/deps/vue.runtime.esm-bundler-CMLZRQMs.js?v=b93762a9:1752
[ 3989666ms] [WARNING] [Vue warn]: Component provided template option but runtime compilation is not supported in this build of Vue. Configure your bundler to alias "vue" to "vue/dist/vue.esm-bundler.js". 
  at <Anonymous size=14 > 
  at <RepoCard key=129 repo= {id: 129, full_name: LearningCircuit/local-deep-research, owner: LearningCircuit, repo_name: local-deep-research, name_zh: null} style= {animationDelay: 210ms}  ... > 
  at <HomeView onVnodeUnmounted=fn<onVnodeUnmounted> ref=Ref< Proxy(Object) > > 
  at <RouterView > 
  at <App> @ http://localhost:5173/node_modules/.vite/deps/vue.runtime.esm-bundler-CMLZRQMs.js?v=b93762a9:1752
[ 3989666ms] [WARNING] [Vue warn]: Component provided template option but runtime compilation is not supported in this build of Vue. Configure your bundler to alias "vue" to "vue/dist/vue.esm-bundler.js". 
  at <Anonymous size=14 > 
  at <RepoCard key=559 repo= {id: 559, full_name: virattt/dexter, owner: virattt, repo_name: dexter, name_zh: null} style= {animationDelay: 240ms}  ... > 
  at <HomeView onVnodeUnmounted=fn<onVnodeUnmounted> ref=Ref< Proxy(Object) > > 
  at <RouterView > 
  at <App> @ http://localhost:5173/node_modules/.vite/deps/vue.runtime.esm-bundler-CMLZRQMs.js?v=b93762a9:1752
[ 3989667ms] [WARNING] [Vue warn]: Component provided template option but runtime compilation is not supported in this build of Vue. Configure your bundler to alias "vue" to "vue/dist/vue.esm-bundler.js". 
  at <Anonymous size=14 > 
  at <RepoCard key=9 repo= {id: 9, full_name: NousResearch/hermes-agent, owner: NousResearch, repo_name: hermes-agent, name_zh: null} style= {animationDelay: 270ms}  ... > 
  at <HomeView onVnodeUnmounted=fn<onVnodeUnmounted> ref=Ref< Proxy(Object) > > 
  at <RouterView > 
  at <App> @ http://localhost:5173/node_modules/.vite/deps/vue.runtime.esm-bundler-CMLZRQMs.js?v=b93762a9:1752
[ 3989667ms] [WARNING] [Vue warn]: Component provided template option but runtime compilation is not supported in this build of Vue. Configure your bundler to alias "vue" to "vue/dist/vue.esm-bundler.js". 
  at <Anonymous size=14 > 
  at <RepoCard key=563 repo= {id: 563, full_name: 1jehuang/jcode, owner: 1jehuang, repo_name: jcode, name_zh: null} style= {animationDelay: 300ms}  ... > 
  at <HomeView onVnodeUnmounted=fn<onVnodeUnmounted> ref=Ref< Proxy(Object) > > 
  at <RouterView > 
  at <App> @ http://localhost:5173/node_modules/.vite/deps/vue.runtime.esm-bundler-CMLZRQMs.js?v=b93762a9:1752
[ 3989668ms] [WARNING] [Vue warn]: Component provided template option but runtime compilation is not supported in this build of Vue. Configure your bundler to alias "vue" to "vue/dist/vue.esm-bundler.js". 
  at <Anonymous size=14 > 
  at <RepoCard key=339 repo= {id: 339, full_name: cocoindex-io/cocoindex, owner: cocoindex-io, repo_name: cocoindex, name_zh: null} style= {animationDelay: 330ms}  ... > 
  at <HomeView onVnodeUnmounted=fn<onVnodeUnmounted> ref=Ref< Proxy(Object) > > 
  at <RouterView > 
  at <App> @ http://localhost:5173/node_modules/.vite/deps/vue.runtime.esm-bundler-CMLZRQMs.js?v=b93762a9:1752
[ 3989668ms] [WARNING] [Vue warn]: Component provided template option but runtime compilation is not supported in this build of Vue. Configure your bundler to alias "vue" to "vue/dist/vue.esm-bundler.js". 
  at <Anonymous size=14 > 
  at <RepoCard key=561 repo= {id: 561, full_name: InsForge/InsForge, owner: InsForge, repo_name: InsForge, name_zh: null} style= {animationDelay: 360ms}  ... > 
  at <HomeView onVnodeUnmounted=fn<onVnodeUnmounted> ref=Ref< Proxy(Object) > > 
  at <RouterView > 
  at <App> @ http://localhost:5173/node_modules/.vite/deps/vue.runtime.esm-bundler-CMLZRQMs.js?v=b93762a9:1752
[ 3989669ms] [WARNING] [Vue warn]: Component provided template option but runtime compilation is not supported in this build of Vue. Configure your bundler to alias "vue" to "vue/dist/vue.esm-bundler.js". 
  at <Anonymous size=14 > 
  at <RepoCard key=558 repo= {id: 558, full_name: bwya77/vscode-dark-islands, owner: bwya77, repo_name: vscode-dark-islands, name_zh: null} style= {animationDelay: 390ms}  ... > 
  at <HomeView onVnodeUnmounted=fn<onVnodeUnmounted> ref=Ref< Proxy(Object) > > 
  at <RouterView > 
  at <App> @ http://localhost:5173/node_modules/.vite/deps/vue.runtime.esm-bundler-CMLZRQMs.js?v=b93762a9:1752
[ 3989669ms] [WARNING] [Vue warn]: Component provided template option but runtime compilation is not supported in this build of Vue. Configure your bundler to alias "vue" to "vue/dist/vue.esm-bundler.js". 
  at <Anonymous size=14 > 
  at <RepoCard key=1 repo= {id: 1, full_name: bytedance/UI-TARS-desktop, owner: bytedance, repo_name: UI-TARS-desktop, name_zh: null} style= {animationDelay: 420ms}  ... > 
  at <HomeView onVnodeUnmounted=fn<onVnodeUnmounted> ref=Ref< Proxy(Object) > > 
  at <RouterView > 
  at <App> @ http://localhost:5173/node_modules/.vite/deps/vue.runtime.esm-bundler-CMLZRQMs.js?v=b93762a9:1752
[ 3989669ms] [WARNING] [Vue warn]: Component provided template option but runtime compilation is not supported in this build of Vue. Configure your bundler to alias "vue" to "vue/dist/vue.esm-bundler.js". 
  at <Anonymous size=14 > 
  at <RepoCard key=3 repo= {id: 3, full_name: decolua/9router, owner: decolua, repo_name: 9router, name_zh: null} style= {animationDelay: 450ms}  ... > 
  at <HomeView onVnodeUnmounted=fn<onVnodeUnmounted> ref=Ref< Proxy(Object) > > 
  at <RouterView > 
  at <App> @ http://localhost:5173/node_modules/.vite/deps/vue.runtime.esm-bundler-CMLZRQMs.js?v=b93762a9:1752
[ 3989670ms] [WARNING] [Vue warn]: Component provided template option but runtime compilation is not supported in this build of Vue. Configure your bundler to alias "vue" to "vue/dist/vue.esm-bundler.js". 
  at <Anonymous size=14 > 
  at <RepoCard key=556 repo= {id: 556, full_name: datawhalechina/easy-vibe, owner: datawhalechina, repo_name: easy-vibe, name_zh: null} style= {animationDelay: 480ms}  ... > 
  at <HomeView onVnodeUnmounted=fn<onVnodeUnmounted> ref=Ref< Proxy(Object) > > 
  at <RouterView > 
  at <App> @ http://localhost:5173/node_modules/.vite/deps/vue.runtime.esm-bundler-CMLZRQMs.js?v=b93762a9:1752
[ 3989670ms] [WARNING] [Vue warn]: Component provided template option but runtime compilation is not supported in this build of Vue. Configure your bundler to alias "vue" to "vue/dist/vue.esm-bundler.js". 
  at <Anonymous size=14 > 
  at <RepoCard key=562 repo= {id: 562, full_name: PriorLabs/TabPFN, owner: PriorLabs, repo_name: TabPFN, name_zh: null} style= {animationDelay: 510ms}  ... > 
  at <HomeView onVnodeUnmounted=fn<onVnodeUnmounted> ref=Ref< Proxy(Object) > > 
  at <RouterView > 
  at <App> @ http://localhost:5173/node_modules/.vite/deps/vue.runtime.esm-bundler-CMLZRQMs.js?v=b93762a9:1752
[ 3989671ms] [WARNING] [Vue warn]: Component provided template option but runtime compilation is not supported in this build of Vue. Configure your bundler to alias "vue" to "vue/dist/vue.esm-bundler.js". 
  at <Anonymous size=14 > 
  at <RepoCard key=10 repo= {id: 10, full_name: rohitg00/agentmemory, owner: rohitg00, repo_name: agentmemory, name_zh: null} style= {animationDelay: 540ms}  ... > 
  at <HomeView onVnodeUnmounted=fn<onVnodeUnmounted> ref=Ref< Proxy(Object) > > 
  at <RouterView > 
  at <App> @ http://localhost:5173/node_modules/.vite/deps/vue.runtime.esm-bundler-CMLZRQMs.js?v=b93762a9:1752
[ 3989671ms] [WARNING] [Vue warn]: Component provided template option but runtime compilation is not supported in this build of Vue. Configure your bundler to alias "vue" to "vue/dist/vue.esm-bundler.js". 
  at <Anonymous size=14 > 
  at <RepoCard key=2 repo= {id: 2, full_name: yikart/AiToEarn, owner: yikart, repo_name: AiToEarn, name_zh: null} style= {animationDelay: 570ms}  ... > 
  at <HomeView onVnodeUnmounted=fn<onVnodeUnmounted> ref=Ref< Proxy(Object) > > 
  at <RouterView > 
  at <App> @ http://localhost:5173/node_modules/.vite/deps/vue.runtime.esm-bundler-CMLZRQMs.js?v=b93762a9:1752
