[      43ms] [LOG] 🍍 "app" store installed 🆕 @ http://localhost:5173/node_modules/.vite/deps/pinia.js?v=0f4a55f6:3788
[      84ms] [WARNING] [Vue warn]: Component provided template option but runtime compilation is not supported in this build of Vue. Configure your bundler to alias "vue" to "vue/dist/vue.esm-bundler.js". 
  at <Anonymous size=14 > 
  at <RepoCard key=557 repo= {id: 557, full_name: Hmbown/DeepSeek-TUI, owner: Hmbown, repo_name: DeepSeek-TUI, name_zh: null} style= {animationDelay: 0ms}  ... > 
  at <HomeView onVnodeUnmounted=fn<onVnodeUnmounted> ref=Ref< Proxy(Object) > > 
  at <RouterView > 
  at <App> @ http://localhost:5173/node_modules/.vite/deps/vue.runtime.esm-bundler-CMLZRQMs.js?v=ce0e8271:1752
[      85ms] [WARNING] [Vue warn]: Component provided template option but runtime compilation is not supported in this build of Vue. Configure your bundler to alias "vue" to "vue/dist/vue.esm-bundler.js". 
  at <Anonymous size=14 > 
  at <RepoCard key=564 repo= {id: 564, full_name: mattpocock/skills, owner: mattpocock, repo_name: skills, name_zh: null} style= {animationDelay: 30ms}  ... > 
  at <HomeView onVnodeUnmounted=fn<onVnodeUnmounted> ref=Ref< Proxy(Object) > > 
  at <RouterView > 
  at <App> @ http://localhost:5173/node_modules/.vite/deps/vue.runtime.esm-bundler-CMLZRQMs.js?v=ce0e8271:1752
[      85ms] [WARNING] [Vue warn]: Component provided template option but runtime compilation is not supported in this build of Vue. Configure your bundler to alias "vue" to "vue/dist/vue.esm-bundler.js". 
  at <Anonymous size=14 > 
  at <RepoCard key=132 repo= {id: 132, full_name: ruvnet/ruflo, owner: ruvnet, repo_name: ruflo, name_zh: null} style= {animationDelay: 60ms}  ... > 
  at <HomeView onVnodeUnmounted=fn<onVnodeUnmounted> ref=Ref< Proxy(Object) > > 
  at <RouterView > 
  at <App> @ http://localhost:5173/node_modules/.vite/deps/vue.runtime.esm-bundler-CMLZRQMs.js?v=ce0e8271:1752
[      86ms] [WARNING] [Vue warn]: Component provided template option but runtime compilation is not supported in this build of Vue. Configure your bundler to alias "vue" to "vue/dist/vue.esm-bundler.js". 
  at <Anonymous size=14 > 
  at <RepoCard key=560 repo= {id: 560, full_name: addyosmani/agent-skills, owner: addyosmani, repo_name: agent-skills, name_zh: null} style= {animationDelay: 90ms}  ... > 
  at <HomeView onVnodeUnmounted=fn<onVnodeUnmounted> ref=Ref< Proxy(Object) > > 
  at <RouterView > 
  at <App> @ http://localhost:5173/node_modules/.vite/deps/vue.runtime.esm-bundler-CMLZRQMs.js?v=ce0e8271:1752
[      87ms] [WARNING] [Vue warn]: Component provided template option but runtime compilation is not supported in this build of Vue. Configure your bundler to alias "vue" to "vue/dist/vue.esm-bundler.js". 
  at <Anonymous size=14 > 
  at <RepoCard key=24 repo= {id: 24, full_name: TauricResearch/TradingAgents, owner: TauricResearch, repo_name: TradingAgents, name_zh: null} style= {animationDelay: 120ms}  ... > 
  at <HomeView onVnodeUnmounted=fn<onVnodeUnmounted> ref=Ref< Proxy(Object) > > 
  at <RouterView > 
  at <App> @ http://localhost:5173/node_modules/.vite/deps/vue.runtime.esm-bundler-CMLZRQMs.js?v=ce0e8271:1752
[      87ms] [WARNING] [Vue warn]: Component provided template option but runtime compilation is not supported in this build of Vue. Configure your bundler to alias "vue" to "vue/dist/vue.esm-bundler.js". 
  at <Anonymous size=14 > 
  at <RepoCard key=214 repo= {id: 214, full_name: AIDC-AI/Pixelle-Video, owner: AIDC-AI, repo_name: Pixelle-Video, name_zh: null} style= {animationDelay: 150ms}  ... > 
  at <HomeView onVnodeUnmounted=fn<onVnodeUnmounted> ref=Ref< Proxy(Object) > > 
  at <RouterView > 
  at <App> @ http://localhost:5173/node_modules/.vite/deps/vue.runtime.esm-bundler-CMLZRQMs.js?v=ce0e8271:1752
[      88ms] [WARNING] [Vue warn]: Component provided template option but runtime compilation is not supported in this build of Vue. Configure your bundler to alias "vue" to "vue/dist/vue.esm-bundler.js". 
  at <Anonymous size=14 > 
  at <RepoCard key=117 repo= {id: 117, full_name: VectifyAI/PageIndex, owner: VectifyAI, repo_name: PageIndex, name_zh: null} style= {animationDelay: 180ms}  ... > 
  at <HomeView onVnodeUnmounted=fn<onVnodeUnmounted> ref=Ref< Proxy(Object) > > 
  at <RouterView > 
  at <App> @ http://localhost:5173/node_modules/.vite/deps/vue.runtime.esm-bundler-CMLZRQMs.js?v=ce0e8271:1752
[      89ms] [WARNING] [Vue warn]: Component provided template option but runtime compilation is not supported in this build of Vue. Configure your bundler to alias "vue" to "vue/dist/vue.esm-bundler.js". 
  at <Anonymous size=14 > 
  at <RepoCard key=559 repo= {id: 559, full_name: virattt/dexter, owner: virattt, repo_name: dexter, name_zh: null} style= {animationDelay: 210ms}  ... > 
  at <HomeView onVnodeUnmounted=fn<onVnodeUnmounted> ref=Ref< Proxy(Object) > > 
  at <RouterView > 
  at <App> @ http://localhost:5173/node_modules/.vite/deps/vue.runtime.esm-bundler-CMLZRQMs.js?v=ce0e8271:1752
[      90ms] [WARNING] [Vue warn]: Component provided template option but runtime compilation is not supported in this build of Vue. Configure your bundler to alias "vue" to "vue/dist/vue.esm-bundler.js". 
  at <Anonymous size=14 > 
  at <RepoCard key=129 repo= {id: 129, full_name: LearningCircuit/local-deep-research, owner: LearningCircuit, repo_name: local-deep-research, name_zh: null} style= {animationDelay: 240ms}  ... > 
  at <HomeView onVnodeUnmounted=fn<onVnodeUnmounted> ref=Ref< Proxy(Object) > > 
  at <RouterView > 
  at <App> @ http://localhost:5173/node_modules/.vite/deps/vue.runtime.esm-bundler-CMLZRQMs.js?v=ce0e8271:1752
[      90ms] [WARNING] [Vue warn]: Component provided template option but runtime compilation is not supported in this build of Vue. Configure your bundler to alias "vue" to "vue/dist/vue.esm-bundler.js". 
  at <Anonymous size=14 > 
  at <RepoCard key=563 repo= {id: 563, full_name: 1jehuang/jcode, owner: 1jehuang, repo_name: jcode, name_zh: null} style= {animationDelay: 270ms}  ... > 
  at <HomeView onVnodeUnmounted=fn<onVnodeUnmounted> ref=Ref< Proxy(Object) > > 
  at <RouterView > 
  at <App> @ http://localhost:5173/node_modules/.vite/deps/vue.runtime.esm-bundler-CMLZRQMs.js?v=ce0e8271:1752
[      91ms] [WARNING] [Vue warn]: Component provided template option but runtime compilation is not supported in this build of Vue. Configure your bundler to alias "vue" to "vue/dist/vue.esm-bundler.js". 
  at <Anonymous size=14 > 
  at <RepoCard key=339 repo= {id: 339, full_name: cocoindex-io/cocoindex, owner: cocoindex-io, repo_name: cocoindex, name_zh: null} style= {animationDelay: 300ms}  ... > 
  at <HomeView onVnodeUnmounted=fn<onVnodeUnmounted> ref=Ref< Proxy(Object) > > 
  at <RouterView > 
  at <App> @ http://localhost:5173/node_modules/.vite/deps/vue.runtime.esm-bundler-CMLZRQMs.js?v=ce0e8271:1752
[      91ms] [WARNING] [Vue warn]: Component provided template option but runtime compilation is not supported in this build of Vue. Configure your bundler to alias "vue" to "vue/dist/vue.esm-bundler.js". 
  at <Anonymous size=14 > 
  at <RepoCard key=558 repo= {id: 558, full_name: bwya77/vscode-dark-islands, owner: bwya77, repo_name: vscode-dark-islands, name_zh: null} style= {animationDelay: 330ms}  ... > 
  at <HomeView onVnodeUnmounted=fn<onVnodeUnmounted> ref=Ref< Proxy(Object) > > 
  at <RouterView > 
  at <App> @ http://localhost:5173/node_modules/.vite/deps/vue.runtime.esm-bundler-CMLZRQMs.js?v=ce0e8271:1752
[      92ms] [WARNING] [Vue warn]: Component provided template option but runtime compilation is not supported in this build of Vue. Configure your bundler to alias "vue" to "vue/dist/vue.esm-bundler.js". 
  at <Anonymous size=14 > 
  at <RepoCard key=9 repo= {id: 9, full_name: NousResearch/hermes-agent, owner: NousResearch, repo_name: hermes-agent, name_zh: null} style= {animationDelay: 360ms}  ... > 
  at <HomeView onVnodeUnmounted=fn<onVnodeUnmounted> ref=Ref< Proxy(Object) > > 
  at <RouterView > 
  at <App> @ http://localhost:5173/node_modules/.vite/deps/vue.runtime.esm-bundler-CMLZRQMs.js?v=ce0e8271:1752
[      92ms] [WARNING] [Vue warn]: Component provided template option but runtime compilation is not supported in this build of Vue. Configure your bundler to alias "vue" to "vue/dist/vue.esm-bundler.js". 
  at <Anonymous size=14 > 
  at <RepoCard key=561 repo= {id: 561, full_name: InsForge/InsForge, owner: InsForge, repo_name: InsForge, name_zh: null} style= {animationDelay: 390ms}  ... > 
  at <HomeView onVnodeUnmounted=fn<onVnodeUnmounted> ref=Ref< Proxy(Object) > > 
  at <RouterView > 
  at <App> @ http://localhost:5173/node_modules/.vite/deps/vue.runtime.esm-bundler-CMLZRQMs.js?v=ce0e8271:1752
[      93ms] [WARNING] [Vue warn]: Component provided template option but runtime compilation is not supported in this build of Vue. Configure your bundler to alias "vue" to "vue/dist/vue.esm-bundler.js". 
  at <Anonymous size=14 > 
  at <RepoCard key=1 repo= {id: 1, full_name: bytedance/UI-TARS-desktop, owner: bytedance, repo_name: UI-TARS-desktop, name_zh: null} style= {animationDelay: 420ms}  ... > 
  at <HomeView onVnodeUnmounted=fn<onVnodeUnmounted> ref=Ref< Proxy(Object) > > 
  at <RouterView > 
  at <App> @ http://localhost:5173/node_modules/.vite/deps/vue.runtime.esm-bundler-CMLZRQMs.js?v=ce0e8271:1752
[      93ms] [WARNING] [Vue warn]: Component provided template option but runtime compilation is not supported in this build of Vue. Configure your bundler to alias "vue" to "vue/dist/vue.esm-bundler.js". 
  at <Anonymous size=14 > 
  at <RepoCard key=3 repo= {id: 3, full_name: decolua/9router, owner: decolua, repo_name: 9router, name_zh: null} style= {animationDelay: 450ms}  ... > 
  at <HomeView onVnodeUnmounted=fn<onVnodeUnmounted> ref=Ref< Proxy(Object) > > 
  at <RouterView > 
  at <App> @ http://localhost:5173/node_modules/.vite/deps/vue.runtime.esm-bundler-CMLZRQMs.js?v=ce0e8271:1752
[      94ms] [WARNING] [Vue warn]: Component provided template option but runtime compilation is not supported in this build of Vue. Configure your bundler to alias "vue" to "vue/dist/vue.esm-bundler.js". 
  at <Anonymous size=14 > 
  at <RepoCard key=556 repo= {id: 556, full_name: datawhalechina/easy-vibe, owner: datawhalechina, repo_name: easy-vibe, name_zh: null} style= {animationDelay: 480ms}  ... > 
  at <HomeView onVnodeUnmounted=fn<onVnodeUnmounted> ref=Ref< Proxy(Object) > > 
  at <RouterView > 
  at <App> @ http://localhost:5173/node_modules/.vite/deps/vue.runtime.esm-bundler-CMLZRQMs.js?v=ce0e8271:1752
[      94ms] [WARNING] [Vue warn]: Component provided template option but runtime compilation is not supported in this build of Vue. Configure your bundler to alias "vue" to "vue/dist/vue.esm-bundler.js". 
  at <Anonymous size=14 > 
  at <RepoCard key=562 repo= {id: 562, full_name: PriorLabs/TabPFN, owner: PriorLabs, repo_name: TabPFN, name_zh: null} style= {animationDelay: 510ms}  ... > 
  at <HomeView onVnodeUnmounted=fn<onVnodeUnmounted> ref=Ref< Proxy(Object) > > 
  at <RouterView > 
  at <App> @ http://localhost:5173/node_modules/.vite/deps/vue.runtime.esm-bundler-CMLZRQMs.js?v=ce0e8271:1752
[      95ms] [WARNING] [Vue warn]: Component provided template option but runtime compilation is not supported in this build of Vue. Configure your bundler to alias "vue" to "vue/dist/vue.esm-bundler.js". 
  at <Anonymous size=14 > 
  at <RepoCard key=10 repo= {id: 10, full_name: rohitg00/agentmemory, owner: rohitg00, repo_name: agentmemory, name_zh: null} style= {animationDelay: 540ms}  ... > 
  at <HomeView onVnodeUnmounted=fn<onVnodeUnmounted> ref=Ref< Proxy(Object) > > 
  at <RouterView > 
  at <App> @ http://localhost:5173/node_modules/.vite/deps/vue.runtime.esm-bundler-CMLZRQMs.js?v=ce0e8271:1752
[      95ms] [WARNING] [Vue warn]: Component provided template option but runtime compilation is not supported in this build of Vue. Configure your bundler to alias "vue" to "vue/dist/vue.esm-bundler.js". 
  at <Anonymous size=14 > 
  at <RepoCard key=4 repo= {id: 4, full_name: tinyhumansai/openhuman, owner: tinyhumansai, repo_name: openhuman, name_zh: null} style= {animationDelay: 570ms}  ... > 
  at <HomeView onVnodeUnmounted=fn<onVnodeUnmounted> ref=Ref< Proxy(Object) > > 
  at <RouterView > 
  at <App> @ http://localhost:5173/node_modules/.vite/deps/vue.runtime.esm-bundler-CMLZRQMs.js?v=ce0e8271:1752
[   28455ms] [WARNING] [Vue warn]: Component provided template option but runtime compilation is not supported in this build of Vue. Configure your bundler to alias "vue" to "vue/dist/vue.esm-bundler.js". 
  at <Anonymous > 
  at <RepoDrawer key=0 repo-name="Hmbown/DeepSeek-TUI" onClose=fn > 
  at <HomeView onVnodeUnmounted=fn<onVnodeUnmounted> ref=Ref< Proxy(Object) > > 
  at <RouterView > 
  at <App> @ http://localhost:5173/node_modules/.vite/deps/vue.runtime.esm-bundler-CMLZRQMs.js?v=ce0e8271:1752
[  119750ms] [WARNING] [Vue warn]: Component provided template option but runtime compilation is not supported in this build of Vue. Configure your bundler to alias "vue" to "vue/dist/vue.esm-bundler.js". 
  at <Anonymous > 
  at <RepoDrawer key=0 repo-name="mattpocock/skills" onClose=fn > 
  at <HomeView onVnodeUnmounted=fn<onVnodeUnmounted> ref=Ref< Proxy(Object) > > 
  at <RouterView > 
  at <App> @ http://localhost:5173/node_modules/.vite/deps/vue.runtime.esm-bundler-CMLZRQMs.js?v=ce0e8271:1752
[  143560ms] [WARNING] [Vue warn]: Component provided template option but runtime compilation is not supported in this build of Vue. Configure your bundler to alias "vue" to "vue/dist/vue.esm-bundler.js". 
  at <Anonymous > 
  at <RepoDrawer key=0 repo-name="ruvnet/ruflo" onClose=fn > 
  at <HomeView onVnodeUnmounted=fn<onVnodeUnmounted> ref=Ref< Proxy(Object) > > 
  at <RouterView > 
  at <App> @ http://localhost:5173/node_modules/.vite/deps/vue.runtime.esm-bundler-CMLZRQMs.js?v=ce0e8271:1752
[  172673ms] [WARNING] [Vue warn]: Component provided template option but runtime compilation is not supported in this build of Vue. Configure your bundler to alias "vue" to "vue/dist/vue.esm-bundler.js". 
  at <Anonymous size=14 > 
  at <RepoCard key=4 repo= {id: 4, full_name: tinyhumansai/openhuman, owner: tinyhumansai, repo_name: openhuman, name_zh: null} style= {animationDelay: 0ms}  ... > 
  at <HomeView onVnodeUnmounted=fn<onVnodeUnmounted> ref=Ref< Proxy(Object) > > 
  at <RouterView > 
  at <App> @ http://localhost:5173/node_modules/.vite/deps/vue.runtime.esm-bundler-CMLZRQMs.js?v=ce0e8271:1752
[  173307ms] [WARNING] [Vue warn]: Component provided template option but runtime compilation is not supported in this build of Vue. Configure your bundler to alias "vue" to "vue/dist/vue.esm-bundler.js". 
  at <Anonymous size=14 > 
  at <RepoCard key=129 repo= {id: 129, full_name: LearningCircuit/local-deep-research, owner: LearningCircuit, repo_name: local-deep-research, name_zh: null} style= {animationDelay: 0ms}  ... > 
  at <HomeView onVnodeUnmounted=fn<onVnodeUnmounted> ref=Ref< Proxy(Object) > > 
  at <RouterView > 
  at <App> @ http://localhost:5173/node_modules/.vite/deps/vue.runtime.esm-bundler-CMLZRQMs.js?v=ce0e8271:1752
[  175086ms] [WARNING] [Vue warn]: Component provided template option but runtime compilation is not supported in this build of Vue. Configure your bundler to alias "vue" to "vue/dist/vue.esm-bundler.js". 
  at <Anonymous size=14 > 
  at <RepoCard key=10 repo= {id: 10, full_name: rohitg00/agentmemory, owner: rohitg00, repo_name: agentmemory, name_zh: null} style= {animationDelay: 540ms}  ... > 
  at <HomeView onVnodeUnmounted=fn<onVnodeUnmounted> ref=Ref< Proxy(Object) > > 
  at <RouterView > 
  at <App> @ http://localhost:5173/node_modules/.vite/deps/vue.runtime.esm-bundler-CMLZRQMs.js?v=ce0e8271:1752
[  175089ms] [WARNING] [Vue warn]: Component provided template option but runtime compilation is not supported in this build of Vue. Configure your bundler to alias "vue" to "vue/dist/vue.esm-bundler.js". 
  at <Anonymous size=14 > 
  at <RepoCard key=562 repo= {id: 562, full_name: PriorLabs/TabPFN, owner: PriorLabs, repo_name: TabPFN, name_zh: null} style= {animationDelay: 510ms}  ... > 
  at <HomeView onVnodeUnmounted=fn<onVnodeUnmounted> ref=Ref< Proxy(Object) > > 
  at <RouterView > 
  at <App> @ http://localhost:5173/node_modules/.vite/deps/vue.runtime.esm-bundler-CMLZRQMs.js?v=ce0e8271:1752
[  175090ms] [WARNING] [Vue warn]: Component provided template option but runtime compilation is not supported in this build of Vue. Configure your bundler to alias "vue" to "vue/dist/vue.esm-bundler.js". 
  at <Anonymous size=14 > 
  at <RepoCard key=556 repo= {id: 556, full_name: datawhalechina/easy-vibe, owner: datawhalechina, repo_name: easy-vibe, name_zh: null} style= {animationDelay: 480ms}  ... > 
  at <HomeView onVnodeUnmounted=fn<onVnodeUnmounted> ref=Ref< Proxy(Object) > > 
  at <RouterView > 
  at <App> @ http://localhost:5173/node_modules/.vite/deps/vue.runtime.esm-bundler-CMLZRQMs.js?v=ce0e8271:1752
[  175092ms] [WARNING] [Vue warn]: Component provided template option but runtime compilation is not supported in this build of Vue. Configure your bundler to alias "vue" to "vue/dist/vue.esm-bundler.js". 
  at <Anonymous size=14 > 
  at <RepoCard key=3 repo= {id: 3, full_name: decolua/9router, owner: decolua, repo_name: 9router, name_zh: null} style= {animationDelay: 450ms}  ... > 
  at <HomeView onVnodeUnmounted=fn<onVnodeUnmounted> ref=Ref< Proxy(Object) > > 
  at <RouterView > 
  at <App> @ http://localhost:5173/node_modules/.vite/deps/vue.runtime.esm-bundler-CMLZRQMs.js?v=ce0e8271:1752
[  175093ms] [WARNING] [Vue warn]: Component provided template option but runtime compilation is not supported in this build of Vue. Configure your bundler to alias "vue" to "vue/dist/vue.esm-bundler.js". 
  at <Anonymous size=14 > 
  at <RepoCard key=1 repo= {id: 1, full_name: bytedance/UI-TARS-desktop, owner: bytedance, repo_name: UI-TARS-desktop, name_zh: null} style= {animationDelay: 420ms}  ... > 
  at <HomeView onVnodeUnmounted=fn<onVnodeUnmounted> ref=Ref< Proxy(Object) > > 
  at <RouterView > 
  at <App> @ http://localhost:5173/node_modules/.vite/deps/vue.runtime.esm-bundler-CMLZRQMs.js?v=ce0e8271:1752
[  175094ms] [WARNING] [Vue warn]: Component provided template option but runtime compilation is not supported in this build of Vue. Configure your bundler to alias "vue" to "vue/dist/vue.esm-bundler.js". 
  at <Anonymous size=14 > 
  at <RepoCard key=561 repo= {id: 561, full_name: InsForge/InsForge, owner: InsForge, repo_name: InsForge, name_zh: null} style= {animationDelay: 390ms}  ... > 
  at <HomeView onVnodeUnmounted=fn<onVnodeUnmounted> ref=Ref< Proxy(Object) > > 
  at <RouterView > 
  at <App> @ http://localhost:5173/node_modules/.vite/deps/vue.runtime.esm-bundler-CMLZRQMs.js?v=ce0e8271:1752
[  175095ms] [WARNING] [Vue warn]: Component provided template option but runtime compilation is not supported in this build of Vue. Configure your bundler to alias "vue" to "vue/dist/vue.esm-bundler.js". 
  at <Anonymous size=14 > 
  at <RepoCard key=9 repo= {id: 9, full_name: NousResearch/hermes-agent, owner: NousResearch, repo_name: hermes-agent, name_zh: null} style= {animationDelay: 360ms}  ... > 
  at <HomeView onVnodeUnmounted=fn<onVnodeUnmounted> ref=Ref< Proxy(Object) > > 
  at <RouterView > 
  at <App> @ http://localhost:5173/node_modules/.vite/deps/vue.runtime.esm-bundler-CMLZRQMs.js?v=ce0e8271:1752
[  175096ms] [WARNING] [Vue warn]: Component provided template option but runtime compilation is not supported in this build of Vue. Configure your bundler to alias "vue" to "vue/dist/vue.esm-bundler.js". 
  at <Anonymous size=14 > 
  at <RepoCard key=558 repo= {id: 558, full_name: bwya77/vscode-dark-islands, owner: bwya77, repo_name: vscode-dark-islands, name_zh: null} style= {animationDelay: 330ms}  ... > 
  at <HomeView onVnodeUnmounted=fn<onVnodeUnmounted> ref=Ref< Proxy(Object) > > 
  at <RouterView > 
  at <App> @ http://localhost:5173/node_modules/.vite/deps/vue.runtime.esm-bundler-CMLZRQMs.js?v=ce0e8271:1752
[  175096ms] [WARNING] [Vue warn]: Component provided template option but runtime compilation is not supported in this build of Vue. Configure your bundler to alias "vue" to "vue/dist/vue.esm-bundler.js". 
  at <Anonymous size=14 > 
  at <RepoCard key=339 repo= {id: 339, full_name: cocoindex-io/cocoindex, owner: cocoindex-io, repo_name: cocoindex, name_zh: null} style= {animationDelay: 300ms}  ... > 
  at <HomeView onVnodeUnmounted=fn<onVnodeUnmounted> ref=Ref< Proxy(Object) > > 
  at <RouterView > 
  at <App> @ http://localhost:5173/node_modules/.vite/deps/vue.runtime.esm-bundler-CMLZRQMs.js?v=ce0e8271:1752
[  175097ms] [WARNING] [Vue warn]: Component provided template option but runtime compilation is not supported in this build of Vue. Configure your bundler to alias "vue" to "vue/dist/vue.esm-bundler.js". 
  at <Anonymous size=14 > 
  at <RepoCard key=563 repo= {id: 563, full_name: 1jehuang/jcode, owner: 1jehuang, repo_name: jcode, name_zh: null} style= {animationDelay: 270ms}  ... > 
  at <HomeView onVnodeUnmounted=fn<onVnodeUnmounted> ref=Ref< Proxy(Object) > > 
  at <RouterView > 
  at <App> @ http://localhost:5173/node_modules/.vite/deps/vue.runtime.esm-bundler-CMLZRQMs.js?v=ce0e8271:1752
[  175097ms] [WARNING] [Vue warn]: Component provided template option but runtime compilation is not supported in this build of Vue. Configure your bundler to alias "vue" to "vue/dist/vue.esm-bundler.js". 
  at <Anonymous size=14 > 
  at <RepoCard key=559 repo= {id: 559, full_name: virattt/dexter, owner: virattt, repo_name: dexter, name_zh: null} style= {animationDelay: 210ms}  ... > 
  at <HomeView onVnodeUnmounted=fn<onVnodeUnmounted> ref=Ref< Proxy(Object) > > 
  at <RouterView > 
  at <App> @ http://localhost:5173/node_modules/.vite/deps/vue.runtime.esm-bundler-CMLZRQMs.js?v=ce0e8271:1752
[  175097ms] [WARNING] [Vue warn]: Component provided template option but runtime compilation is not supported in this build of Vue. Configure your bundler to alias "vue" to "vue/dist/vue.esm-bundler.js". 
  at <Anonymous size=14 > 
  at <RepoCard key=117 repo= {id: 117, full_name: VectifyAI/PageIndex, owner: VectifyAI, repo_name: PageIndex, name_zh: null} style= {animationDelay: 180ms}  ... > 
  at <HomeView onVnodeUnmounted=fn<onVnodeUnmounted> ref=Ref< Proxy(Object) > > 
  at <RouterView > 
  at <App> @ http://localhost:5173/node_modules/.vite/deps/vue.runtime.esm-bundler-CMLZRQMs.js?v=ce0e8271:1752
[  175098ms] [WARNING] [Vue warn]: Component provided template option but runtime compilation is not supported in this build of Vue. Configure your bundler to alias "vue" to "vue/dist/vue.esm-bundler.js". 
  at <Anonymous size=14 > 
  at <RepoCard key=214 repo= {id: 214, full_name: AIDC-AI/Pixelle-Video, owner: AIDC-AI, repo_name: Pixelle-Video, name_zh: null} style= {animationDelay: 150ms}  ... > 
  at <HomeView onVnodeUnmounted=fn<onVnodeUnmounted> ref=Ref< Proxy(Object) > > 
  at <RouterView > 
  at <App> @ http://localhost:5173/node_modules/.vite/deps/vue.runtime.esm-bundler-CMLZRQMs.js?v=ce0e8271:1752
[  175099ms] [WARNING] [Vue warn]: Component provided template option but runtime compilation is not supported in this build of Vue. Configure your bundler to alias "vue" to "vue/dist/vue.esm-bundler.js". 
  at <Anonymous size=14 > 
  at <RepoCard key=24 repo= {id: 24, full_name: TauricResearch/TradingAgents, owner: TauricResearch, repo_name: TradingAgents, name_zh: null} style= {animationDelay: 120ms}  ... > 
  at <HomeView onVnodeUnmounted=fn<onVnodeUnmounted> ref=Ref< Proxy(Object) > > 
  at <RouterView > 
  at <App> @ http://localhost:5173/node_modules/.vite/deps/vue.runtime.esm-bundler-CMLZRQMs.js?v=ce0e8271:1752
[  175099ms] [WARNING] [Vue warn]: Component provided template option but runtime compilation is not supported in this build of Vue. Configure your bundler to alias "vue" to "vue/dist/vue.esm-bundler.js". 
  at <Anonymous size=14 > 
  at <RepoCard key=560 repo= {id: 560, full_name: addyosmani/agent-skills, owner: addyosmani, repo_name: agent-skills, name_zh: null} style= {animationDelay: 90ms}  ... > 
  at <HomeView onVnodeUnmounted=fn<onVnodeUnmounted> ref=Ref< Proxy(Object) > > 
  at <RouterView > 
  at <App> @ http://localhost:5173/node_modules/.vite/deps/vue.runtime.esm-bundler-CMLZRQMs.js?v=ce0e8271:1752
[  175100ms] [WARNING] [Vue warn]: Component provided template option but runtime compilation is not supported in this build of Vue. Configure your bundler to alias "vue" to "vue/dist/vue.esm-bundler.js". 
  at <Anonymous size=14 > 
  at <RepoCard key=132 repo= {id: 132, full_name: ruvnet/ruflo, owner: ruvnet, repo_name: ruflo, name_zh: null} style= {animationDelay: 60ms}  ... > 
  at <HomeView onVnodeUnmounted=fn<onVnodeUnmounted> ref=Ref< Proxy(Object) > > 
  at <RouterView > 
  at <App> @ http://localhost:5173/node_modules/.vite/deps/vue.runtime.esm-bundler-CMLZRQMs.js?v=ce0e8271:1752
[  175100ms] [WARNING] [Vue warn]: Component provided template option but runtime compilation is not supported in this build of Vue. Configure your bundler to alias "vue" to "vue/dist/vue.esm-bundler.js". 
  at <Anonymous size=14 > 
  at <RepoCard key=564 repo= {id: 564, full_name: mattpocock/skills, owner: mattpocock, repo_name: skills, name_zh: null} style= {animationDelay: 30ms}  ... > 
  at <HomeView onVnodeUnmounted=fn<onVnodeUnmounted> ref=Ref< Proxy(Object) > > 
  at <RouterView > 
  at <App> @ http://localhost:5173/node_modules/.vite/deps/vue.runtime.esm-bundler-CMLZRQMs.js?v=ce0e8271:1752
[  175100ms] [WARNING] [Vue warn]: Component provided template option but runtime compilation is not supported in this build of Vue. Configure your bundler to alias "vue" to "vue/dist/vue.esm-bundler.js". 
  at <Anonymous size=14 > 
  at <RepoCard key=557 repo= {id: 557, full_name: Hmbown/DeepSeek-TUI, owner: Hmbown, repo_name: DeepSeek-TUI, name_zh: null} style= {animationDelay: 0ms}  ... > 
  at <HomeView onVnodeUnmounted=fn<onVnodeUnmounted> ref=Ref< Proxy(Object) > > 
  at <RouterView > 
  at <App> @ http://localhost:5173/node_modules/.vite/deps/vue.runtime.esm-bundler-CMLZRQMs.js?v=ce0e8271:1752
[  336123ms] [LOG] 🍍 "app" store installed 🆕 @ http://localhost:5173/node_modules/.vite/deps/pinia.js?v=0f4a55f6:3788
[  336413ms] [WARNING] [Vue warn]: Component provided template option but runtime compilation is not supported in this build of Vue. Configure your bundler to alias "vue" to "vue/dist/vue.esm-bundler.js". 
  at <Anonymous size=14 > 
  at <RepoCard key=557 repo= {id: 557, full_name: Hmbown/DeepSeek-TUI, owner: Hmbown, repo_name: DeepSeek-TUI, name_zh: null} style= {animationDelay: 0ms}  ... > 
  at <HomeView onVnodeUnmounted=fn<onVnodeUnmounted> ref=Ref< Proxy(Object) > > 
  at <RouterView > 
  at <App> @ http://localhost:5173/node_modules/.vite/deps/vue.runtime.esm-bundler-CMLZRQMs.js?v=ce0e8271:1752
[  336414ms] [WARNING] [Vue warn]: Component provided template option but runtime compilation is not supported in this build of Vue. Configure your bundler to alias "vue" to "vue/dist/vue.esm-bundler.js". 
  at <Anonymous size=14 > 
  at <RepoCard key=564 repo= {id: 564, full_name: mattpocock/skills, owner: mattpocock, repo_name: skills, name_zh: null} style= {animationDelay: 30ms}  ... > 
  at <HomeView onVnodeUnmounted=fn<onVnodeUnmounted> ref=Ref< Proxy(Object) > > 
  at <RouterView > 
  at <App> @ http://localhost:5173/node_modules/.vite/deps/vue.runtime.esm-bundler-CMLZRQMs.js?v=ce0e8271:1752
[  336415ms] [WARNING] [Vue warn]: Component provided template option but runtime compilation is not supported in this build of Vue. Configure your bundler to alias "vue" to "vue/dist/vue.esm-bundler.js". 
  at <Anonymous size=14 > 
  at <RepoCard key=132 repo= {id: 132, full_name: ruvnet/ruflo, owner: ruvnet, repo_name: ruflo, name_zh: null} style= {animationDelay: 60ms}  ... > 
  at <HomeView onVnodeUnmounted=fn<onVnodeUnmounted> ref=Ref< Proxy(Object) > > 
  at <RouterView > 
  at <App> @ http://localhost:5173/node_modules/.vite/deps/vue.runtime.esm-bundler-CMLZRQMs.js?v=ce0e8271:1752
[  336415ms] [WARNING] [Vue warn]: Component provided template option but runtime compilation is not supported in this build of Vue. Configure your bundler to alias "vue" to "vue/dist/vue.esm-bundler.js". 
  at <Anonymous size=14 > 
  at <RepoCard key=560 repo= {id: 560, full_name: addyosmani/agent-skills, owner: addyosmani, repo_name: agent-skills, name_zh: null} style= {animationDelay: 90ms}  ... > 
  at <HomeView onVnodeUnmounted=fn<onVnodeUnmounted> ref=Ref< Proxy(Object) > > 
  at <RouterView > 
  at <App> @ http://localhost:5173/node_modules/.vite/deps/vue.runtime.esm-bundler-CMLZRQMs.js?v=ce0e8271:1752
[  336416ms] [WARNING] [Vue warn]: Component provided template option but runtime compilation is not supported in this build of Vue. Configure your bundler to alias "vue" to "vue/dist/vue.esm-bundler.js". 
  at <Anonymous size=14 > 
  at <RepoCard key=24 repo= {id: 24, full_name: TauricResearch/TradingAgents, owner: TauricResearch, repo_name: TradingAgents, name_zh: null} style= {animationDelay: 120ms}  ... > 
  at <HomeView onVnodeUnmounted=fn<onVnodeUnmounted> ref=Ref< Proxy(Object) > > 
  at <RouterView > 
  at <App> @ http://localhost:5173/node_modules/.vite/deps/vue.runtime.esm-bundler-CMLZRQMs.js?v=ce0e8271:1752
[  336416ms] [WARNING] [Vue warn]: Component provided template option but runtime compilation is not supported in this build of Vue. Configure your bundler to alias "vue" to "vue/dist/vue.esm-bundler.js". 
  at <Anonymous size=14 > 
  at <RepoCard key=214 repo= {id: 214, full_name: AIDC-AI/Pixelle-Video, owner: AIDC-AI, repo_name: Pixelle-Video, name_zh: null} style= {animationDelay: 150ms}  ... > 
  at <HomeView onVnodeUnmounted=fn<onVnodeUnmounted> ref=Ref< Proxy(Object) > > 
  at <RouterView > 
  at <App> @ http://localhost:5173/node_modules/.vite/deps/vue.runtime.esm-bundler-CMLZRQMs.js?v=ce0e8271:1752
[  336417ms] [WARNING] [Vue warn]: Component provided template option but runtime compilation is not supported in this build of Vue. Configure your bundler to alias "vue" to "vue/dist/vue.esm-bundler.js". 
  at <Anonymous size=14 > 
  at <RepoCard key=117 repo= {id: 117, full_name: VectifyAI/PageIndex, owner: VectifyAI, repo_name: PageIndex, name_zh: null} style= {animationDelay: 180ms}  ... > 
  at <HomeView onVnodeUnmounted=fn<onVnodeUnmounted> ref=Ref< Proxy(Object) > > 
  at <RouterView > 
  at <App> @ http://localhost:5173/node_modules/.vite/deps/vue.runtime.esm-bundler-CMLZRQMs.js?v=ce0e8271:1752
[  336418ms] [WARNING] [Vue warn]: Component provided template option but runtime compilation is not supported in this build of Vue. Configure your bundler to alias "vue" to "vue/dist/vue.esm-bundler.js". 
  at <Anonymous size=14 > 
  at <RepoCard key=559 repo= {id: 559, full_name: virattt/dexter, owner: virattt, repo_name: dexter, name_zh: null} style= {animationDelay: 210ms}  ... > 
  at <HomeView onVnodeUnmounted=fn<onVnodeUnmounted> ref=Ref< Proxy(Object) > > 
  at <RouterView > 
  at <App> @ http://localhost:5173/node_modules/.vite/deps/vue.runtime.esm-bundler-CMLZRQMs.js?v=ce0e8271:1752
[  336418ms] [WARNING] [Vue warn]: Component provided template option but runtime compilation is not supported in this build of Vue. Configure your bundler to alias "vue" to "vue/dist/vue.esm-bundler.js". 
  at <Anonymous size=14 > 
  at <RepoCard key=129 repo= {id: 129, full_name: LearningCircuit/local-deep-research, owner: LearningCircuit, repo_name: local-deep-research, name_zh: null} style= {animationDelay: 240ms}  ... > 
  at <HomeView onVnodeUnmounted=fn<onVnodeUnmounted> ref=Ref< Proxy(Object) > > 
  at <RouterView > 
  at <App> @ http://localhost:5173/node_modules/.vite/deps/vue.runtime.esm-bundler-CMLZRQMs.js?v=ce0e8271:1752
[  336419ms] [WARNING] [Vue warn]: Component provided template option but runtime compilation is not supported in this build of Vue. Configure your bundler to alias "vue" to "vue/dist/vue.esm-bundler.js". 
  at <Anonymous size=14 > 
  at <RepoCard key=563 repo= {id: 563, full_name: 1jehuang/jcode, owner: 1jehuang, repo_name: jcode, name_zh: null} style= {animationDelay: 270ms}  ... > 
  at <HomeView onVnodeUnmounted=fn<onVnodeUnmounted> ref=Ref< Proxy(Object) > > 
  at <RouterView > 
  at <App> @ http://localhost:5173/node_modules/.vite/deps/vue.runtime.esm-bundler-CMLZRQMs.js?v=ce0e8271:1752
[  336419ms] [WARNING] [Vue warn]: Component provided template option but runtime compilation is not supported in this build of Vue. Configure your bundler to alias "vue" to "vue/dist/vue.esm-bundler.js". 
  at <Anonymous size=14 > 
  at <RepoCard key=339 repo= {id: 339, full_name: cocoindex-io/cocoindex, owner: cocoindex-io, repo_name: cocoindex, name_zh: null} style= {animationDelay: 300ms}  ... > 
  at <HomeView onVnodeUnmounted=fn<onVnodeUnmounted> ref=Ref< Proxy(Object) > > 
  at <RouterView > 
  at <App> @ http://localhost:5173/node_modules/.vite/deps/vue.runtime.esm-bundler-CMLZRQMs.js?v=ce0e8271:1752
[  336419ms] [WARNING] [Vue warn]: Component provided template option but runtime compilation is not supported in this build of Vue. Configure your bundler to alias "vue" to "vue/dist/vue.esm-bundler.js". 
  at <Anonymous size=14 > 
  at <RepoCard key=558 repo= {id: 558, full_name: bwya77/vscode-dark-islands, owner: bwya77, repo_name: vscode-dark-islands, name_zh: null} style= {animationDelay: 330ms}  ... > 
  at <HomeView onVnodeUnmounted=fn<onVnodeUnmounted> ref=Ref< Proxy(Object) > > 
  at <RouterView > 
  at <App> @ http://localhost:5173/node_modules/.vite/deps/vue.runtime.esm-bundler-CMLZRQMs.js?v=ce0e8271:1752
[  336420ms] [WARNING] [Vue warn]: Component provided template option but runtime compilation is not supported in this build of Vue. Configure your bundler to alias "vue" to "vue/dist/vue.esm-bundler.js". 
  at <Anonymous size=14 > 
  at <RepoCard key=9 repo= {id: 9, full_name: NousResearch/hermes-agent, owner: NousResearch, repo_name: hermes-agent, name_zh: null} style= {animationDelay: 360ms}  ... > 
  at <HomeView onVnodeUnmounted=fn<onVnodeUnmounted> ref=Ref< Proxy(Object) > > 
  at <RouterView > 
  at <App> @ http://localhost:5173/node_modules/.vite/deps/vue.runtime.esm-bundler-CMLZRQMs.js?v=ce0e8271:1752
[  336420ms] [WARNING] [Vue warn]: Component provided template option but runtime compilation is not supported in this build of Vue. Configure your bundler to alias "vue" to "vue/dist/vue.esm-bundler.js". 
  at <Anonymous size=14 > 
  at <RepoCard key=561 repo= {id: 561, full_name: InsForge/InsForge, owner: InsForge, repo_name: InsForge, name_zh: null} style= {animationDelay: 390ms}  ... > 
  at <HomeView onVnodeUnmounted=fn<onVnodeUnmounted> ref=Ref< Proxy(Object) > > 
  at <RouterView > 
  at <App> @ http://localhost:5173/node_modules/.vite/deps/vue.runtime.esm-bundler-CMLZRQMs.js?v=ce0e8271:1752
[  336421ms] [WARNING] [Vue warn]: Component provided template option but runtime compilation is not supported in this build of Vue. Configure your bundler to alias "vue" to "vue/dist/vue.esm-bundler.js". 
  at <Anonymous size=14 > 
  at <RepoCard key=1 repo= {id: 1, full_name: bytedance/UI-TARS-desktop, owner: bytedance, repo_name: UI-TARS-desktop, name_zh: null} style= {animationDelay: 420ms}  ... > 
  at <HomeView onVnodeUnmounted=fn<onVnodeUnmounted> ref=Ref< Proxy(Object) > > 
  at <RouterView > 
  at <App> @ http://localhost:5173/node_modules/.vite/deps/vue.runtime.esm-bundler-CMLZRQMs.js?v=ce0e8271:1752
[  336421ms] [WARNING] [Vue warn]: Component provided template option but runtime compilation is not supported in this build of Vue. Configure your bundler to alias "vue" to "vue/dist/vue.esm-bundler.js". 
  at <Anonymous size=14 > 
  at <RepoCard key=3 repo= {id: 3, full_name: decolua/9router, owner: decolua, repo_name: 9router, name_zh: null} style= {animationDelay: 450ms}  ... > 
  at <HomeView onVnodeUnmounted=fn<onVnodeUnmounted> ref=Ref< Proxy(Object) > > 
  at <RouterView > 
  at <App> @ http://localhost:5173/node_modules/.vite/deps/vue.runtime.esm-bundler-CMLZRQMs.js?v=ce0e8271:1752
[  336422ms] [WARNING] [Vue warn]: Component provided template option but runtime compilation is not supported in this build of Vue. Configure your bundler to alias "vue" to "vue/dist/vue.esm-bundler.js". 
  at <Anonymous size=14 > 
  at <RepoCard key=556 repo= {id: 556, full_name: datawhalechina/easy-vibe, owner: datawhalechina, repo_name: easy-vibe, name_zh: null} style= {animationDelay: 480ms}  ... > 
  at <HomeView onVnodeUnmounted=fn<onVnodeUnmounted> ref=Ref< Proxy(Object) > > 
  at <RouterView > 
  at <App> @ http://localhost:5173/node_modules/.vite/deps/vue.runtime.esm-bundler-CMLZRQMs.js?v=ce0e8271:1752
[  336422ms] [WARNING] [Vue warn]: Component provided template option but runtime compilation is not supported in this build of Vue. Configure your bundler to alias "vue" to "vue/dist/vue.esm-bundler.js". 
  at <Anonymous size=14 > 
  at <RepoCard key=562 repo= {id: 562, full_name: PriorLabs/TabPFN, owner: PriorLabs, repo_name: TabPFN, name_zh: null} style= {animationDelay: 510ms}  ... > 
  at <HomeView onVnodeUnmounted=fn<onVnodeUnmounted> ref=Ref< Proxy(Object) > > 
  at <RouterView > 
  at <App> @ http://localhost:5173/node_modules/.vite/deps/vue.runtime.esm-bundler-CMLZRQMs.js?v=ce0e8271:1752
[  336422ms] [WARNING] [Vue warn]: Component provided template option but runtime compilation is not supported in this build of Vue. Configure your bundler to alias "vue" to "vue/dist/vue.esm-bundler.js". 
  at <Anonymous size=14 > 
  at <RepoCard key=10 repo= {id: 10, full_name: rohitg00/agentmemory, owner: rohitg00, repo_name: agentmemory, name_zh: null} style= {animationDelay: 540ms}  ... > 
  at <HomeView onVnodeUnmounted=fn<onVnodeUnmounted> ref=Ref< Proxy(Object) > > 
  at <RouterView > 
  at <App> @ http://localhost:5173/node_modules/.vite/deps/vue.runtime.esm-bundler-CMLZRQMs.js?v=ce0e8271:1752
[  336423ms] [WARNING] [Vue warn]: Component provided template option but runtime compilation is not supported in this build of Vue. Configure your bundler to alias "vue" to "vue/dist/vue.esm-bundler.js". 
  at <Anonymous size=14 > 
  at <RepoCard key=4 repo= {id: 4, full_name: tinyhumansai/openhuman, owner: tinyhumansai, repo_name: openhuman, name_zh: null} style= {animationDelay: 570ms}  ... > 
  at <HomeView onVnodeUnmounted=fn<onVnodeUnmounted> ref=Ref< Proxy(Object) > > 
  at <RouterView > 
  at <App> @ http://localhost:5173/node_modules/.vite/deps/vue.runtime.esm-bundler-CMLZRQMs.js?v=ce0e8271:1752
[  338554ms] [WARNING] [Vue warn]: Component provided template option but runtime compilation is not supported in this build of Vue. Configure your bundler to alias "vue" to "vue/dist/vue.esm-bundler.js". 
  at <Anonymous size=14 > 
  at <RepoCard key=43 repo= {id: 43, full_name: InternLM/InternLM-XComposer, owner: InternLM, repo_name: InternLM-XComposer, name_zh: null} style= {animationDelay: 570ms}  ... > 
  at <HomeView onVnodeUnmounted=fn<onVnodeUnmounted> ref=Ref< Proxy(Object) > > 
  at <RouterView > 
  at <App> @ http://localhost:5173/node_modules/.vite/deps/vue.runtime.esm-bundler-CMLZRQMs.js?v=ce0e8271:1752
[  338555ms] [WARNING] [Vue warn]: Component provided template option but runtime compilation is not supported in this build of Vue. Configure your bundler to alias "vue" to "vue/dist/vue.esm-bundler.js". 
  at <Anonymous size=14 > 
  at <RepoCard key=42 repo= {id: 42, full_name: ridgerchu/matmulfreellm, owner: ridgerchu, repo_name: matmulfreellm, name_zh: null} style= {animationDelay: 540ms}  ... > 
  at <HomeView onVnodeUnmounted=fn<onVnodeUnmounted> ref=Ref< Proxy(Object) > > 
  at <RouterView > 
  at <App> @ http://localhost:5173/node_modules/.vite/deps/vue.runtime.esm-bundler-CMLZRQMs.js?v=ce0e8271:1752
[  338555ms] [WARNING] [Vue warn]: Component provided template option but runtime compilation is not supported in this build of Vue. Configure your bundler to alias "vue" to "vue/dist/vue.esm-bundler.js". 
  at <Anonymous size=14 > 
  at <RepoCard key=41 repo= {id: 41, full_name: verazuo/jailbreak_llms, owner: verazuo, repo_name: jailbreak_llms, name_zh: null} style= {animationDelay: 510ms}  ... > 
  at <HomeView onVnodeUnmounted=fn<onVnodeUnmounted> ref=Ref< Proxy(Object) > > 
  at <RouterView > 
  at <App> @ http://localhost:5173/node_modules/.vite/deps/vue.runtime.esm-bundler-CMLZRQMs.js?v=ce0e8271:1752
[  338556ms] [WARNING] [Vue warn]: Component provided template option but runtime compilation is not supported in this build of Vue. Configure your bundler to alias "vue" to "vue/dist/vue.esm-bundler.js". 
  at <Anonymous size=14 > 
  at <RepoCard key=40 repo= {id: 40, full_name: skyzh/tiny-llm, owner: skyzh, repo_name: tiny-llm, name_zh: null} style= {animationDelay: 480ms}  ... > 
  at <HomeView onVnodeUnmounted=fn<onVnodeUnmounted> ref=Ref< Proxy(Object) > > 
  at <RouterView > 
  at <App> @ http://localhost:5173/node_modules/.vite/deps/vue.runtime.esm-bundler-CMLZRQMs.js?v=ce0e8271:1752
[  338556ms] [WARNING] [Vue warn]: Component provided template option but runtime compilation is not supported in this build of Vue. Configure your bundler to alias "vue" to "vue/dist/vue.esm-bundler.js". 
  at <Anonymous size=14 > 
  at <RepoCard key=38 repo= {id: 38, full_name: gluonfield/enchanted, owner: gluonfield, repo_name: enchanted, name_zh: null} style= {animationDelay: 450ms}  ... > 
  at <HomeView onVnodeUnmounted=fn<onVnodeUnmounted> ref=Ref< Proxy(Object) > > 
  at <RouterView > 
  at <App> @ http://localhost:5173/node_modules/.vite/deps/vue.runtime.esm-bundler-CMLZRQMs.js?v=ce0e8271:1752
[  338557ms] [WARNING] [Vue warn]: Component provided template option but runtime compilation is not supported in this build of Vue. Configure your bundler to alias "vue" to "vue/dist/vue.esm-bundler.js". 
  at <Anonymous size=14 > 
  at <RepoCard key=37 repo= {id: 37, full_name: open-compass/opencompass, owner: open-compass, repo_name: opencompass, name_zh: null} style= {animationDelay: 420ms}  ... > 
  at <HomeView onVnodeUnmounted=fn<onVnodeUnmounted> ref=Ref< Proxy(Object) > > 
  at <RouterView > 
  at <App> @ http://localhost:5173/node_modules/.vite/deps/vue.runtime.esm-bundler-CMLZRQMs.js?v=ce0e8271:1752
[  338557ms] [WARNING] [Vue warn]: Component provided template option but runtime compilation is not supported in this build of Vue. Configure your bundler to alias "vue" to "vue/dist/vue.esm-bundler.js". 
  at <Anonymous size=14 > 
  at <RepoCard key=36 repo= {id: 36, full_name: InternLM/InternLM, owner: InternLM, repo_name: InternLM, name_zh: null} style= {animationDelay: 390ms}  ... > 
  at <HomeView onVnodeUnmounted=fn<onVnodeUnmounted> ref=Ref< Proxy(Object) > > 
  at <RouterView > 
  at <App> @ http://localhost:5173/node_modules/.vite/deps/vue.runtime.esm-bundler-CMLZRQMs.js?v=ce0e8271:1752
[  338558ms] [WARNING] [Vue warn]: Component provided template option but runtime compilation is not supported in this build of Vue. Configure your bundler to alias "vue" to "vue/dist/vue.esm-bundler.js". 
  at <Anonymous size=14 > 
  at <RepoCard key=30 repo= {id: 30, full_name: jingyaogong/minimind, owner: jingyaogong, repo_name: minimind, name_zh: null} style= {animationDelay: 360ms}  ... > 
  at <HomeView onVnodeUnmounted=fn<onVnodeUnmounted> ref=Ref< Proxy(Object) > > 
  at <RouterView > 
  at <App> @ http://localhost:5173/node_modules/.vite/deps/vue.runtime.esm-bundler-CMLZRQMs.js?v=ce0e8271:1752
[  338558ms] [WARNING] [Vue warn]: Component provided template option but runtime compilation is not supported in this build of Vue. Configure your bundler to alias "vue" to "vue/dist/vue.esm-bundler.js". 
  at <Anonymous size=14 > 
  at <RepoCard key=23 repo= {id: 23, full_name: mlabonne/llm-course, owner: mlabonne, repo_name: llm-course, name_zh: null} style= {animationDelay: 330ms}  ... > 
  at <HomeView onVnodeUnmounted=fn<onVnodeUnmounted> ref=Ref< Proxy(Object) > > 
  at <RouterView > 
  at <App> @ http://localhost:5173/node_modules/.vite/deps/vue.runtime.esm-bundler-CMLZRQMs.js?v=ce0e8271:1752
[  338559ms] [WARNING] [Vue warn]: Component provided template option but runtime compilation is not supported in this build of Vue. Configure your bundler to alias "vue" to "vue/dist/vue.esm-bundler.js". 
  at <Anonymous size=14 > 
  at <RepoCard key=22 repo= {id: 22, full_name: vllm-project/vllm, owner: vllm-project, repo_name: vllm, name_zh: null} style= {animationDelay: 300ms}  ... > 
  at <HomeView onVnodeUnmounted=fn<onVnodeUnmounted> ref=Ref< Proxy(Object) > > 
  at <RouterView > 
  at <App> @ http://localhost:5173/node_modules/.vite/deps/vue.runtime.esm-bundler-CMLZRQMs.js?v=ce0e8271:1752
[  338559ms] [WARNING] [Vue warn]: Component provided template option but runtime compilation is not supported in this build of Vue. Configure your bundler to alias "vue" to "vue/dist/vue.esm-bundler.js". 
  at <Anonymous size=14 > 
  at <RepoCard key=16 repo= {id: 16, full_name: huggingface/transformers, owner: huggingface, repo_name: transformers, name_zh: null} style= {animationDelay: 270ms}  ... > 
  at <HomeView onVnodeUnmounted=fn<onVnodeUnmounted> ref=Ref< Proxy(Object) > > 
  at <RouterView > 
  at <App> @ http://localhost:5173/node_modules/.vite/deps/vue.runtime.esm-bundler-CMLZRQMs.js?v=ce0e8271:1752
[  338560ms] [WARNING] [Vue warn]: Component provided template option but runtime compilation is not supported in this build of Vue. Configure your bundler to alias "vue" to "vue/dist/vue.esm-bundler.js". 
  at <Anonymous size=14 > 
  at <RepoCard key=15 repo= {id: 15, full_name: f/prompts.chat, owner: f, repo_name: prompts.chat, name_zh: null} style= {animationDelay: 240ms}  ... > 
  at <HomeView onVnodeUnmounted=fn<onVnodeUnmounted> ref=Ref< Proxy(Object) > > 
  at <RouterView > 
  at <App> @ http://localhost:5173/node_modules/.vite/deps/vue.runtime.esm-bundler-CMLZRQMs.js?v=ce0e8271:1752
[  338560ms] [WARNING] [Vue warn]: Component provided template option but runtime compilation is not supported in this build of Vue. Configure your bundler to alias "vue" to "vue/dist/vue.esm-bundler.js". 
  at <Anonymous size=14 > 
  at <RepoCard key=14 repo= {id: 14, full_name: ollama/ollama, owner: ollama, repo_name: ollama, name_zh: null} style= {animationDelay: 210ms}  ... > 
  at <HomeView onVnodeUnmounted=fn<onVnodeUnmounted> ref=Ref< Proxy(Object) > > 
  at <RouterView > 
  at <App> @ http://localhost:5173/node_modules/.vite/deps/vue.runtime.esm-bundler-CMLZRQMs.js?v=ce0e8271:1752
[  338561ms] [WARNING] [Vue warn]: Component provided template option but runtime compilation is not supported in this build of Vue. Configure your bundler to alias "vue" to "vue/dist/vue.esm-bundler.js". 
  at <Anonymous size=14 > 
  at <RepoCard key=11 repo= {id: 11, full_name: test-org/test-llm-repo, owner: test-org, repo_name: test-llm-repo, name_zh: null} style= {animationDelay: 180ms}  ... > 
  at <HomeView onVnodeUnmounted=fn<onVnodeUnmounted> ref=Ref< Proxy(Object) > > 
  at <RouterView > 
  at <App> @ http://localhost:5173/node_modules/.vite/deps/vue.runtime.esm-bundler-CMLZRQMs.js?v=ce0e8271:1752
[  338561ms] [WARNING] [Vue warn]: Component provided template option but runtime compilation is not supported in this build of Vue. Configure your bundler to alias "vue" to "vue/dist/vue.esm-bundler.js". 
  at <Anonymous size=14 > 
  at <RepoCard key=8 repo= {id: 8, full_name: rasbt/LLMs-from-scratch, owner: rasbt, repo_name: LLMs-from-scratch, name_zh: null} style= {animationDelay: 150ms}  ... > 
  at <HomeView onVnodeUnmounted=fn<onVnodeUnmounted> ref=Ref< Proxy(Object) > > 
  at <RouterView > 
  at <App> @ http://localhost:5173/node_modules/.vite/deps/vue.runtime.esm-bundler-CMLZRQMs.js?v=ce0e8271:1752
[  338562ms] [WARNING] [Vue warn]: Component provided template option but runtime compilation is not supported in this build of Vue. Configure your bundler to alias "vue" to "vue/dist/vue.esm-bundler.js". 
  at <Anonymous size=14 > 
  at <RepoCard key=6 repo= {id: 6, full_name: Lordog/dive-into-llms, owner: Lordog, repo_name: dive-into-llms, name_zh: null} style= {animationDelay: 120ms}  ... > 
  at <HomeView onVnodeUnmounted=fn<onVnodeUnmounted> ref=Ref< Proxy(Object) > > 
  at <RouterView > 
  at <App> @ http://localhost:5173/node_modules/.vite/deps/vue.runtime.esm-bundler-CMLZRQMs.js?v=ce0e8271:1752
[  339227ms] [WARNING] [Vue warn]: Component provided template option but runtime compilation is not supported in this build of Vue. Configure your bundler to alias "vue" to "vue/dist/vue.esm-bundler.js". 
  at <Anonymous size=14 > 
  at <RepoCard key=4 repo= {id: 4, full_name: tinyhumansai/openhuman, owner: tinyhumansai, repo_name: openhuman, name_zh: null} style= {animationDelay: 570ms}  ... > 
  at <HomeView onVnodeUnmounted=fn<onVnodeUnmounted> ref=Ref< Proxy(Object) > > 
  at <RouterView > 
  at <App> @ http://localhost:5173/node_modules/.vite/deps/vue.runtime.esm-bundler-CMLZRQMs.js?v=ce0e8271:1752
[  339228ms] [WARNING] [Vue warn]: Component provided template option but runtime compilation is not supported in this build of Vue. Configure your bundler to alias "vue" to "vue/dist/vue.esm-bundler.js". 
  at <Anonymous size=14 > 
  at <RepoCard key=10 repo= {id: 10, full_name: rohitg00/agentmemory, owner: rohitg00, repo_name: agentmemory, name_zh: null} style= {animationDelay: 540ms}  ... > 
  at <HomeView onVnodeUnmounted=fn<onVnodeUnmounted> ref=Ref< Proxy(Object) > > 
  at <RouterView > 
  at <App> @ http://localhost:5173/node_modules/.vite/deps/vue.runtime.esm-bundler-CMLZRQMs.js?v=ce0e8271:1752
[  339228ms] [WARNING] [Vue warn]: Component provided template option but runtime compilation is not supported in this build of Vue. Configure your bundler to alias "vue" to "vue/dist/vue.esm-bundler.js". 
  at <Anonymous size=14 > 
  at <RepoCard key=556 repo= {id: 556, full_name: datawhalechina/easy-vibe, owner: datawhalechina, repo_name: easy-vibe, name_zh: null} style= {animationDelay: 480ms}  ... > 
  at <HomeView onVnodeUnmounted=fn<onVnodeUnmounted> ref=Ref< Proxy(Object) > > 
  at <RouterView > 
  at <App> @ http://localhost:5173/node_modules/.vite/deps/vue.runtime.esm-bundler-CMLZRQMs.js?v=ce0e8271:1752
[  339229ms] [WARNING] [Vue warn]: Component provided template option but runtime compilation is not supported in this build of Vue. Configure your bundler to alias "vue" to "vue/dist/vue.esm-bundler.js". 
  at <Anonymous size=14 > 
  at <RepoCard key=1 repo= {id: 1, full_name: bytedance/UI-TARS-desktop, owner: bytedance, repo_name: UI-TARS-desktop, name_zh: null} style= {animationDelay: 420ms}  ... > 
  at <HomeView onVnodeUnmounted=fn<onVnodeUnmounted> ref=Ref< Proxy(Object) > > 
  at <RouterView > 
  at <App> @ http://localhost:5173/node_modules/.vite/deps/vue.runtime.esm-bundler-CMLZRQMs.js?v=ce0e8271:1752
[  339229ms] [WARNING] [Vue warn]: Component provided template option but runtime compilation is not supported in this build of Vue. Configure your bundler to alias "vue" to "vue/dist/vue.esm-bundler.js". 
  at <Anonymous size=14 > 
  at <RepoCard key=561 repo= {id: 561, full_name: InsForge/InsForge, owner: InsForge, repo_name: InsForge, name_zh: null} style= {animationDelay: 390ms}  ... > 
  at <HomeView onVnodeUnmounted=fn<onVnodeUnmounted> ref=Ref< Proxy(Object) > > 
  at <RouterView > 
  at <App> @ http://localhost:5173/node_modules/.vite/deps/vue.runtime.esm-bundler-CMLZRQMs.js?v=ce0e8271:1752
[  339229ms] [WARNING] [Vue warn]: Component provided template option but runtime compilation is not supported in this build of Vue. Configure your bundler to alias "vue" to "vue/dist/vue.esm-bundler.js". 
  at <Anonymous size=14 > 
  at <RepoCard key=9 repo= {id: 9, full_name: NousResearch/hermes-agent, owner: NousResearch, repo_name: hermes-agent, name_zh: null} style= {animationDelay: 360ms}  ... > 
  at <HomeView onVnodeUnmounted=fn<onVnodeUnmounted> ref=Ref< Proxy(Object) > > 
  at <RouterView > 
  at <App> @ http://localhost:5173/node_modules/.vite/deps/vue.runtime.esm-bundler-CMLZRQMs.js?v=ce0e8271:1752
[  339230ms] [WARNING] [Vue warn]: Component provided template option but runtime compilation is not supported in this build of Vue. Configure your bundler to alias "vue" to "vue/dist/vue.esm-bundler.js". 
  at <Anonymous size=14 > 
  at <RepoCard key=558 repo= {id: 558, full_name: bwya77/vscode-dark-islands, owner: bwya77, repo_name: vscode-dark-islands, name_zh: null} style= {animationDelay: 330ms}  ... > 
  at <HomeView onVnodeUnmounted=fn<onVnodeUnmounted> ref=Ref< Proxy(Object) > > 
  at <RouterView > 
  at <App> @ http://localhost:5173/node_modules/.vite/deps/vue.runtime.esm-bundler-CMLZRQMs.js?v=ce0e8271:1752
[  339230ms] [WARNING] [Vue warn]: Component provided template option but runtime compilation is not supported in this build of Vue. Configure your bundler to alias "vue" to "vue/dist/vue.esm-bundler.js". 
  at <Anonymous size=14 > 
  at <RepoCard key=339 repo= {id: 339, full_name: cocoindex-io/cocoindex, owner: cocoindex-io, repo_name: cocoindex, name_zh: null} style= {animationDelay: 300ms}  ... > 
  at <HomeView onVnodeUnmounted=fn<onVnodeUnmounted> ref=Ref< Proxy(Object) > > 
  at <RouterView > 
  at <App> @ http://localhost:5173/node_modules/.vite/deps/vue.runtime.esm-bundler-CMLZRQMs.js?v=ce0e8271:1752
[  339231ms] [WARNING] [Vue warn]: Component provided template option but runtime compilation is not supported in this build of Vue. Configure your bundler to alias "vue" to "vue/dist/vue.esm-bundler.js". 
  at <Anonymous size=14 > 
  at <RepoCard key=563 repo= {id: 563, full_name: 1jehuang/jcode, owner: 1jehuang, repo_name: jcode, name_zh: null} style= {animationDelay: 270ms}  ... > 
  at <HomeView onVnodeUnmounted=fn<onVnodeUnmounted> ref=Ref< Proxy(Object) > > 
  at <RouterView > 
  at <App> @ http://localhost:5173/node_modules/.vite/deps/vue.runtime.esm-bundler-CMLZRQMs.js?v=ce0e8271:1752
[  339231ms] [WARNING] [Vue warn]: Component provided template option but runtime compilation is not supported in this build of Vue. Configure your bundler to alias "vue" to "vue/dist/vue.esm-bundler.js". 
  at <Anonymous size=14 > 
  at <RepoCard key=559 repo= {id: 559, full_name: virattt/dexter, owner: virattt, repo_name: dexter, name_zh: null} style= {animationDelay: 210ms}  ... > 
  at <HomeView onVnodeUnmounted=fn<onVnodeUnmounted> ref=Ref< Proxy(Object) > > 
  at <RouterView > 
  at <App> @ http://localhost:5173/node_modules/.vite/deps/vue.runtime.esm-bundler-CMLZRQMs.js?v=ce0e8271:1752
[  339232ms] [WARNING] [Vue warn]: Component provided template option but runtime compilation is not supported in this build of Vue. Configure your bundler to alias "vue" to "vue/dist/vue.esm-bundler.js". 
  at <Anonymous size=14 > 
  at <RepoCard key=117 repo= {id: 117, full_name: VectifyAI/PageIndex, owner: VectifyAI, repo_name: PageIndex, name_zh: null} style= {animationDelay: 180ms}  ... > 
  at <HomeView onVnodeUnmounted=fn<onVnodeUnmounted> ref=Ref< Proxy(Object) > > 
  at <RouterView > 
  at <App> @ http://localhost:5173/node_modules/.vite/deps/vue.runtime.esm-bundler-CMLZRQMs.js?v=ce0e8271:1752
[  339232ms] [WARNING] [Vue warn]: Component provided template option but runtime compilation is not supported in this build of Vue. Configure your bundler to alias "vue" to "vue/dist/vue.esm-bundler.js". 
  at <Anonymous size=14 > 
  at <RepoCard key=214 repo= {id: 214, full_name: AIDC-AI/Pixelle-Video, owner: AIDC-AI, repo_name: Pixelle-Video, name_zh: null} style= {animationDelay: 150ms}  ... > 
  at <HomeView onVnodeUnmounted=fn<onVnodeUnmounted> ref=Ref< Proxy(Object) > > 
  at <RouterView > 
  at <App> @ http://localhost:5173/node_modules/.vite/deps/vue.runtime.esm-bundler-CMLZRQMs.js?v=ce0e8271:1752
[  339233ms] [WARNING] [Vue warn]: Component provided template option but runtime compilation is not supported in this build of Vue. Configure your bundler to alias "vue" to "vue/dist/vue.esm-bundler.js". 
  at <Anonymous size=14 > 
  at <RepoCard key=24 repo= {id: 24, full_name: TauricResearch/TradingAgents, owner: TauricResearch, repo_name: TradingAgents, name_zh: null} style= {animationDelay: 120ms}  ... > 
  at <HomeView onVnodeUnmounted=fn<onVnodeUnmounted> ref=Ref< Proxy(Object) > > 
  at <RouterView > 
  at <App> @ http://localhost:5173/node_modules/.vite/deps/vue.runtime.esm-bundler-CMLZRQMs.js?v=ce0e8271:1752
[  339234ms] [WARNING] [Vue warn]: Component provided template option but runtime compilation is not supported in this build of Vue. Configure your bundler to alias "vue" to "vue/dist/vue.esm-bundler.js". 
  at <Anonymous size=14 > 
  at <RepoCard key=560 repo= {id: 560, full_name: addyosmani/agent-skills, owner: addyosmani, repo_name: agent-skills, name_zh: null} style= {animationDelay: 90ms}  ... > 
  at <HomeView onVnodeUnmounted=fn<onVnodeUnmounted> ref=Ref< Proxy(Object) > > 
  at <RouterView > 
  at <App> @ http://localhost:5173/node_modules/.vite/deps/vue.runtime.esm-bundler-CMLZRQMs.js?v=ce0e8271:1752
[  339234ms] [WARNING] [Vue warn]: Component provided template option but runtime compilation is not supported in this build of Vue. Configure your bundler to alias "vue" to "vue/dist/vue.esm-bundler.js". 
  at <Anonymous size=14 > 
  at <RepoCard key=132 repo= {id: 132, full_name: ruvnet/ruflo, owner: ruvnet, repo_name: ruflo, name_zh: null} style= {animationDelay: 60ms}  ... > 
  at <HomeView onVnodeUnmounted=fn<onVnodeUnmounted> ref=Ref< Proxy(Object) > > 
  at <RouterView > 
  at <App> @ http://localhost:5173/node_modules/.vite/deps/vue.runtime.esm-bundler-CMLZRQMs.js?v=ce0e8271:1752
[  339235ms] [WARNING] [Vue warn]: Component provided template option but runtime compilation is not supported in this build of Vue. Configure your bundler to alias "vue" to "vue/dist/vue.esm-bundler.js". 
  at <Anonymous size=14 > 
  at <RepoCard key=557 repo= {id: 557, full_name: Hmbown/DeepSeek-TUI, owner: Hmbown, repo_name: DeepSeek-TUI, name_zh: null} style= {animationDelay: 0ms}  ... > 
  at <HomeView onVnodeUnmounted=fn<onVnodeUnmounted> ref=Ref< Proxy(Object) > > 
  at <RouterView > 
  at <App> @ http://localhost:5173/node_modules/.vite/deps/vue.runtime.esm-bundler-CMLZRQMs.js?v=ce0e8271:1752
[  343486ms] [WARNING] [Vue warn]: Component provided template option but runtime compilation is not supported in this build of Vue. Configure your bundler to alias "vue" to "vue/dist/vue.esm-bundler.js". 
  at <Anonymous size=14 > 
  at <RepoCard key=557 repo= {id: 557, full_name: Hmbown/DeepSeek-TUI, owner: Hmbown, repo_name: DeepSeek-TUI, name_zh: null} style= {animationDelay: 0ms}  ... > 
  at <HomeView onVnodeUnmounted=fn<onVnodeUnmounted> ref=Ref< Proxy(Object) > > 
  at <RouterView > 
  at <App> @ http://localhost:5173/node_modules/.vite/deps/vue.runtime.esm-bundler-CMLZRQMs.js?v=ce0e8271:1752
[  343487ms] [WARNING] [Vue warn]: Component provided template option but runtime compilation is not supported in this build of Vue. Configure your bundler to alias "vue" to "vue/dist/vue.esm-bundler.js". 
  at <Anonymous size=14 > 
  at <RepoCard key=564 repo= {id: 564, full_name: mattpocock/skills, owner: mattpocock, repo_name: skills, name_zh: null} style= {animationDelay: 30ms}  ... > 
  at <HomeView onVnodeUnmounted=fn<onVnodeUnmounted> ref=Ref< Proxy(Object) > > 
  at <RouterView > 
  at <App> @ http://localhost:5173/node_modules/.vite/deps/vue.runtime.esm-bundler-CMLZRQMs.js?v=ce0e8271:1752
[  343488ms] [WARNING] [Vue warn]: Component provided template option but runtime compilation is not supported in this build of Vue. Configure your bundler to alias "vue" to "vue/dist/vue.esm-bundler.js". 
  at <Anonymous size=14 > 
  at <RepoCard key=132 repo= {id: 132, full_name: ruvnet/ruflo, owner: ruvnet, repo_name: ruflo, name_zh: null} style= {animationDelay: 60ms}  ... > 
  at <HomeView onVnodeUnmounted=fn<onVnodeUnmounted> ref=Ref< Proxy(Object) > > 
  at <RouterView > 
  at <App> @ http://localhost:5173/node_modules/.vite/deps/vue.runtime.esm-bundler-CMLZRQMs.js?v=ce0e8271:1752
[  343488ms] [WARNING] [Vue warn]: Component provided template option but runtime compilation is not supported in this build of Vue. Configure your bundler to alias "vue" to "vue/dist/vue.esm-bundler.js". 
  at <Anonymous size=14 > 
  at <RepoCard key=560 repo= {id: 560, full_name: addyosmani/agent-skills, owner: addyosmani, repo_name: agent-skills, name_zh: null} style= {animationDelay: 90ms}  ... > 
  at <HomeView onVnodeUnmounted=fn<onVnodeUnmounted> ref=Ref< Proxy(Object) > > 
  at <RouterView > 
  at <App> @ http://localhost:5173/node_modules/.vite/deps/vue.runtime.esm-bundler-CMLZRQMs.js?v=ce0e8271:1752
[  343489ms] [WARNING] [Vue warn]: Component provided template option but runtime compilation is not supported in this build of Vue. Configure your bundler to alias "vue" to "vue/dist/vue.esm-bundler.js". 
  at <Anonymous size=14 > 
  at <RepoCard key=24 repo= {id: 24, full_name: TauricResearch/TradingAgents, owner: TauricResearch, repo_name: TradingAgents, name_zh: null} style= {animationDelay: 120ms}  ... > 
  at <HomeView onVnodeUnmounted=fn<onVnodeUnmounted> ref=Ref< Proxy(Object) > > 
  at <RouterView > 
  at <App> @ http://localhost:5173/node_modules/.vite/deps/vue.runtime.esm-bundler-CMLZRQMs.js?v=ce0e8271:1752
[  343489ms] [WARNING] [Vue warn]: Component provided template option but runtime compilation is not supported in this build of Vue. Configure your bundler to alias "vue" to "vue/dist/vue.esm-bundler.js". 
  at <Anonymous size=14 > 
  at <RepoCard key=214 repo= {id: 214, full_name: AIDC-AI/Pixelle-Video, owner: AIDC-AI, repo_name: Pixelle-Video, name_zh: null} style= {animationDelay: 150ms}  ... > 
  at <HomeView onVnodeUnmounted=fn<onVnodeUnmounted> ref=Ref< Proxy(Object) > > 
  at <RouterView > 
  at <App> @ http://localhost:5173/node_modules/.vite/deps/vue.runtime.esm-bundler-CMLZRQMs.js?v=ce0e8271:1752
[  343490ms] [WARNING] [Vue warn]: Component provided template option but runtime compilation is not supported in this build of Vue. Configure your bundler to alias "vue" to "vue/dist/vue.esm-bundler.js". 
  at <Anonymous size=14 > 
  at <RepoCard key=117 repo= {id: 117, full_name: VectifyAI/PageIndex, owner: VectifyAI, repo_name: PageIndex, name_zh: null} style= {animationDelay: 180ms}  ... > 
  at <HomeView onVnodeUnmounted=fn<onVnodeUnmounted> ref=Ref< Proxy(Object) > > 
  at <RouterView > 
  at <App> @ http://localhost:5173/node_modules/.vite/deps/vue.runtime.esm-bundler-CMLZRQMs.js?v=ce0e8271:1752
[  343490ms] [WARNING] [Vue warn]: Component provided template option but runtime compilation is not supported in this build of Vue. Configure your bundler to alias "vue" to "vue/dist/vue.esm-bundler.js". 
  at <Anonymous size=14 > 
  at <RepoCard key=559 repo= {id: 559, full_name: virattt/dexter, owner: virattt, repo_name: dexter, name_zh: null} style= {animationDelay: 210ms}  ... > 
  at <HomeView onVnodeUnmounted=fn<onVnodeUnmounted> ref=Ref< Proxy(Object) > > 
  at <RouterView > 
  at <App> @ http://localhost:5173/node_modules/.vite/deps/vue.runtime.esm-bundler-CMLZRQMs.js?v=ce0e8271:1752
[  343491ms] [WARNING] [Vue warn]: Component provided template option but runtime compilation is not supported in this build of Vue. Configure your bundler to alias "vue" to "vue/dist/vue.esm-bundler.js". 
  at <Anonymous size=14 > 
  at <RepoCard key=129 repo= {id: 129, full_name: LearningCircuit/local-deep-research, owner: LearningCircuit, repo_name: local-deep-research, name_zh: null} style= {animationDelay: 240ms}  ... > 
  at <HomeView onVnodeUnmounted=fn<onVnodeUnmounted> ref=Ref< Proxy(Object) > > 
  at <RouterView > 
  at <App> @ http://localhost:5173/node_modules/.vite/deps/vue.runtime.esm-bundler-CMLZRQMs.js?v=ce0e8271:1752
[  343491ms] [WARNING] [Vue warn]: Component provided template option but runtime compilation is not supported in this build of Vue. Configure your bundler to alias "vue" to "vue/dist/vue.esm-bundler.js". 
  at <Anonymous size=14 > 
  at <RepoCard key=563 repo= {id: 563, full_name: 1jehuang/jcode, owner: 1jehuang, repo_name: jcode, name_zh: null} style= {animationDelay: 270ms}  ... > 
  at <HomeView onVnodeUnmounted=fn<onVnodeUnmounted> ref=Ref< Proxy(Object) > > 
  at <RouterView > 
  at <App> @ http://localhost:5173/node_modules/.vite/deps/vue.runtime.esm-bundler-CMLZRQMs.js?v=ce0e8271:1752
[  343491ms] [WARNING] [Vue warn]: Component provided template option but runtime compilation is not supported in this build of Vue. Configure your bundler to alias "vue" to "vue/dist/vue.esm-bundler.js". 
  at <Anonymous size=14 > 
  at <RepoCard key=339 repo= {id: 339, full_name: cocoindex-io/cocoindex, owner: cocoindex-io, repo_name: cocoindex, name_zh: null} style= {animationDelay: 300ms}  ... > 
  at <HomeView onVnodeUnmounted=fn<onVnodeUnmounted> ref=Ref< Proxy(Object) > > 
  at <RouterView > 
  at <App> @ http://localhost:5173/node_modules/.vite/deps/vue.runtime.esm-bundler-CMLZRQMs.js?v=ce0e8271:1752
[  343492ms] [WARNING] [Vue warn]: Component provided template option but runtime compilation is not supported in this build of Vue. Configure your bundler to alias "vue" to "vue/dist/vue.esm-bundler.js". 
  at <Anonymous size=14 > 
  at <RepoCard key=558 repo= {id: 558, full_name: bwya77/vscode-dark-islands, owner: bwya77, repo_name: vscode-dark-islands, name_zh: null} style= {animationDelay: 330ms}  ... > 
  at <HomeView onVnodeUnmounted=fn<onVnodeUnmounted> ref=Ref< Proxy(Object) > > 
  at <RouterView > 
  at <App> @ http://localhost:5173/node_modules/.vite/deps/vue.runtime.esm-bundler-CMLZRQMs.js?v=ce0e8271:1752
[  343492ms] [WARNING] [Vue warn]: Component provided template option but runtime compilation is not supported in this build of Vue. Configure your bundler to alias "vue" to "vue/dist/vue.esm-bundler.js". 
  at <Anonymous size=14 > 
  at <RepoCard key=9 repo= {id: 9, full_name: NousResearch/hermes-agent, owner: NousResearch, repo_name: hermes-agent, name_zh: null} style= {animationDelay: 360ms}  ... > 
  at <HomeView onVnodeUnmounted=fn<onVnodeUnmounted> ref=Ref< Proxy(Object) > > 
  at <RouterView > 
  at <App> @ http://localhost:5173/node_modules/.vite/deps/vue.runtime.esm-bundler-CMLZRQMs.js?v=ce0e8271:1752
[  343493ms] [WARNING] [Vue warn]: Component provided template option but runtime compilation is not supported in this build of Vue. Configure your bundler to alias "vue" to "vue/dist/vue.esm-bundler.js". 
  at <Anonymous size=14 > 
  at <RepoCard key=561 repo= {id: 561, full_name: InsForge/InsForge, owner: InsForge, repo_name: InsForge, name_zh: null} style= {animationDelay: 390ms}  ... > 
  at <HomeView onVnodeUnmounted=fn<onVnodeUnmounted> ref=Ref< Proxy(Object) > > 
  at <RouterView > 
  at <App> @ http://localhost:5173/node_modules/.vite/deps/vue.runtime.esm-bundler-CMLZRQMs.js?v=ce0e8271:1752
[  343493ms] [WARNING] [Vue warn]: Component provided template option but runtime compilation is not supported in this build of Vue. Configure your bundler to alias "vue" to "vue/dist/vue.esm-bundler.js". 
  at <Anonymous size=14 > 
  at <RepoCard key=1 repo= {id: 1, full_name: bytedance/UI-TARS-desktop, owner: bytedance, repo_name: UI-TARS-desktop, name_zh: null} style= {animationDelay: 420ms}  ... > 
  at <HomeView onVnodeUnmounted=fn<onVnodeUnmounted> ref=Ref< Proxy(Object) > > 
  at <RouterView > 
  at <App> @ http://localhost:5173/node_modules/.vite/deps/vue.runtime.esm-bundler-CMLZRQMs.js?v=ce0e8271:1752
[  343493ms] [WARNING] [Vue warn]: Component provided template option but runtime compilation is not supported in this build of Vue. Configure your bundler to alias "vue" to "vue/dist/vue.esm-bundler.js". 
  at <Anonymous size=14 > 
  at <RepoCard key=3 repo= {id: 3, full_name: decolua/9router, owner: decolua, repo_name: 9router, name_zh: null} style= {animationDelay: 450ms}  ... > 
  at <HomeView onVnodeUnmounted=fn<onVnodeUnmounted> ref=Ref< Proxy(Object) > > 
  at <RouterView > 
  at <App> @ http://localhost:5173/node_modules/.vite/deps/vue.runtime.esm-bundler-CMLZRQMs.js?v=ce0e8271:1752
[  343494ms] [WARNING] [Vue warn]: Component provided template option but runtime compilation is not supported in this build of Vue. Configure your bundler to alias "vue" to "vue/dist/vue.esm-bundler.js". 
  at <Anonymous size=14 > 
  at <RepoCard key=556 repo= {id: 556, full_name: datawhalechina/easy-vibe, owner: datawhalechina, repo_name: easy-vibe, name_zh: null} style= {animationDelay: 480ms}  ... > 
  at <HomeView onVnodeUnmounted=fn<onVnodeUnmounted> ref=Ref< Proxy(Object) > > 
  at <RouterView > 
  at <App> @ http://localhost:5173/node_modules/.vite/deps/vue.runtime.esm-bundler-CMLZRQMs.js?v=ce0e8271:1752
[  343494ms] [WARNING] [Vue warn]: Component provided template option but runtime compilation is not supported in this build of Vue. Configure your bundler to alias "vue" to "vue/dist/vue.esm-bundler.js". 
  at <Anonymous size=14 > 
  at <RepoCard key=562 repo= {id: 562, full_name: PriorLabs/TabPFN, owner: PriorLabs, repo_name: TabPFN, name_zh: null} style= {animationDelay: 510ms}  ... > 
  at <HomeView onVnodeUnmounted=fn<onVnodeUnmounted> ref=Ref< Proxy(Object) > > 
  at <RouterView > 
  at <App> @ http://localhost:5173/node_modules/.vite/deps/vue.runtime.esm-bundler-CMLZRQMs.js?v=ce0e8271:1752
[  343494ms] [WARNING] [Vue warn]: Component provided template option but runtime compilation is not supported in this build of Vue. Configure your bundler to alias "vue" to "vue/dist/vue.esm-bundler.js". 
  at <Anonymous size=14 > 
  at <RepoCard key=10 repo= {id: 10, full_name: rohitg00/agentmemory, owner: rohitg00, repo_name: agentmemory, name_zh: null} style= {animationDelay: 540ms}  ... > 
  at <HomeView onVnodeUnmounted=fn<onVnodeUnmounted> ref=Ref< Proxy(Object) > > 
  at <RouterView > 
  at <App> @ http://localhost:5173/node_modules/.vite/deps/vue.runtime.esm-bundler-CMLZRQMs.js?v=ce0e8271:1752
[  343495ms] [WARNING] [Vue warn]: Component provided template option but runtime compilation is not supported in this build of Vue. Configure your bundler to alias "vue" to "vue/dist/vue.esm-bundler.js". 
  at <Anonymous size=14 > 
  at <RepoCard key=4 repo= {id: 4, full_name: tinyhumansai/openhuman, owner: tinyhumansai, repo_name: openhuman, name_zh: null} style= {animationDelay: 570ms}  ... > 
  at <HomeView onVnodeUnmounted=fn<onVnodeUnmounted> ref=Ref< Proxy(Object) > > 
  at <RouterView > 
  at <App> @ http://localhost:5173/node_modules/.vite/deps/vue.runtime.esm-bundler-CMLZRQMs.js?v=ce0e8271:1752
[  347173ms] [WARNING] [Vue warn]: Component provided template option but runtime compilation is not supported in this build of Vue. Configure your bundler to alias "vue" to "vue/dist/vue.esm-bundler.js". 
  at <Anonymous > 
  at <RepoDrawer key=0 repo-name="mattpocock/skills" onClose=fn > 
  at <HomeView onVnodeUnmounted=fn<onVnodeUnmounted> ref=Ref< Proxy(Object) > > 
  at <RouterView > 
  at <App> @ http://localhost:5173/node_modules/.vite/deps/vue.runtime.esm-bundler-CMLZRQMs.js?v=ce0e8271:1752
[  352292ms] [WARNING] [Vue warn]: Component provided template option but runtime compilation is not supported in this build of Vue. Configure your bundler to alias "vue" to "vue/dist/vue.esm-bundler.js". 
  at <Anonymous > 
  at <RepoDrawer key=0 repo-name="addyosmani/agent-skills" onClose=fn > 
  at <HomeView onVnodeUnmounted=fn<onVnodeUnmounted> ref=Ref< Proxy(Object) > > 
  at <RouterView > 
  at <App> @ http://localhost:5173/node_modules/.vite/deps/vue.runtime.esm-bundler-CMLZRQMs.js?v=ce0e8271:1752
[  354286ms] [WARNING] [Vue warn]: Component provided template option but runtime compilation is not supported in this build of Vue. Configure your bundler to alias "vue" to "vue/dist/vue.esm-bundler.js". 
  at <Anonymous > 
  at <RepoDrawer key=0 repo-name="TauricResearch/TradingAgents" onClose=fn > 
  at <HomeView onVnodeUnmounted=fn<onVnodeUnmounted> ref=Ref< Proxy(Object) > > 
  at <RouterView > 
  at <App> @ http://localhost:5173/node_modules/.vite/deps/vue.runtime.esm-bundler-CMLZRQMs.js?v=ce0e8271:1752
[  359733ms] [WARNING] [Vue warn]: Component provided template option but runtime compilation is not supported in this build of Vue. Configure your bundler to alias "vue" to "vue/dist/vue.esm-bundler.js". 
  at <Anonymous > 
  at <RepoDrawer key=0 repo-name="NousResearch/hermes-agent" onClose=fn > 
  at <HomeView onVnodeUnmounted=fn<onVnodeUnmounted> ref=Ref< Proxy(Object) > > 
  at <RouterView > 
  at <App> @ http://localhost:5173/node_modules/.vite/deps/vue.runtime.esm-bundler-CMLZRQMs.js?v=ce0e8271:1752
[  376228ms] [WARNING] [Vue warn]: Component provided template option but runtime compilation is not supported in this build of Vue. Configure your bundler to alias "vue" to "vue/dist/vue.esm-bundler.js". 
  at <Anonymous size=14 > 
  at <RepoCard key=557 repo= {id: 557, full_name: Hmbown/DeepSeek-TUI, owner: Hmbown, repo_name: DeepSeek-TUI, name_zh: null} style= {animationDelay: 0ms}  ... > 
  at <HomeView onVnodeUnmounted=fn<onVnodeUnmounted> ref=Ref< Proxy(Object) > > 
  at <RouterView > 
  at <App> @ http://localhost:5173/node_modules/.vite/deps/vue.runtime.esm-bundler-CMLZRQMs.js?v=ce0e8271:1752
[  376229ms] [WARNING] [Vue warn]: Component provided template option but runtime compilation is not supported in this build of Vue. Configure your bundler to alias "vue" to "vue/dist/vue.esm-bundler.js". 
  at <Anonymous size=14 > 
  at <RepoCard key=564 repo= {id: 564, full_name: mattpocock/skills, owner: mattpocock, repo_name: skills, name_zh: null} style= {animationDelay: 30ms}  ... > 
  at <HomeView onVnodeUnmounted=fn<onVnodeUnmounted> ref=Ref< Proxy(Object) > > 
  at <RouterView > 
  at <App> @ http://localhost:5173/node_modules/.vite/deps/vue.runtime.esm-bundler-CMLZRQMs.js?v=ce0e8271:1752
[  376230ms] [WARNING] [Vue warn]: Component provided template option but runtime compilation is not supported in this build of Vue. Configure your bundler to alias "vue" to "vue/dist/vue.esm-bundler.js". 
  at <Anonymous size=14 > 
  at <RepoCard key=132 repo= {id: 132, full_name: ruvnet/ruflo, owner: ruvnet, repo_name: ruflo, name_zh: null} style= {animationDelay: 60ms}  ... > 
  at <HomeView onVnodeUnmounted=fn<onVnodeUnmounted> ref=Ref< Proxy(Object) > > 
  at <RouterView > 
  at <App> @ http://localhost:5173/node_modules/.vite/deps/vue.runtime.esm-bundler-CMLZRQMs.js?v=ce0e8271:1752
[  376230ms] [WARNING] [Vue warn]: Component provided template option but runtime compilation is not supported in this build of Vue. Configure your bundler to alias "vue" to "vue/dist/vue.esm-bundler.js". 
  at <Anonymous size=14 > 
  at <RepoCard key=560 repo= {id: 560, full_name: addyosmani/agent-skills, owner: addyosmani, repo_name: agent-skills, name_zh: null} style= {animationDelay: 90ms}  ... > 
  at <HomeView onVnodeUnmounted=fn<onVnodeUnmounted> ref=Ref< Proxy(Object) > > 
  at <RouterView > 
  at <App> @ http://localhost:5173/node_modules/.vite/deps/vue.runtime.esm-bundler-CMLZRQMs.js?v=ce0e8271:1752
[  376231ms] [WARNING] [Vue warn]: Component provided template option but runtime compilation is not supported in this build of Vue. Configure your bundler to alias "vue" to "vue/dist/vue.esm-bundler.js". 
  at <Anonymous size=14 > 
  at <RepoCard key=24 repo= {id: 24, full_name: TauricResearch/TradingAgents, owner: TauricResearch, repo_name: TradingAgents, name_zh: null} style= {animationDelay: 120ms}  ... > 
  at <HomeView onVnodeUnmounted=fn<onVnodeUnmounted> ref=Ref< Proxy(Object) > > 
  at <RouterView > 
  at <App> @ http://localhost:5173/node_modules/.vite/deps/vue.runtime.esm-bundler-CMLZRQMs.js?v=ce0e8271:1752
[  376232ms] [WARNING] [Vue warn]: Component provided template option but runtime compilation is not supported in this build of Vue. Configure your bundler to alias "vue" to "vue/dist/vue.esm-bundler.js". 
  at <Anonymous size=14 > 
  at <RepoCard key=214 repo= {id: 214, full_name: AIDC-AI/Pixelle-Video, owner: AIDC-AI, repo_name: Pixelle-Video, name_zh: null} style= {animationDelay: 150ms}  ... > 
  at <HomeView onVnodeUnmounted=fn<onVnodeUnmounted> ref=Ref< Proxy(Object) > > 
  at <RouterView > 
  at <App> @ http://localhost:5173/node_modules/.vite/deps/vue.runtime.esm-bundler-CMLZRQMs.js?v=ce0e8271:1752
[  376233ms] [WARNING] [Vue warn]: Component provided template option but runtime compilation is not supported in this build of Vue. Configure your bundler to alias "vue" to "vue/dist/vue.esm-bundler.js". 
  at <Anonymous size=14 > 
  at <RepoCard key=117 repo= {id: 117, full_name: VectifyAI/PageIndex, owner: VectifyAI, repo_name: PageIndex, name_zh: null} style= {animationDelay: 180ms}  ... > 
  at <HomeView onVnodeUnmounted=fn<onVnodeUnmounted> ref=Ref< Proxy(Object) > > 
  at <RouterView > 
  at <App> @ http://localhost:5173/node_modules/.vite/deps/vue.runtime.esm-bundler-CMLZRQMs.js?v=ce0e8271:1752
[  376233ms] [WARNING] [Vue warn]: Component provided template option but runtime compilation is not supported in this build of Vue. Configure your bundler to alias "vue" to "vue/dist/vue.esm-bundler.js". 
  at <Anonymous size=14 > 
  at <RepoCard key=559 repo= {id: 559, full_name: virattt/dexter, owner: virattt, repo_name: dexter, name_zh: null} style= {animationDelay: 210ms}  ... > 
  at <HomeView onVnodeUnmounted=fn<onVnodeUnmounted> ref=Ref< Proxy(Object) > > 
  at <RouterView > 
  at <App> @ http://localhost:5173/node_modules/.vite/deps/vue.runtime.esm-bundler-CMLZRQMs.js?v=ce0e8271:1752
[  376234ms] [WARNING] [Vue warn]: Component provided template option but runtime compilation is not supported in this build of Vue. Configure your bundler to alias "vue" to "vue/dist/vue.esm-bundler.js". 
  at <Anonymous size=14 > 
  at <RepoCard key=129 repo= {id: 129, full_name: LearningCircuit/local-deep-research, owner: LearningCircuit, repo_name: local-deep-research, name_zh: null} style= {animationDelay: 240ms}  ... > 
  at <HomeView onVnodeUnmounted=fn<onVnodeUnmounted> ref=Ref< Proxy(Object) > > 
  at <RouterView > 
  at <App> @ http://localhost:5173/node_modules/.vite/deps/vue.runtime.esm-bundler-CMLZRQMs.js?v=ce0e8271:1752
[  376234ms] [WARNING] [Vue warn]: Component provided template option but runtime compilation is not supported in this build of Vue. Configure your bundler to alias "vue" to "vue/dist/vue.esm-bundler.js". 
  at <Anonymous size=14 > 
  at <RepoCard key=563 repo= {id: 563, full_name: 1jehuang/jcode, owner: 1jehuang, repo_name: jcode, name_zh: null} style= {animationDelay: 270ms}  ... > 
  at <HomeView onVnodeUnmounted=fn<onVnodeUnmounted> ref=Ref< Proxy(Object) > > 
  at <RouterView > 
  at <App> @ http://localhost:5173/node_modules/.vite/deps/vue.runtime.esm-bundler-CMLZRQMs.js?v=ce0e8271:1752
[  376235ms] [WARNING] [Vue warn]: Component provided template option but runtime compilation is not supported in this build of Vue. Configure your bundler to alias "vue" to "vue/dist/vue.esm-bundler.js". 
  at <Anonymous size=14 > 
  at <RepoCard key=339 repo= {id: 339, full_name: cocoindex-io/cocoindex, owner: cocoindex-io, repo_name: cocoindex, name_zh: null} style= {animationDelay: 300ms}  ... > 
  at <HomeView onVnodeUnmounted=fn<onVnodeUnmounted> ref=Ref< Proxy(Object) > > 
  at <RouterView > 
  at <App> @ http://localhost:5173/node_modules/.vite/deps/vue.runtime.esm-bundler-CMLZRQMs.js?v=ce0e8271:1752
[  376236ms] [WARNING] [Vue warn]: Component provided template option but runtime compilation is not supported in this build of Vue. Configure your bundler to alias "vue" to "vue/dist/vue.esm-bundler.js". 
  at <Anonymous size=14 > 
  at <RepoCard key=558 repo= {id: 558, full_name: bwya77/vscode-dark-islands, owner: bwya77, repo_name: vscode-dark-islands, name_zh: null} style= {animationDelay: 330ms}  ... > 
  at <HomeView onVnodeUnmounted=fn<onVnodeUnmounted> ref=Ref< Proxy(Object) > > 
  at <RouterView > 
  at <App> @ http://localhost:5173/node_modules/.vite/deps/vue.runtime.esm-bundler-CMLZRQMs.js?v=ce0e8271:1752
[  376236ms] [WARNING] [Vue warn]: Component provided template option but runtime compilation is not supported in this build of Vue. Configure your bundler to alias "vue" to "vue/dist/vue.esm-bundler.js". 
  at <Anonymous size=14 > 
  at <RepoCard key=9 repo= {id: 9, full_name: NousResearch/hermes-agent, owner: NousResearch, repo_name: hermes-agent, name_zh: null} style= {animationDelay: 360ms}  ... > 
  at <HomeView onVnodeUnmounted=fn<onVnodeUnmounted> ref=Ref< Proxy(Object) > > 
  at <RouterView > 
  at <App> @ http://localhost:5173/node_modules/.vite/deps/vue.runtime.esm-bundler-CMLZRQMs.js?v=ce0e8271:1752
[  376237ms] [WARNING] [Vue warn]: Component provided template option but runtime compilation is not supported in this build of Vue. Configure your bundler to alias "vue" to "vue/dist/vue.esm-bundler.js". 
  at <Anonymous size=14 > 
  at <RepoCard key=561 repo= {id: 561, full_name: InsForge/InsForge, owner: InsForge, repo_name: InsForge, name_zh: null} style= {animationDelay: 390ms}  ... > 
  at <HomeView onVnodeUnmounted=fn<onVnodeUnmounted> ref=Ref< Proxy(Object) > > 
  at <RouterView > 
  at <App> @ http://localhost:5173/node_modules/.vite/deps/vue.runtime.esm-bundler-CMLZRQMs.js?v=ce0e8271:1752
[  376237ms] [WARNING] [Vue warn]: Component provided template option but runtime compilation is not supported in this build of Vue. Configure your bundler to alias "vue" to "vue/dist/vue.esm-bundler.js". 
  at <Anonymous size=14 > 
  at <RepoCard key=1 repo= {id: 1, full_name: bytedance/UI-TARS-desktop, owner: bytedance, repo_name: UI-TARS-desktop, name_zh: null} style= {animationDelay: 420ms}  ... > 
  at <HomeView onVnodeUnmounted=fn<onVnodeUnmounted> ref=Ref< Proxy(Object) > > 
  at <RouterView > 
  at <App> @ http://localhost:5173/node_modules/.vite/deps/vue.runtime.esm-bundler-CMLZRQMs.js?v=ce0e8271:1752
[  376237ms] [WARNING] [Vue warn]: Component provided template option but runtime compilation is not supported in this build of Vue. Configure your bundler to alias "vue" to "vue/dist/vue.esm-bundler.js". 
  at <Anonymous size=14 > 
  at <RepoCard key=3 repo= {id: 3, full_name: decolua/9router, owner: decolua, repo_name: 9router, name_zh: null} style= {animationDelay: 450ms}  ... > 
  at <HomeView onVnodeUnmounted=fn<onVnodeUnmounted> ref=Ref< Proxy(Object) > > 
  at <RouterView > 
  at <App> @ http://localhost:5173/node_modules/.vite/deps/vue.runtime.esm-bundler-CMLZRQMs.js?v=ce0e8271:1752
[  376238ms] [WARNING] [Vue warn]: Component provided template option but runtime compilation is not supported in this build of Vue. Configure your bundler to alias "vue" to "vue/dist/vue.esm-bundler.js". 
  at <Anonymous size=14 > 
  at <RepoCard key=556 repo= {id: 556, full_name: datawhalechina/easy-vibe, owner: datawhalechina, repo_name: easy-vibe, name_zh: null} style= {animationDelay: 480ms}  ... > 
  at <HomeView onVnodeUnmounted=fn<onVnodeUnmounted> ref=Ref< Proxy(Object) > > 
  at <RouterView > 
  at <App> @ http://localhost:5173/node_modules/.vite/deps/vue.runtime.esm-bundler-CMLZRQMs.js?v=ce0e8271:1752
[  376238ms] [WARNING] [Vue warn]: Component provided template option but runtime compilation is not supported in this build of Vue. Configure your bundler to alias "vue" to "vue/dist/vue.esm-bundler.js". 
  at <Anonymous size=14 > 
  at <RepoCard key=562 repo= {id: 562, full_name: PriorLabs/TabPFN, owner: PriorLabs, repo_name: TabPFN, name_zh: null} style= {animationDelay: 510ms}  ... > 
  at <HomeView onVnodeUnmounted=fn<onVnodeUnmounted> ref=Ref< Proxy(Object) > > 
  at <RouterView > 
  at <App> @ http://localhost:5173/node_modules/.vite/deps/vue.runtime.esm-bundler-CMLZRQMs.js?v=ce0e8271:1752
[  376239ms] [WARNING] [Vue warn]: Component provided template option but runtime compilation is not supported in this build of Vue. Configure your bundler to alias "vue" to "vue/dist/vue.esm-bundler.js". 
  at <Anonymous size=14 > 
  at <RepoCard key=10 repo= {id: 10, full_name: rohitg00/agentmemory, owner: rohitg00, repo_name: agentmemory, name_zh: null} style= {animationDelay: 540ms}  ... > 
  at <HomeView onVnodeUnmounted=fn<onVnodeUnmounted> ref=Ref< Proxy(Object) > > 
  at <RouterView > 
  at <App> @ http://localhost:5173/node_modules/.vite/deps/vue.runtime.esm-bundler-CMLZRQMs.js?v=ce0e8271:1752
[  376239ms] [WARNING] [Vue warn]: Component provided template option but runtime compilation is not supported in this build of Vue. Configure your bundler to alias "vue" to "vue/dist/vue.esm-bundler.js". 
  at <Anonymous size=14 > 
  at <RepoCard key=4 repo= {id: 4, full_name: tinyhumansai/openhuman, owner: tinyhumansai, repo_name: openhuman, name_zh: null} style= {animationDelay: 570ms}  ... > 
  at <HomeView onVnodeUnmounted=fn<onVnodeUnmounted> ref=Ref< Proxy(Object) > > 
  at <RouterView > 
  at <App> @ http://localhost:5173/node_modules/.vite/deps/vue.runtime.esm-bundler-CMLZRQMs.js?v=ce0e8271:1752
[  483531ms] [WARNING] [Vue warn]: Component provided template option but runtime compilation is not supported in this build of Vue. Configure your bundler to alias "vue" to "vue/dist/vue.esm-bundler.js". 
  at <Anonymous > 
  at <RepoDrawer key=0 repo-name="Hmbown/DeepSeek-TUI" onClose=fn > 
  at <HomeView onVnodeUnmounted=fn<onVnodeUnmounted> ref=Ref< Proxy(Object) > > 
  at <RouterView > 
  at <App> @ http://localhost:5173/node_modules/.vite/deps/vue.runtime.esm-bundler-CMLZRQMs.js?v=ce0e8271:1752
[  503695ms] [WARNING] [Vue warn]: Component provided template option but runtime compilation is not supported in this build of Vue. Configure your bundler to alias "vue" to "vue/dist/vue.esm-bundler.js". 
  at <Anonymous > 
  at <RepoDrawer key=0 repo-name="Hmbown/DeepSeek-TUI" onClose=fn > 
  at <HomeView onVnodeUnmounted=fn<onVnodeUnmounted> ref=Ref< Proxy(Object) > > 
  at <RouterView > 
  at <App> @ http://localhost:5173/node_modules/.vite/deps/vue.runtime.esm-bundler-CMLZRQMs.js?v=ce0e8271:1752
[  510430ms] [WARNING] [Vue warn]: Component provided template option but runtime compilation is not supported in this build of Vue. Configure your bundler to alias "vue" to "vue/dist/vue.esm-bundler.js". 
  at <Anonymous > 
  at <RepoDrawer key=0 repo-name="mattpocock/skills" onClose=fn > 
  at <HomeView onVnodeUnmounted=fn<onVnodeUnmounted> ref=Ref< Proxy(Object) > > 
  at <RouterView > 
  at <App> @ http://localhost:5173/node_modules/.vite/deps/vue.runtime.esm-bundler-CMLZRQMs.js?v=ce0e8271:1752
[  518142ms] [WARNING] [Vue warn]: Component provided template option but runtime compilation is not supported in this build of Vue. Configure your bundler to alias "vue" to "vue/dist/vue.esm-bundler.js". 
  at <Anonymous size=14 > 
  at <RepoCard key=505 repo= {id: 505, full_name: katanaml/sparrow, owner: katanaml, repo_name: sparrow, name_zh: null} style= {animationDelay: 570ms}  ... > 
  at <HomeView onVnodeUnmounted=fn<onVnodeUnmounted> ref=Ref< Proxy(Object) > > 
  at <RouterView > 
  at <App> @ http://localhost:5173/node_modules/.vite/deps/vue.runtime.esm-bundler-CMLZRQMs.js?v=ce0e8271:1752
[  518142ms] [WARNING] [Vue warn]: Component provided template option but runtime compilation is not supported in this build of Vue. Configure your bundler to alias "vue" to "vue/dist/vue.esm-bundler.js". 
  at <Anonymous size=14 > 
  at <RepoCard key=499 repo= {id: 499, full_name: xorbitsai/inference, owner: xorbitsai, repo_name: inference, name_zh: null} style= {animationDelay: 540ms}  ... > 
  at <HomeView onVnodeUnmounted=fn<onVnodeUnmounted> ref=Ref< Proxy(Object) > > 
  at <RouterView > 
  at <App> @ http://localhost:5173/node_modules/.vite/deps/vue.runtime.esm-bundler-CMLZRQMs.js?v=ce0e8271:1752
[  518143ms] [WARNING] [Vue warn]: Component provided template option but runtime compilation is not supported in this build of Vue. Configure your bundler to alias "vue" to "vue/dist/vue.esm-bundler.js". 
  at <Anonymous size=14 > 
  at <RepoCard key=498 repo= {id: 498, full_name: OpenRLHF/OpenRLHF, owner: OpenRLHF, repo_name: OpenRLHF, name_zh: null} style= {animationDelay: 510ms}  ... > 
  at <HomeView onVnodeUnmounted=fn<onVnodeUnmounted> ref=Ref< Proxy(Object) > > 
  at <RouterView > 
  at <App> @ http://localhost:5173/node_modules/.vite/deps/vue.runtime.esm-bundler-CMLZRQMs.js?v=ce0e8271:1752
[  518144ms] [WARNING] [Vue warn]: Component provided template option but runtime compilation is not supported in this build of Vue. Configure your bundler to alias "vue" to "vue/dist/vue.esm-bundler.js". 
  at <Anonymous size=14 > 
  at <RepoCard key=510 repo= {id: 510, full_name: apconw/Aix-DB, owner: apconw, repo_name: Aix-DB, name_zh: null} style= {animationDelay: 480ms}  ... > 
  at <HomeView onVnodeUnmounted=fn<onVnodeUnmounted> ref=Ref< Proxy(Object) > > 
  at <RouterView > 
  at <App> @ http://localhost:5173/node_modules/.vite/deps/vue.runtime.esm-bundler-CMLZRQMs.js?v=ce0e8271:1752
[  518144ms] [WARNING] [Vue warn]: Component provided template option but runtime compilation is not supported in this build of Vue. Configure your bundler to alias "vue" to "vue/dist/vue.esm-bundler.js". 
  at <Anonymous size=14 > 
  at <RepoCard key=527 repo= {id: 527, full_name: jina-ai/serve, owner: jina-ai, repo_name: serve, name_zh: null} style= {animationDelay: 450ms}  ... > 
  at <HomeView onVnodeUnmounted=fn<onVnodeUnmounted> ref=Ref< Proxy(Object) > > 
  at <RouterView > 
  at <App> @ http://localhost:5173/node_modules/.vite/deps/vue.runtime.esm-bundler-CMLZRQMs.js?v=ce0e8271:1752
[  518145ms] [WARNING] [Vue warn]: Component provided template option but runtime compilation is not supported in this build of Vue. Configure your bundler to alias "vue" to "vue/dist/vue.esm-bundler.js". 
  at <Anonymous size=14 > 
  at <RepoCard key=511 repo= {id: 511, full_name: vllm-project/vllm-ascend, owner: vllm-project, repo_name: vllm-ascend, name_zh: null} style= {animationDelay: 420ms}  ... > 
  at <HomeView onVnodeUnmounted=fn<onVnodeUnmounted> ref=Ref< Proxy(Object) > > 
  at <RouterView > 
  at <App> @ http://localhost:5173/node_modules/.vite/deps/vue.runtime.esm-bundler-CMLZRQMs.js?v=ce0e8271:1752
[  518145ms] [WARNING] [Vue warn]: Component provided template option but runtime compilation is not supported in this build of Vue. Configure your bundler to alias "vue" to "vue/dist/vue.esm-bundler.js". 
  at <Anonymous size=14 > 
  at <RepoCard key=481 repo= {id: 481, full_name: repowise-dev/claude-code-prompts, owner: repowise-dev, repo_name: claude-code-prompts, name_zh: null} style= {animationDelay: 390ms}  ... > 
  at <HomeView onVnodeUnmounted=fn<onVnodeUnmounted> ref=Ref< Proxy(Object) > > 
  at <RouterView > 
  at <App> @ http://localhost:5173/node_modules/.vite/deps/vue.runtime.esm-bundler-CMLZRQMs.js?v=ce0e8271:1752
[  518145ms] [WARNING] [Vue warn]: Component provided template option but runtime compilation is not supported in this build of Vue. Configure your bundler to alias "vue" to "vue/dist/vue.esm-bundler.js". 
  at <Anonymous size=14 > 
  at <RepoCard key=528 repo= {id: 528, full_name: screenpipe/screenpipe, owner: screenpipe, repo_name: screenpipe, name_zh: null} style= {animationDelay: 360ms}  ... > 
  at <HomeView onVnodeUnmounted=fn<onVnodeUnmounted> ref=Ref< Proxy(Object) > > 
  at <RouterView > 
  at <App> @ http://localhost:5173/node_modules/.vite/deps/vue.runtime.esm-bundler-CMLZRQMs.js?v=ce0e8271:1752
[  518146ms] [WARNING] [Vue warn]: Component provided template option but runtime compilation is not supported in this build of Vue. Configure your bundler to alias "vue" to "vue/dist/vue.esm-bundler.js". 
  at <Anonymous size=14 > 
  at <RepoCard key=529 repo= {id: 529, full_name: deepseek-ai/Janus, owner: deepseek-ai, repo_name: Janus, name_zh: null} style= {animationDelay: 330ms}  ... > 
  at <HomeView onVnodeUnmounted=fn<onVnodeUnmounted> ref=Ref< Proxy(Object) > > 
  at <RouterView > 
  at <App> @ http://localhost:5173/node_modules/.vite/deps/vue.runtime.esm-bundler-CMLZRQMs.js?v=ce0e8271:1752
[  518146ms] [WARNING] [Vue warn]: Component provided template option but runtime compilation is not supported in this build of Vue. Configure your bundler to alias "vue" to "vue/dist/vue.esm-bundler.js". 
  at <Anonymous size=14 > 
  at <RepoCard key=495 repo= {id: 495, full_name: MODSetter/SurfSense, owner: MODSetter, repo_name: SurfSense, name_zh: null} style= {animationDelay: 300ms}  ... > 
  at <HomeView onVnodeUnmounted=fn<onVnodeUnmounted> ref=Ref< Proxy(Object) > > 
  at <RouterView > 
  at <App> @ http://localhost:5173/node_modules/.vite/deps/vue.runtime.esm-bundler-CMLZRQMs.js?v=ce0e8271:1752
[  518146ms] [WARNING] [Vue warn]: Component provided template option but runtime compilation is not supported in this build of Vue. Configure your bundler to alias "vue" to "vue/dist/vue.esm-bundler.js". 
  at <Anonymous size=14 > 
  at <RepoCard key=464 repo= {id: 464, full_name: wonderwhy-er/DesktopCommanderMCP, owner: wonderwhy-er, repo_name: DesktopCommanderMCP, name_zh: null} style= {animationDelay: 270ms}  ... > 
  at <HomeView onVnodeUnmounted=fn<onVnodeUnmounted> ref=Ref< Proxy(Object) > > 
  at <RouterView > 
  at <App> @ http://localhost:5173/node_modules/.vite/deps/vue.runtime.esm-bundler-CMLZRQMs.js?v=ce0e8271:1752
[  518147ms] [WARNING] [Vue warn]: Component provided template option but runtime compilation is not supported in this build of Vue. Configure your bundler to alias "vue" to "vue/dist/vue.esm-bundler.js". 
  at <Anonymous size=14 > 
  at <RepoCard key=530 repo= {id: 530, full_name: yzhao062/pyod, owner: yzhao062, repo_name: pyod, name_zh: null} style= {animationDelay: 240ms}  ... > 
  at <HomeView onVnodeUnmounted=fn<onVnodeUnmounted> ref=Ref< Proxy(Object) > > 
  at <RouterView > 
  at <App> @ http://localhost:5173/node_modules/.vite/deps/vue.runtime.esm-bundler-CMLZRQMs.js?v=ce0e8271:1752
[  518147ms] [WARNING] [Vue warn]: Component provided template option but runtime compilation is not supported in this build of Vue. Configure your bundler to alias "vue" to "vue/dist/vue.esm-bundler.js". 
  at <Anonymous size=14 > 
  at <RepoCard key=494 repo= {id: 494, full_name: GaiZhenbiao/ChuanhuChatGPT, owner: GaiZhenbiao, repo_name: ChuanhuChatGPT, name_zh: null} style= {animationDelay: 210ms}  ... > 
  at <HomeView onVnodeUnmounted=fn<onVnodeUnmounted> ref=Ref< Proxy(Object) > > 
  at <RouterView > 
  at <App> @ http://localhost:5173/node_modules/.vite/deps/vue.runtime.esm-bundler-CMLZRQMs.js?v=ce0e8271:1752
[  518148ms] [WARNING] [Vue warn]: Component provided template option but runtime compilation is not supported in this build of Vue. Configure your bundler to alias "vue" to "vue/dist/vue.esm-bundler.js". 
  at <Anonymous size=14 > 
  at <RepoCard key=531 repo= {id: 531, full_name: apache/seatunnel, owner: apache, repo_name: seatunnel, name_zh: null} style= {animationDelay: 180ms}  ... > 
  at <HomeView onVnodeUnmounted=fn<onVnodeUnmounted> ref=Ref< Proxy(Object) > > 
  at <RouterView > 
  at <App> @ http://localhost:5173/node_modules/.vite/deps/vue.runtime.esm-bundler-CMLZRQMs.js?v=ce0e8271:1752
[  518148ms] [WARNING] [Vue warn]: Component provided template option but runtime compilation is not supported in this build of Vue. Configure your bundler to alias "vue" to "vue/dist/vue.esm-bundler.js". 
  at <Anonymous size=14 > 
  at <RepoCard key=532 repo= {id: 532, full_name: activeloopai/deeplake, owner: activeloopai, repo_name: deeplake, name_zh: null} style= {animationDelay: 150ms}  ... > 
  at <HomeView onVnodeUnmounted=fn<onVnodeUnmounted> ref=Ref< Proxy(Object) > > 
  at <RouterView > 
  at <App> @ http://localhost:5173/node_modules/.vite/deps/vue.runtime.esm-bundler-CMLZRQMs.js?v=ce0e8271:1752
[  518149ms] [WARNING] [Vue warn]: Component provided template option but runtime compilation is not supported in this build of Vue. Configure your bundler to alias "vue" to "vue/dist/vue.esm-bundler.js". 
  at <Anonymous size=14 > 
  at <RepoCard key=533 repo= {id: 533, full_name: X-PLUG/MobileAgent, owner: X-PLUG, repo_name: MobileAgent, name_zh: null} style= {animationDelay: 120ms}  ... > 
  at <HomeView onVnodeUnmounted=fn<onVnodeUnmounted> ref=Ref< Proxy(Object) > > 
  at <RouterView > 
  at <App> @ http://localhost:5173/node_modules/.vite/deps/vue.runtime.esm-bundler-CMLZRQMs.js?v=ce0e8271:1752
[  518149ms] [WARNING] [Vue warn]: Component provided template option but runtime compilation is not supported in this build of Vue. Configure your bundler to alias "vue" to "vue/dist/vue.esm-bundler.js". 
  at <Anonymous size=14 > 
  at <RepoCard key=458 repo= {id: 458, full_name: princeton-nlp/SimPO, owner: princeton-nlp, repo_name: SimPO, name_zh: null} style= {animationDelay: 90ms}  ... > 
  at <HomeView onVnodeUnmounted=fn<onVnodeUnmounted> ref=Ref< Proxy(Object) > > 
  at <RouterView > 
  at <App> @ http://localhost:5173/node_modules/.vite/deps/vue.runtime.esm-bundler-CMLZRQMs.js?v=ce0e8271:1752
[  518149ms] [WARNING] [Vue warn]: Component provided template option but runtime compilation is not supported in this build of Vue. Configure your bundler to alias "vue" to "vue/dist/vue.esm-bundler.js". 
  at <Anonymous size=14 > 
  at <RepoCard key=493 repo= {id: 493, full_name: langbot-app/LangBot, owner: langbot-app, repo_name: LangBot, name_zh: null} style= {animationDelay: 60ms}  ... > 
  at <HomeView onVnodeUnmounted=fn<onVnodeUnmounted> ref=Ref< Proxy(Object) > > 
  at <RouterView > 
  at <App> @ http://localhost:5173/node_modules/.vite/deps/vue.runtime.esm-bundler-CMLZRQMs.js?v=ce0e8271:1752
[  518150ms] [WARNING] [Vue warn]: Component provided template option but runtime compilation is not supported in this build of Vue. Configure your bundler to alias "vue" to "vue/dist/vue.esm-bundler.js". 
  at <Anonymous size=14 > 
  at <RepoCard key=534 repo= {id: 534, full_name: bentoml/BentoML, owner: bentoml, repo_name: BentoML, name_zh: null} style= {animationDelay: 30ms}  ... > 
  at <HomeView onVnodeUnmounted=fn<onVnodeUnmounted> ref=Ref< Proxy(Object) > > 
  at <RouterView > 
  at <App> @ http://localhost:5173/node_modules/.vite/deps/vue.runtime.esm-bundler-CMLZRQMs.js?v=ce0e8271:1752
[  518150ms] [WARNING] [Vue warn]: Component provided template option but runtime compilation is not supported in this build of Vue. Configure your bundler to alias "vue" to "vue/dist/vue.esm-bundler.js". 
  at <Anonymous size=14 > 
  at <RepoCard key=468 repo= {id: 468, full_name: gptme/gptme, owner: gptme, repo_name: gptme, name_zh: null} style= {animationDelay: 0ms}  ... > 
  at <HomeView onVnodeUnmounted=fn<onVnodeUnmounted> ref=Ref< Proxy(Object) > > 
  at <RouterView > 
  at <App> @ http://localhost:5173/node_modules/.vite/deps/vue.runtime.esm-bundler-CMLZRQMs.js?v=ce0e8271:1752
[  529813ms] [WARNING] [Vue warn]: Component provided template option but runtime compilation is not supported in this build of Vue. Configure your bundler to alias "vue" to "vue/dist/vue.esm-bundler.js". 
  at <Anonymous size=14 > 
  at <RepoCard key=259 repo= {id: 259, full_name: hiyouga/ChatGLM-Efficient-Tuning, owner: hiyouga, repo_name: ChatGLM-Efficient-Tuning, name_zh: null} style= {animationDelay: 570ms}  ... > 
  at <HomeView onVnodeUnmounted=fn<onVnodeUnmounted> ref=Ref< Proxy(Object) > > 
  at <RouterView > 
  at <App> @ http://localhost:5173/node_modules/.vite/deps/vue.runtime.esm-bundler-CMLZRQMs.js?v=ce0e8271:1752
[  529814ms] [WARNING] [Vue warn]: Component provided template option but runtime compilation is not supported in this build of Vue. Configure your bundler to alias "vue" to "vue/dist/vue.esm-bundler.js". 
  at <Anonymous size=14 > 
  at <RepoCard key=258 repo= {id: 258, full_name: predibase/lorax, owner: predibase, repo_name: lorax, name_zh: null} style= {animationDelay: 540ms}  ... > 
  at <HomeView onVnodeUnmounted=fn<onVnodeUnmounted> ref=Ref< Proxy(Object) > > 
  at <RouterView > 
  at <App> @ http://localhost:5173/node_modules/.vite/deps/vue.runtime.esm-bundler-CMLZRQMs.js?v=ce0e8271:1752
[  529814ms] [WARNING] [Vue warn]: Component provided template option but runtime compilation is not supported in this build of Vue. Configure your bundler to alias "vue" to "vue/dist/vue.esm-bundler.js". 
  at <Anonymous size=14 > 
  at <RepoCard key=252 repo= {id: 252, full_name: h2oai/h2o-llmstudio, owner: h2oai, repo_name: h2o-llmstudio, name_zh: null} style= {animationDelay: 510ms}  ... > 
  at <HomeView onVnodeUnmounted=fn<onVnodeUnmounted> ref=Ref< Proxy(Object) > > 
  at <RouterView > 
  at <App> @ http://localhost:5173/node_modules/.vite/deps/vue.runtime.esm-bundler-CMLZRQMs.js?v=ce0e8271:1752
[  529815ms] [WARNING] [Vue warn]: Component provided template option but runtime compilation is not supported in this build of Vue. Configure your bundler to alias "vue" to "vue/dist/vue.esm-bundler.js". 
  at <Anonymous size=14 > 
  at <RepoCard key=249 repo= {id: 249, full_name: oumi-ai/oumi, owner: oumi-ai, repo_name: oumi, name_zh: null} style= {animationDelay: 480ms}  ... > 
  at <HomeView onVnodeUnmounted=fn<onVnodeUnmounted> ref=Ref< Proxy(Object) > > 
  at <RouterView > 
  at <App> @ http://localhost:5173/node_modules/.vite/deps/vue.runtime.esm-bundler-CMLZRQMs.js?v=ce0e8271:1752
[  529815ms] [WARNING] [Vue warn]: Component provided template option but runtime compilation is not supported in this build of Vue. Configure your bundler to alias "vue" to "vue/dist/vue.esm-bundler.js". 
  at <Anonymous size=14 > 
  at <RepoCard key=246 repo= {id: 246, full_name: bentoml/OpenLLM, owner: bentoml, repo_name: OpenLLM, name_zh: null} style= {animationDelay: 450ms}  ... > 
  at <HomeView onVnodeUnmounted=fn<onVnodeUnmounted> ref=Ref< Proxy(Object) > > 
  at <RouterView > 
  at <App> @ http://localhost:5173/node_modules/.vite/deps/vue.runtime.esm-bundler-CMLZRQMs.js?v=ce0e8271:1752
[  529815ms] [WARNING] [Vue warn]: Component provided template option but runtime compilation is not supported in this build of Vue. Configure your bundler to alias "vue" to "vue/dist/vue.esm-bundler.js". 
  at <Anonymous size=14 > 
  at <RepoCard key=244 repo= {id: 244, full_name: FunAudioLLM/CosyVoice, owner: FunAudioLLM, repo_name: CosyVoice, name_zh: null} style= {animationDelay: 420ms}  ... > 
  at <HomeView onVnodeUnmounted=fn<onVnodeUnmounted> ref=Ref< Proxy(Object) > > 
  at <RouterView > 
  at <App> @ http://localhost:5173/node_modules/.vite/deps/vue.runtime.esm-bundler-CMLZRQMs.js?v=ce0e8271:1752
[  529816ms] [WARNING] [Vue warn]: Component provided template option but runtime compilation is not supported in this build of Vue. Configure your bundler to alias "vue" to "vue/dist/vue.esm-bundler.js". 
  at <Anonymous size=14 > 
  at <RepoCard key=243 repo= {id: 243, full_name: huggingface/peft, owner: huggingface, repo_name: peft, name_zh: null} style= {animationDelay: 390ms}  ... > 
  at <HomeView onVnodeUnmounted=fn<onVnodeUnmounted> ref=Ref< Proxy(Object) > > 
  at <RouterView > 
  at <App> @ http://localhost:5173/node_modules/.vite/deps/vue.runtime.esm-bundler-CMLZRQMs.js?v=ce0e8271:1752
[  529816ms] [WARNING] [Vue warn]: Component provided template option but runtime compilation is not supported in this build of Vue. Configure your bundler to alias "vue" to "vue/dist/vue.esm-bundler.js". 
  at <Anonymous size=14 > 
  at <RepoCard key=228 repo= {id: 228, full_name: promptslab/Awesome-Prompt-Engineering, owner: promptslab, repo_name: Awesome-Prompt-Engineering, name_zh: null} style= {animationDelay: 360ms}  ... > 
  at <HomeView onVnodeUnmounted=fn<onVnodeUnmounted> ref=Ref< Proxy(Object) > > 
  at <RouterView > 
  at <App> @ http://localhost:5173/node_modules/.vite/deps/vue.runtime.esm-bundler-CMLZRQMs.js?v=ce0e8271:1752
[  529817ms] [WARNING] [Vue warn]: Component provided template option but runtime compilation is not supported in this build of Vue. Configure your bundler to alias "vue" to "vue/dist/vue.esm-bundler.js". 
  at <Anonymous size=14 > 
  at <RepoCard key=218 repo= {id: 218, full_name: YouMind-OpenLab/awesome-nano-banana-pro-prompts, owner: YouMind-OpenLab, repo_name: awesome-nano-banana-pro-prompts, name_zh: null} style= {animationDelay: 330ms}  ... > 
  at <HomeView onVnodeUnmounted=fn<onVnodeUnmounted> ref=Ref< Proxy(Object) > > 
  at <RouterView > 
  at <App> @ http://localhost:5173/node_modules/.vite/deps/vue.runtime.esm-bundler-CMLZRQMs.js?v=ce0e8271:1752
[  529817ms] [WARNING] [Vue warn]: Component provided template option but runtime compilation is not supported in this build of Vue. Configure your bundler to alias "vue" to "vue/dist/vue.esm-bundler.js". 
  at <Anonymous size=14 > 
  at <RepoCard key=203 repo= {id: 203, full_name: openvinotoolkit/openvino, owner: openvinotoolkit, repo_name: openvino, name_zh: null} style= {animationDelay: 300ms}  ... > 
  at <HomeView onVnodeUnmounted=fn<onVnodeUnmounted> ref=Ref< Proxy(Object) > > 
  at <RouterView > 
  at <App> @ http://localhost:5173/node_modules/.vite/deps/vue.runtime.esm-bundler-CMLZRQMs.js?v=ce0e8271:1752
[  529818ms] [WARNING] [Vue warn]: Component provided template option but runtime compilation is not supported in this build of Vue. Configure your bundler to alias "vue" to "vue/dist/vue.esm-bundler.js". 
  at <Anonymous size=14 > 
  at <RepoCard key=196 repo= {id: 196, full_name: huggingface/diffusers, owner: huggingface, repo_name: diffusers, name_zh: null} style= {animationDelay: 270ms}  ... > 
  at <HomeView onVnodeUnmounted=fn<onVnodeUnmounted> ref=Ref< Proxy(Object) > > 
  at <RouterView > 
  at <App> @ http://localhost:5173/node_modules/.vite/deps/vue.runtime.esm-bundler-CMLZRQMs.js?v=ce0e8271:1752
[  529818ms] [WARNING] [Vue warn]: Component provided template option but runtime compilation is not supported in this build of Vue. Configure your bundler to alias "vue" to "vue/dist/vue.esm-bundler.js". 
  at <Anonymous size=14 > 
  at <RepoCard key=75 repo= {id: 75, full_name: ggml-org/whisper.cpp, owner: ggml-org, repo_name: whisper.cpp, name_zh: null} style= {animationDelay: 240ms}  ... > 
  at <HomeView onVnodeUnmounted=fn<onVnodeUnmounted> ref=Ref< Proxy(Object) > > 
  at <RouterView > 
  at <App> @ http://localhost:5173/node_modules/.vite/deps/vue.runtime.esm-bundler-CMLZRQMs.js?v=ce0e8271:1752
[  529818ms] [WARNING] [Vue warn]: Component provided template option but runtime compilation is not supported in this build of Vue. Configure your bundler to alias "vue" to "vue/dist/vue.esm-bundler.js". 
  at <Anonymous size=14 > 
  at <RepoCard key=63 repo= {id: 63, full_name: ChatGPTNextWeb/NextChat, owner: ChatGPTNextWeb, repo_name: NextChat, name_zh: null} style= {animationDelay: 210ms}  ... > 
  at <HomeView onVnodeUnmounted=fn<onVnodeUnmounted> ref=Ref< Proxy(Object) > > 
  at <RouterView > 
  at <App> @ http://localhost:5173/node_modules/.vite/deps/vue.runtime.esm-bundler-CMLZRQMs.js?v=ce0e8271:1752
[  529819ms] [WARNING] [Vue warn]: Component provided template option but runtime compilation is not supported in this build of Vue. Configure your bundler to alias "vue" to "vue/dist/vue.esm-bundler.js". 
  at <Anonymous size=14 > 
  at <RepoCard key=56 repo= {id: 56, full_name: chatboxai/chatbox, owner: chatboxai, repo_name: chatbox, name_zh: null} style= {animationDelay: 180ms}  ... > 
  at <HomeView onVnodeUnmounted=fn<onVnodeUnmounted> ref=Ref< Proxy(Object) > > 
  at <RouterView > 
  at <App> @ http://localhost:5173/node_modules/.vite/deps/vue.runtime.esm-bundler-CMLZRQMs.js?v=ce0e8271:1752
[  529819ms] [WARNING] [Vue warn]: Component provided template option but runtime compilation is not supported in this build of Vue. Configure your bundler to alias "vue" to "vue/dist/vue.esm-bundler.js". 
  at <Anonymous size=14 > 
  at <RepoCard key=43 repo= {id: 43, full_name: InternLM/InternLM-XComposer, owner: InternLM, repo_name: InternLM-XComposer, name_zh: null} style= {animationDelay: 150ms}  ... > 
  at <HomeView onVnodeUnmounted=fn<onVnodeUnmounted> ref=Ref< Proxy(Object) > > 
  at <RouterView > 
  at <App> @ http://localhost:5173/node_modules/.vite/deps/vue.runtime.esm-bundler-CMLZRQMs.js?v=ce0e8271:1752
[  529820ms] [WARNING] [Vue warn]: Component provided template option but runtime compilation is not supported in this build of Vue. Configure your bundler to alias "vue" to "vue/dist/vue.esm-bundler.js". 
  at <Anonymous size=14 > 
  at <RepoCard key=41 repo= {id: 41, full_name: verazuo/jailbreak_llms, owner: verazuo, repo_name: jailbreak_llms, name_zh: null} style= {animationDelay: 120ms}  ... > 
  at <HomeView onVnodeUnmounted=fn<onVnodeUnmounted> ref=Ref< Proxy(Object) > > 
  at <RouterView > 
  at <App> @ http://localhost:5173/node_modules/.vite/deps/vue.runtime.esm-bundler-CMLZRQMs.js?v=ce0e8271:1752
[  529820ms] [WARNING] [Vue warn]: Component provided template option but runtime compilation is not supported in this build of Vue. Configure your bundler to alias "vue" to "vue/dist/vue.esm-bundler.js". 
  at <Anonymous size=14 > 
  at <RepoCard key=37 repo= {id: 37, full_name: open-compass/opencompass, owner: open-compass, repo_name: opencompass, name_zh: null} style= {animationDelay: 90ms}  ... > 
  at <HomeView onVnodeUnmounted=fn<onVnodeUnmounted> ref=Ref< Proxy(Object) > > 
  at <RouterView > 
  at <App> @ http://localhost:5173/node_modules/.vite/deps/vue.runtime.esm-bundler-CMLZRQMs.js?v=ce0e8271:1752
[  529820ms] [WARNING] [Vue warn]: Component provided template option but runtime compilation is not supported in this build of Vue. Configure your bundler to alias "vue" to "vue/dist/vue.esm-bundler.js". 
  at <Anonymous size=14 > 
  at <RepoCard key=36 repo= {id: 36, full_name: InternLM/InternLM, owner: InternLM, repo_name: InternLM, name_zh: null} style= {animationDelay: 60ms}  ... > 
  at <HomeView onVnodeUnmounted=fn<onVnodeUnmounted> ref=Ref< Proxy(Object) > > 
  at <RouterView > 
  at <App> @ http://localhost:5173/node_modules/.vite/deps/vue.runtime.esm-bundler-CMLZRQMs.js?v=ce0e8271:1752
[  529821ms] [WARNING] [Vue warn]: Component provided template option but runtime compilation is not supported in this build of Vue. Configure your bundler to alias "vue" to "vue/dist/vue.esm-bundler.js". 
  at <Anonymous size=14 > 
  at <RepoCard key=16 repo= {id: 16, full_name: huggingface/transformers, owner: huggingface, repo_name: transformers, name_zh: null} style= {animationDelay: 30ms}  ... > 
  at <HomeView onVnodeUnmounted=fn<onVnodeUnmounted> ref=Ref< Proxy(Object) > > 
  at <RouterView > 
  at <App> @ http://localhost:5173/node_modules/.vite/deps/vue.runtime.esm-bundler-CMLZRQMs.js?v=ce0e8271:1752
[  529821ms] [WARNING] [Vue warn]: Component provided template option but runtime compilation is not supported in this build of Vue. Configure your bundler to alias "vue" to "vue/dist/vue.esm-bundler.js". 
  at <Anonymous size=14 > 
  at <RepoCard key=3 repo= {id: 3, full_name: decolua/9router, owner: decolua, repo_name: 9router, name_zh: null} style= {animationDelay: 0ms}  ... > 
  at <HomeView onVnodeUnmounted=fn<onVnodeUnmounted> ref=Ref< Proxy(Object) > > 
  at <RouterView > 
  at <App> @ http://localhost:5173/node_modules/.vite/deps/vue.runtime.esm-bundler-CMLZRQMs.js?v=ce0e8271:1752
[  530939ms] [WARNING] [Vue warn]: Component provided template option but runtime compilation is not supported in this build of Vue. Configure your bundler to alias "vue" to "vue/dist/vue.esm-bundler.js". 
  at <Anonymous size=14 > 
  at <RepoCard key=505 repo= {id: 505, full_name: katanaml/sparrow, owner: katanaml, repo_name: sparrow, name_zh: null} style= {animationDelay: 570ms}  ... > 
  at <HomeView onVnodeUnmounted=fn<onVnodeUnmounted> ref=Ref< Proxy(Object) > > 
  at <RouterView > 
  at <App> @ http://localhost:5173/node_modules/.vite/deps/vue.runtime.esm-bundler-CMLZRQMs.js?v=ce0e8271:1752
[  530940ms] [WARNING] [Vue warn]: Component provided template option but runtime compilation is not supported in this build of Vue. Configure your bundler to alias "vue" to "vue/dist/vue.esm-bundler.js". 
  at <Anonymous size=14 > 
  at <RepoCard key=499 repo= {id: 499, full_name: xorbitsai/inference, owner: xorbitsai, repo_name: inference, name_zh: null} style= {animationDelay: 540ms}  ... > 
  at <HomeView onVnodeUnmounted=fn<onVnodeUnmounted> ref=Ref< Proxy(Object) > > 
  at <RouterView > 
  at <App> @ http://localhost:5173/node_modules/.vite/deps/vue.runtime.esm-bundler-CMLZRQMs.js?v=ce0e8271:1752
[  530940ms] [WARNING] [Vue warn]: Component provided template option but runtime compilation is not supported in this build of Vue. Configure your bundler to alias "vue" to "vue/dist/vue.esm-bundler.js". 
  at <Anonymous size=14 > 
  at <RepoCard key=498 repo= {id: 498, full_name: OpenRLHF/OpenRLHF, owner: OpenRLHF, repo_name: OpenRLHF, name_zh: null} style= {animationDelay: 510ms}  ... > 
  at <HomeView onVnodeUnmounted=fn<onVnodeUnmounted> ref=Ref< Proxy(Object) > > 
  at <RouterView > 
  at <App> @ http://localhost:5173/node_modules/.vite/deps/vue.runtime.esm-bundler-CMLZRQMs.js?v=ce0e8271:1752
[  530941ms] [WARNING] [Vue warn]: Component provided template option but runtime compilation is not supported in this build of Vue. Configure your bundler to alias "vue" to "vue/dist/vue.esm-bundler.js". 
  at <Anonymous size=14 > 
  at <RepoCard key=510 repo= {id: 510, full_name: apconw/Aix-DB, owner: apconw, repo_name: Aix-DB, name_zh: null} style= {animationDelay: 480ms}  ... > 
  at <HomeView onVnodeUnmounted=fn<onVnodeUnmounted> ref=Ref< Proxy(Object) > > 
  at <RouterView > 
  at <App> @ http://localhost:5173/node_modules/.vite/deps/vue.runtime.esm-bundler-CMLZRQMs.js?v=ce0e8271:1752
[  530941ms] [WARNING] [Vue warn]: Component provided template option but runtime compilation is not supported in this build of Vue. Configure your bundler to alias "vue" to "vue/dist/vue.esm-bundler.js". 
  at <Anonymous size=14 > 
  at <RepoCard key=527 repo= {id: 527, full_name: jina-ai/serve, owner: jina-ai, repo_name: serve, name_zh: null} style= {animationDelay: 450ms}  ... > 
  at <HomeView onVnodeUnmounted=fn<onVnodeUnmounted> ref=Ref< Proxy(Object) > > 
  at <RouterView > 
  at <App> @ http://localhost:5173/node_modules/.vite/deps/vue.runtime.esm-bundler-CMLZRQMs.js?v=ce0e8271:1752
[  530942ms] [WARNING] [Vue warn]: Component provided template option but runtime compilation is not supported in this build of Vue. Configure your bundler to alias "vue" to "vue/dist/vue.esm-bundler.js". 
  at <Anonymous size=14 > 
  at <RepoCard key=511 repo= {id: 511, full_name: vllm-project/vllm-ascend, owner: vllm-project, repo_name: vllm-ascend, name_zh: null} style= {animationDelay: 420ms}  ... > 
  at <HomeView onVnodeUnmounted=fn<onVnodeUnmounted> ref=Ref< Proxy(Object) > > 
  at <RouterView > 
  at <App> @ http://localhost:5173/node_modules/.vite/deps/vue.runtime.esm-bundler-CMLZRQMs.js?v=ce0e8271:1752
[  530942ms] [WARNING] [Vue warn]: Component provided template option but runtime compilation is not supported in this build of Vue. Configure your bundler to alias "vue" to "vue/dist/vue.esm-bundler.js". 
  at <Anonymous size=14 > 
  at <RepoCard key=481 repo= {id: 481, full_name: repowise-dev/claude-code-prompts, owner: repowise-dev, repo_name: claude-code-prompts, name_zh: null} style= {animationDelay: 390ms}  ... > 
  at <HomeView onVnodeUnmounted=fn<onVnodeUnmounted> ref=Ref< Proxy(Object) > > 
  at <RouterView > 
  at <App> @ http://localhost:5173/node_modules/.vite/deps/vue.runtime.esm-bundler-CMLZRQMs.js?v=ce0e8271:1752
[  530942ms] [WARNING] [Vue warn]: Component provided template option but runtime compilation is not supported in this build of Vue. Configure your bundler to alias "vue" to "vue/dist/vue.esm-bundler.js". 
  at <Anonymous size=14 > 
  at <RepoCard key=528 repo= {id: 528, full_name: screenpipe/screenpipe, owner: screenpipe, repo_name: screenpipe, name_zh: null} style= {animationDelay: 360ms}  ... > 
  at <HomeView onVnodeUnmounted=fn<onVnodeUnmounted> ref=Ref< Proxy(Object) > > 
  at <RouterView > 
  at <App> @ http://localhost:5173/node_modules/.vite/deps/vue.runtime.esm-bundler-CMLZRQMs.js?v=ce0e8271:1752
[  530943ms] [WARNING] [Vue warn]: Component provided template option but runtime compilation is not supported in this build of Vue. Configure your bundler to alias "vue" to "vue/dist/vue.esm-bundler.js". 
  at <Anonymous size=14 > 
  at <RepoCard key=529 repo= {id: 529, full_name: deepseek-ai/Janus, owner: deepseek-ai, repo_name: Janus, name_zh: null} style= {animationDelay: 330ms}  ... > 
  at <HomeView onVnodeUnmounted=fn<onVnodeUnmounted> ref=Ref< Proxy(Object) > > 
  at <RouterView > 
  at <App> @ http://localhost:5173/node_modules/.vite/deps/vue.runtime.esm-bundler-CMLZRQMs.js?v=ce0e8271:1752
[  530943ms] [WARNING] [Vue warn]: Component provided template option but runtime compilation is not supported in this build of Vue. Configure your bundler to alias "vue" to "vue/dist/vue.esm-bundler.js". 
  at <Anonymous size=14 > 
  at <RepoCard key=495 repo= {id: 495, full_name: MODSetter/SurfSense, owner: MODSetter, repo_name: SurfSense, name_zh: null} style= {animationDelay: 300ms}  ... > 
  at <HomeView onVnodeUnmounted=fn<onVnodeUnmounted> ref=Ref< Proxy(Object) > > 
  at <RouterView > 
  at <App> @ http://localhost:5173/node_modules/.vite/deps/vue.runtime.esm-bundler-CMLZRQMs.js?v=ce0e8271:1752
[  530943ms] [WARNING] [Vue warn]: Component provided template option but runtime compilation is not supported in this build of Vue. Configure your bundler to alias "vue" to "vue/dist/vue.esm-bundler.js". 
  at <Anonymous size=14 > 
  at <RepoCard key=464 repo= {id: 464, full_name: wonderwhy-er/DesktopCommanderMCP, owner: wonderwhy-er, repo_name: DesktopCommanderMCP, name_zh: null} style= {animationDelay: 270ms}  ... > 
  at <HomeView onVnodeUnmounted=fn<onVnodeUnmounted> ref=Ref< Proxy(Object) > > 
  at <RouterView > 
  at <App> @ http://localhost:5173/node_modules/.vite/deps/vue.runtime.esm-bundler-CMLZRQMs.js?v=ce0e8271:1752
[  530944ms] [WARNING] [Vue warn]: Component provided template option but runtime compilation is not supported in this build of Vue. Configure your bundler to alias "vue" to "vue/dist/vue.esm-bundler.js". 
  at <Anonymous size=14 > 
  at <RepoCard key=530 repo= {id: 530, full_name: yzhao062/pyod, owner: yzhao062, repo_name: pyod, name_zh: null} style= {animationDelay: 240ms}  ... > 
  at <HomeView onVnodeUnmounted=fn<onVnodeUnmounted> ref=Ref< Proxy(Object) > > 
  at <RouterView > 
  at <App> @ http://localhost:5173/node_modules/.vite/deps/vue.runtime.esm-bundler-CMLZRQMs.js?v=ce0e8271:1752
[  530944ms] [WARNING] [Vue warn]: Component provided template option but runtime compilation is not supported in this build of Vue. Configure your bundler to alias "vue" to "vue/dist/vue.esm-bundler.js". 
  at <Anonymous size=14 > 
  at <RepoCard key=494 repo= {id: 494, full_name: GaiZhenbiao/ChuanhuChatGPT, owner: GaiZhenbiao, repo_name: ChuanhuChatGPT, name_zh: null} style= {animationDelay: 210ms}  ... > 
  at <HomeView onVnodeUnmounted=fn<onVnodeUnmounted> ref=Ref< Proxy(Object) > > 
  at <RouterView > 
  at <App> @ http://localhost:5173/node_modules/.vite/deps/vue.runtime.esm-bundler-CMLZRQMs.js?v=ce0e8271:1752
[  530944ms] [WARNING] [Vue warn]: Component provided template option but runtime compilation is not supported in this build of Vue. Configure your bundler to alias "vue" to "vue/dist/vue.esm-bundler.js". 
  at <Anonymous size=14 > 
  at <RepoCard key=531 repo= {id: 531, full_name: apache/seatunnel, owner: apache, repo_name: seatunnel, name_zh: null} style= {animationDelay: 180ms}  ... > 
  at <HomeView onVnodeUnmounted=fn<onVnodeUnmounted> ref=Ref< Proxy(Object) > > 
  at <RouterView > 
  at <App> @ http://localhost:5173/node_modules/.vite/deps/vue.runtime.esm-bundler-CMLZRQMs.js?v=ce0e8271:1752
[  530945ms] [WARNING] [Vue warn]: Component provided template option but runtime compilation is not supported in this build of Vue. Configure your bundler to alias "vue" to "vue/dist/vue.esm-bundler.js". 
  at <Anonymous size=14 > 
  at <RepoCard key=532 repo= {id: 532, full_name: activeloopai/deeplake, owner: activeloopai, repo_name: deeplake, name_zh: null} style= {animationDelay: 150ms}  ... > 
  at <HomeView onVnodeUnmounted=fn<onVnodeUnmounted> ref=Ref< Proxy(Object) > > 
  at <RouterView > 
  at <App> @ http://localhost:5173/node_modules/.vite/deps/vue.runtime.esm-bundler-CMLZRQMs.js?v=ce0e8271:1752
[  530946ms] [WARNING] [Vue warn]: Component provided template option but runtime compilation is not supported in this build of Vue. Configure your bundler to alias "vue" to "vue/dist/vue.esm-bundler.js". 
  at <Anonymous size=14 > 
  at <RepoCard key=533 repo= {id: 533, full_name: X-PLUG/MobileAgent, owner: X-PLUG, repo_name: MobileAgent, name_zh: null} style= {animationDelay: 120ms}  ... > 
  at <HomeView onVnodeUnmounted=fn<onVnodeUnmounted> ref=Ref< Proxy(Object) > > 
  at <RouterView > 
  at <App> @ http://localhost:5173/node_modules/.vite/deps/vue.runtime.esm-bundler-CMLZRQMs.js?v=ce0e8271:1752
[  530946ms] [WARNING] [Vue warn]: Component provided template option but runtime compilation is not supported in this build of Vue. Configure your bundler to alias "vue" to "vue/dist/vue.esm-bundler.js". 
  at <Anonymous size=14 > 
  at <RepoCard key=458 repo= {id: 458, full_name: princeton-nlp/SimPO, owner: princeton-nlp, repo_name: SimPO, name_zh: null} style= {animationDelay: 90ms}  ... > 
  at <HomeView onVnodeUnmounted=fn<onVnodeUnmounted> ref=Ref< Proxy(Object) > > 
  at <RouterView > 
  at <App> @ http://localhost:5173/node_modules/.vite/deps/vue.runtime.esm-bundler-CMLZRQMs.js?v=ce0e8271:1752
[  530946ms] [WARNING] [Vue warn]: Component provided template option but runtime compilation is not supported in this build of Vue. Configure your bundler to alias "vue" to "vue/dist/vue.esm-bundler.js". 
  at <Anonymous size=14 > 
  at <RepoCard key=493 repo= {id: 493, full_name: langbot-app/LangBot, owner: langbot-app, repo_name: LangBot, name_zh: null} style= {animationDelay: 60ms}  ... > 
  at <HomeView onVnodeUnmounted=fn<onVnodeUnmounted> ref=Ref< Proxy(Object) > > 
  at <RouterView > 
  at <App> @ http://localhost:5173/node_modules/.vite/deps/vue.runtime.esm-bundler-CMLZRQMs.js?v=ce0e8271:1752
[  530947ms] [WARNING] [Vue warn]: Component provided template option but runtime compilation is not supported in this build of Vue. Configure your bundler to alias "vue" to "vue/dist/vue.esm-bundler.js". 
  at <Anonymous size=14 > 
  at <RepoCard key=534 repo= {id: 534, full_name: bentoml/BentoML, owner: bentoml, repo_name: BentoML, name_zh: null} style= {animationDelay: 30ms}  ... > 
  at <HomeView onVnodeUnmounted=fn<onVnodeUnmounted> ref=Ref< Proxy(Object) > > 
  at <RouterView > 
  at <App> @ http://localhost:5173/node_modules/.vite/deps/vue.runtime.esm-bundler-CMLZRQMs.js?v=ce0e8271:1752
[  530947ms] [WARNING] [Vue warn]: Component provided template option but runtime compilation is not supported in this build of Vue. Configure your bundler to alias "vue" to "vue/dist/vue.esm-bundler.js". 
  at <Anonymous size=14 > 
  at <RepoCard key=468 repo= {id: 468, full_name: gptme/gptme, owner: gptme, repo_name: gptme, name_zh: null} style= {animationDelay: 0ms}  ... > 
  at <HomeView onVnodeUnmounted=fn<onVnodeUnmounted> ref=Ref< Proxy(Object) > > 
  at <RouterView > 
  at <App> @ http://localhost:5173/node_modules/.vite/deps/vue.runtime.esm-bundler-CMLZRQMs.js?v=ce0e8271:1752
[  584037ms] [LOG] [vite] server connection lost. Polling for restart... @ http://localhost:5173/@vite/client:968
